/*M!999999\- enable the sandbox mode */ 
-- MariaDB dump 10.19-11.4.3-MariaDB, for Win64 (AMD64)
--
-- Host: 3.107.184.114    Database: jgv
-- ------------------------------------------------------
-- Server version	10.11.8-MariaDB-0ubuntu0.24.04.1

/*!40101 SET @OLD_CHARACTER_SET_CLIENT=@@CHARACTER_SET_CLIENT */;
/*!40101 SET @OLD_CHARACTER_SET_RESULTS=@@CHARACTER_SET_RESULTS */;
/*!40101 SET @OLD_COLLATION_CONNECTION=@@COLLATION_CONNECTION */;
/*!40101 SET NAMES utf8mb4 */;
/*!40103 SET @OLD_TIME_ZONE=@@TIME_ZONE */;
/*!40103 SET TIME_ZONE='+00:00' */;
/*!40014 SET @OLD_UNIQUE_CHECKS=@@UNIQUE_CHECKS, UNIQUE_CHECKS=0 */;
/*!40014 SET @OLD_FOREIGN_KEY_CHECKS=@@FOREIGN_KEY_CHECKS, FOREIGN_KEY_CHECKS=0 */;
/*!40101 SET @OLD_SQL_MODE=@@SQL_MODE, SQL_MODE='NO_AUTO_VALUE_ON_ZERO' */;
/*M!100616 SET @OLD_NOTE_VERBOSITY=@@NOTE_VERBOSITY, NOTE_VERBOSITY=0 */;

--
-- Table structure for table `charactor`
--

DROP TABLE IF EXISTS `charactor`;
/*!40101 SET @saved_cs_client     = @@character_set_client */;
/*!40101 SET character_set_client = utf8 */;
CREATE TABLE `charactor` (
  `ch_num` int(10) unsigned NOT NULL AUTO_INCREMENT,
  `ch_name` varchar(30) NOT NULL,
  `ch_job` varchar(10) NOT NULL,
  `ch_birth` date DEFAULT NULL,
  `ch_nation` varchar(20) DEFAULT NULL,
  PRIMARY KEY (`ch_num`)
) ENGINE=InnoDB AUTO_INCREMENT=2759 DEFAULT CHARSET=utf8mb4 COLLATE=utf8mb4_general_ci;
/*!40101 SET character_set_client = @saved_cs_client */;

--
-- Dumping data for table `charactor`
--

LOCK TABLES `charactor` WRITE;
/*!40000 ALTER TABLE `charactor` DISABLE KEYS */;
INSERT INTO `charactor` VALUES
(2242,'왕가위','감독','1958-07-17','중국'),
(2243,'장국영','배우','1956-09-12','홍콩'),
(2244,'양조위','배우','1962-06-27','중국'),
(2245,'장첸','배우','1976-10-14','대만'),
(2246,'관숙의','배우','1966-08-15',NULL),
(2247,'유위강','감독','1960-04-04',NULL),
(2248,'맥조휘','감독',NULL,NULL),
(2249,'유덕화','배우','1961-09-27','홍콩'),
(2250,'장만옥','배우','1964-09-20','중국'),
(2251,'뇌진','배우','1933-09-03',NULL),
(2252,'반적화','배우','1931-12-29',NULL),
(2253,'손가군','배우','1974-09-11',NULL),
(2254,'우민호','감독',NULL,'한국'),
(2255,'현빈','배우','1982-09-25','한국'),
(2256,'박정민','배우','1987-02-25','한국'),
(2257,'조우진','배우','1979-01-16','한국'),
(2258,'전여빈','배우',NULL,'한국'),
(2259,'박훈','배우',NULL,'한국'),
(2260,'유재명','배우','1973-06-03',NULL),
(2261,'릴리 프랭키','배우','1963-11-04','일본'),
(2262,'이동욱','배우','1981-11-06','한국'),
(2263,'타셈 싱','감독','1961-05-26','인도'),
(2264,'리 페이스','배우','1979-03-25','미국'),
(2265,'카틴카 언타루','배우','1997-03-21',NULL),
(2266,'캐리 주스넌','감독',NULL,NULL),
(2267,'요르겐 레르담','감독',NULL,NULL),
(2268,'옹성우','배우','1995-08-25',NULL),
(2269,'김지은','배우',NULL,NULL),
(2270,'박예린','배우','2013-01-05','한국'),
(2271,'정재헌','배우','1975-04-18','한국'),
(2272,'사성웅','배우',NULL,NULL),
(2273,'김사라','배우',NULL,NULL),
(2274,'배리 젠킨스','감독',NULL,'미국'),
(2275,'아론 피에르','배우','1994-07-07',NULL),
(2276,'켈빈 해리슨 주니어','배우','1994-07-23','미국'),
(2277,'존 카니','배우','1943-08-30','남아공 포트엘리자베스 뉴 브라'),
(2278,'세스 로건','배우','1982-04-15','캐나다'),
(2279,'빌리 아이크너','배우','1978-09-18',NULL),
(2280,'도날드 글로버','배우','1983-09-25','미국'),
(2281,'매즈 미켈슨','배우','1965-11-22','덴마크'),
(2282,'탠디 뉴튼','배우','1972-11-06','영국'),
(2283,'비욘세','배우','1981-09-04','미국'),
(2284,'나상인','감독',NULL,NULL),
(2285,'곽경택','감독','1966-09-03','한국'),
(2286,'주원 (문준원)','배우','1987-09-30','한국'),
(2287,'곽도원','배우','1974-05-17','한국'),
(2288,'이유영','배우','1989-12-08','한국'),
(2289,'김민재','배우','1979-03-20','한국'),
(2290,'오대환','배우',NULL,NULL),
(2291,'이준혁','배우','1984-03-13','한국'),
(2292,'장영남','배우','1973-11-25','한국'),
(2293,'사사키 시노부','감독',NULL,NULL),
(2294,'박영남','배우','1946-10-08','한국'),
(2295,'강희선','배우','1960-12-12','한국'),
(2296,'김환진','배우','1952-12-03','한국'),
(2297,'코랄리 파르자','감독',NULL,NULL),
(2298,'데미 무어','배우','1962-11-11','미국'),
(2299,'마가렛 퀄리','배우','1995-10-23',NULL),
(2300,'데니스 퀘이드','배우','1954-04-09','미국'),
(2301,'존 추','감독','1979-11-02','미국'),
(2302,'아리아나 그란데','배우','1993-06-26','미국'),
(2303,'신시아 에리보','배우','1987-01-08',NULL),
(2304,'조나단 베일리','배우','1988-04-25',NULL),
(2305,'에단 슬레이터','배우','1992-06-02',NULL),
(2306,'양자경','배우','1962-08-06','말레이시아'),
(2307,'제프 골드브럼','배우','1952-10-22','미국'),
(2308,'데이비드 데릭 주니어','감독',NULL,NULL),
(2309,'아우이 크라발호','배우','2000-11-22','미국'),
(2310,'드웨인 존슨','배우','1972-05-02','미국'),
(2311,'양우석','감독',NULL,'한국'),
(2312,'김윤석','배우','1968-01-21','한국'),
(2313,'이승기','배우',NULL,NULL),
(2314,'김성령','배우','1967-02-08','한국'),
(2315,'강한나','배우','1989-01-30','한국'),
(2316,'박수영','배우','1970-03-15','한국'),
(2317,'김시우','배우',NULL,NULL),
(2318,'윤채나','배우','2016-04-17',NULL),
(2319,'심희섭','배우','1986-02-26','한국'),
(2320,'길해연','배우','1964-04-11','한국'),
(2321,'이순재','배우','1935-10-10','한국'),
(2322,'브라이언 테일러','감독',NULL,NULL),
(2323,'잭 케시','배우',NULL,NULL),
(2324,'제퍼슨 화이트','배우','1989-11-03',NULL),
(2325,'아델라인 루돌프','배우','1995-02-10',NULL),
(2326,'레아 맥나마라','배우',NULL,NULL),
(2327,'박성후','감독',NULL,NULL),
(2328,'오가타 메구미','배우','1965-06-06','일본'),
(2329,'하나자와 카나','배우','1989-02-25','일본'),
(2330,'코마츠 미카코','배우','1988-11-11','일본'),
(2331,'우치야마 코우키','배우','1990-08-16','일본'),
(2332,'세키 토모카즈','배우','1972-09-08','일본'),
(2333,'나카무라 유이치','배우','1980-02-20','일본'),
(2334,'사쿠라이 타카히로','배우','1974-06-13',NULL),
(2335,'글렌 핸사드','배우',NULL,NULL),
(2336,'마르게타 이글로바','배우',NULL,NULL),
(2337,'크리스토퍼 놀란','감독','1970-07-30','영국'),
(2338,'앤 해서웨이','배우','1982-11-12','미국'),
(2339,'제시카 차스테인','배우','1977-03-24','미국'),
(2340,'매튜 맥커너히','배우','1969-11-04','미국'),
(2341,'마이클 케인','배우','1933-03-14','영국'),
(2342,'케이시 애플렉','배우','1975-08-12','미국'),
(2343,'빌 얼윈','배우','1950-04-11','미국'),
(2344,'릴리 워쇼스키','감독','1967-12-29','미국'),
(2345,'라나 워쇼스키','감독','1965-06-21','미국'),
(2346,'키아누 리브스','배우','1964-09-02','미국'),
(2347,'로렌스 피시번','배우','1961-07-30','미국'),
(2348,'캐리 앤 모스','배우','1967-08-21','캐나다'),
(2349,'휴고 위빙','배우','1960-04-04','호주'),
(2350,'팀 밀란츠','감독','1979-12-11',NULL),
(2351,'킬리언 머피','배우','1974-05-25','아일랜드'),
(2352,'에밀리 왓슨','배우','1967-01-14','영국'),
(2353,'신연식','감독',NULL,'한국'),
(2354,'송강호','배우','1967-01-17','한국'),
(2355,'장윤주','배우','1980-11-07','한국'),
(2356,'남궁선','감독','1980-09-04',NULL),
(2357,'최성은','배우','1996-06-17','한국'),
(2358,'현우석','배우','2001-05-08',NULL),
(2359,'홍상표','배우',NULL,NULL),
(2360,'이예지','감독',NULL,NULL),
(2361,'오윤동','감독',NULL,NULL),
(2362,'정희준','감독',NULL,NULL),
(2363,'홍상진','배우','1977-12-13',NULL),
(2364,'데이빗 예이츠','감독','1963-10-08','영국'),
(2365,'다니엘 래드클리프','배우','1989-07-31','영국'),
(2366,'엠마 왓슨','배우','1990-04-15','영국'),
(2367,'루퍼트 그린트','배우','1988-08-24','영국'),
(2368,'이주아','감독',NULL,NULL),
(2369,'김재훈','배우',NULL,NULL),
(2370,'배문상','배우',NULL,NULL),
(2371,'이은정','감독',NULL,NULL),
(2372,'방민아','배우','1993-05-13','한국'),
(2373,'이가섭','배우','1991-12-28','한국'),
(2374,'모니아 메두르','감독','1978-05-15',NULL),
(2375,'리나 쿠드리','배우','1992-10-03',NULL),
(2376,'라쉬다 브라크니','배우','1977-02-15',NULL),
(2377,'김성제','감독',NULL,NULL),
(2378,'송중기','배우','1985-09-19','한국'),
(2379,'이희준','배우','1979-06-29','한국'),
(2380,'권해효','배우','1965-11-06',NULL),
(2381,'박지환','배우','1980-09-05','한국'),
(2382,'조현철','배우','1986-12-24','한국'),
(2383,'김종수','배우','1964-11-30','한국'),
(2384,'알렉스 가랜드','감독',NULL,'영국'),
(2385,'커스틴 던스트','배우','1982-04-30','미국'),
(2386,'케일리 스패니','배우','1997-07-24','미국'),
(2387,'와그너 모라','배우','1976-06-27','브라질'),
(2388,'스티븐 헨더슨','배우','1949-08-31','미국'),
(2389,'제시 플레먼스','배우','1988-04-02','미국'),
(2390,'닉 오퍼맨','배우','1970-06-26','미국'),
(2391,'하프단 울만 톤델','감독',NULL,NULL),
(2392,'레나테 레인스베','배우',NULL,NULL),
(2393,'송창수','감독',NULL,NULL),
(2394,'이병준','배우','1964-01-27','한국'),
(2395,'강현수','배우',NULL,NULL),
(2396,'강동하','배우',NULL,NULL),
(2397,'유건우','배우',NULL,NULL),
(2398,'기정수','배우',NULL,NULL),
(2399,'고은미','배우','1976-07-07',NULL),
(2400,'고성관','배우','1996-05-11',NULL),
(2401,'정훈','배우',NULL,NULL),
(2402,'이태이','배우',NULL,NULL),
(2403,'정현우','배우','1992-07-28',NULL),
(2404,'노진욱','배우','1988-11-28',NULL),
(2405,'윤동주','배우',NULL,NULL),
(2406,'키무라 류이치','감독',NULL,'일본'),
(2407,'모로호시 스미레','배우','1999-04-23',NULL),
(2408,'타도코로 아즈사','배우','1993-11-10',NULL),
(2409,'오하시 아야카','배우','1994-09-13',NULL),
(2410,'자비에 돌란(수정)','감독','1989-03-20','캐나다'),
(2411,'앤 도벌(수정)','배우','1960-11-08','캐나다'),
(2412,'안토니 올리버 피론(수정)','배우',NULL,NULL),
(2413,'쉬잔느 클레망(수정)','배우',NULL,NULL),
(2414,'알렉산더 고이트(수정)','배우',NULL,NULL),
(2415,'패트릭 휴워드','배우',NULL,NULL),
(2416,'임청하','배우','1954-11-03','대만'),
(2417,'금성무','배우','1973-10-11','대만'),
(2418,'왕페이','배우','1969-08-08','중국'),
(2419,'주가령','배우','1970-12-16',NULL),
(2420,'원신연','감독','1969-10-23','한국'),
(2421,'구교환','배우','1982-12-14','한국'),
(2422,'서현','배우','1991-06-28','한국'),
(2423,'박명훈','배우','1975-05-28','한국'),
(2424,'유성주','배우','1973-11-12','한국'),
(2425,'윤제완','감독',NULL,'한국'),
(2426,'허우 샤오시엔','감독','1947-04-08','중국'),
(2427,'서기','배우','1976-04-16',NULL),
(2428,'잭 카오','배우',NULL,NULL),
(2429,'투안 춘하오','배우',NULL,'대만'),
(2430,'제프 파울러','감독','1978-07-27',NULL),
(2431,'짐 캐리','배우','1962-01-17','캐나다'),
(2432,'벤 슈와츠','배우','1981-09-15',NULL),
(2433,'제임스 마스던','배우','1973-09-18','미국'),
(2434,'티카 섬터','배우','1980-06-20',NULL),
(2435,'이드리스 엘바','배우','1972-09-06','영국'),
(2436,'파오 초이닝 도르지','감독',NULL,NULL),
(2437,'탄딘 왕추크','배우',NULL,NULL),
(2438,'데키 라모','배우',NULL,NULL),
(2439,'모건 네빌','감독','1967-10-10','미국'),
(2440,'퍼렐 윌리엄스','배우','1973-04-05','미국'),
(2441,'스눕 독','배우','1971-10-20','미국'),
(2442,'그웬 스테파니','배우',NULL,NULL),
(2443,'켄드릭 라마','배우','1987-06-17',NULL),
(2444,'저스틴 팀버레이크','배우','1981-01-31','미국'),
(2445,'버스타 라임스','배우','1972-05-20','미국'),
(2446,'제이 지','배우','1969-12-04','미국'),
(2447,'쿠로카와 토모유키','감독',NULL,NULL),
(2448,'이쿠타 리라','배우','2000-09-25',NULL),
(2449,'아노','배우',NULL,NULL),
(2450,'타네자키 아츠미','배우',NULL,NULL),
(2451,'시마부쿠로 미유리','배우','1994-12-06',NULL),
(2452,'오오키 사에코','배우',NULL,NULL),
(2453,'와키 아즈미','배우','1994-09-08',NULL),
(2454,'시라이시 료코','배우','1982-09-07',NULL),
(2455,'이리노 미유','배우','1988-02-19','일본'),
(2456,'반 타이토','배우','1992-12-18',NULL),
(2457,'스와베 준이치','배우','1972-03-29',NULL),
(2458,'츠다 겐지로','배우','1971-06-11',NULL),
(2459,'타케나카 나오토','배우','1956-03-20','일본'),
(2460,'이종석','감독',NULL,NULL),
(2461,'박지현','배우','1994-11-26',NULL),
(2462,'최시원','배우','1987-02-10',NULL),
(2463,'성동일','배우','1967-04-27','한국'),
(2464,'미카 구스타프슨','감독','1988-04-25',NULL),
(2465,'비앙카 델브라보','배우',NULL,NULL),
(2466,'딜빈 아사드','배우',NULL,NULL),
(2467,'김대우','감독',NULL,'한국'),
(2468,'송승헌','배우','1976-10-05','한국'),
(2469,'조여정','배우','1981-02-10','한국'),
(2470,'박지영','배우',NULL,'한국'),
(2471,'박성근','배우','1971-05-02',NULL),
(2472,'레오스 카락스','감독','1960-11-22','프랑스'),
(2473,'알리체 로르바케르','감독','1981-12-29','이탈리아'),
(2474,'정해일','감독','1987-02-24',NULL),
(2475,'박예영','배우','1989-08-22',NULL),
(2476,'이하은','배우','1998-02-19',NULL),
(2477,'김이경','배우','1997-09-22',NULL),
(2478,'오카무라 텐사이','감독','1961-12-13','일본'),
(2479,'야마시타 다이키','배우','1990-09-07',NULL),
(2480,'오카모토 노부히코','배우','1986-10-24',NULL),
(2481,'카지 유우키','배우','1985-09-03','일본'),
(2482,'미야노 마모루','배우','1983-06-08','일본'),
(2483,'미야케 켄타','배우',NULL,NULL),
(2484,'정창익','감독',NULL,NULL),
(2485,'장쯔이','배우','1980-02-09','중국'),
(2486,'기무라 타쿠야','배우','1972-11-13','일본'),
(2487,'유가령','배우','1965-12-08','중국'),
(2488,'베이 로건','배우',NULL,NULL),
(2489,'공리','배우','1965-12-31','중국'),
(2490,'둥제','배우','1980-04-19',NULL),
(2491,'소병림','배우',NULL,NULL),
(2492,'통차이 맥킨타이어','배우','1958-12-08',NULL),
(2493,'오정엽','배우','1960-12-12','중국'),
(2494,'유달지','감독',NULL,NULL),
(2495,'유청운','배우','1964-02-16','중국'),
(2496,'여명','배우','1966-12-11',NULL),
(2497,'켈리 라이카트','감독','1964-03-03',NULL),
(2498,'미셸 윌리엄스','배우','1980-09-09','미국'),
(2499,'장만민','감독','1989-04-10',NULL),
(2500,'나애진','배우',NULL,'한국'),
(2501,'안석환','배우','1959-11-01','한국'),
(2502,'강봉성','배우','1989-12-20','한국'),
(2503,'김진영(2)','배우','2003-02-13','한국'),
(2504,'최정현','배우',NULL,NULL),
(2505,'박현숙','배우','1968-05-05','한국'),
(2506,'현해리','감독',NULL,NULL),
(2507,'송재림','배우','1985-02-18','한국'),
(2508,'안우연','배우','1991-01-07',NULL),
(2509,'민성욱','배우','1979-09-22','한국'),
(2510,'소희정','배우','1973-05-28',NULL),
(2511,'차정원','배우','1989-10-18',NULL),
(2512,'미셸 프랑코','감독',NULL,'멕시코'),
(2513,'피터 사스가드','배우','1971-03-07','미국'),
(2514,'토마스 카일리','감독','1980-04-29','프랑스'),
(2515,'로망 뒤리스','배우','1974-05-28','프랑스'),
(2516,'폴 키르셰','배우',NULL,'프랑스'),
(2517,'아델 에그자르코풀로스','배우','1993-11-22','프랑스'),
(2518,'이 안','감독','1954-10-23','대만'),
(2519,'탕웨이','배우','1979-10-07','중국'),
(2520,'김영준','감독','1968-04-08',NULL),
(2521,'유야마 쿠니히코','감독','1952-10-15','일본'),
(2522,'이선호','배우','1960-05-05','한국'),
(2523,'김영선','배우','1968-12-17',NULL),
(2524,'우정신','배우','1970-02-19','한국'),
(2525,'오인성','배우','1965-11-04','한국'),
(2526,'제시 아이젠버그','감독','1983-10-05','미국'),
(2527,'키에란 컬킨','배우','1982-09-30','미국'),
(2528,'진재운','감독',NULL,NULL),
(2529,'마이클 만','감독','1943-02-05','미국'),
(2530,'아담 드라이버','배우','1983-11-19','미국'),
(2531,'페넬로페 크루즈','배우','1974-04-28','스페인'),
(2532,'쉐일린 우들리','배우','1991-11-15','미국'),
(2533,'최원섭','감독',NULL,NULL),
(2534,'권상우','배우','1976-08-05','한국'),
(2535,'정준호','배우','1970-10-01','한국'),
(2536,'이이경','배우','1989-01-08','한국'),
(2537,'황우슬혜','배우','1979-08-10','한국'),
(2538,'김성오','배우','1978-09-15','한국'),
(2539,'이지원(배우)','배우','2006-08-30','한국'),
(2540,'마이클 모리스','감독',NULL,'영국'),
(2541,'르네 젤위거','배우','1969-04-25','미국'),
(2542,'휴 그랜트','배우','1960-09-09','영국'),
(2543,'엠마 톰슨','배우','1959-04-15','영국'),
(2544,'치웨텔 에지오포','배우','1976-07-10','영국'),
(2545,'레오 우달','배우','1996-09-14',NULL),
(2546,'봉준호','감독','1969-09-14','한국'),
(2547,'로버트 패틴슨','배우','1986-05-13','영국'),
(2548,'나오미 애키','배우','1992-11-02',NULL),
(2549,'스티븐 연','배우','1983-12-21','미국'),
(2550,'토니 콜렛','배우','1972-11-01','오스트레일리아'),
(2551,'마크 러팔로','배우','1967-11-22','미국'),
(2552,'딘 데블로이스','감독','1970-06-07','미국'),
(2553,'메이슨 테임즈','배우',NULL,NULL),
(2554,'제라드 버틀러','배우','1969-11-13','영국'),
(2555,'니코 파커','배우',NULL,NULL),
(2556,'닉 프로스트','배우','1972-03-28','영국'),
(2557,'줄리안 데니슨','배우',NULL,NULL),
(2558,'가브리엘 하웰','배우',NULL,NULL),
(2559,'브론윈 제임스','배우','1994-07-14',NULL),
(2560,'해리 트레발드윈','배우','1994-02-14',NULL),
(2561,'루스 코드','배우','1996-06-13',NULL),
(2562,'피터 세라피노윅','배우','1972-07-10',NULL),
(2563,'머레이 맥아더','배우','1966-05-04',NULL),
(2564,'김혜영','감독',NULL,NULL),
(2565,'이레','배우','2006-03-12','한국'),
(2566,'진서연','배우','1983-01-18',NULL),
(2567,'정수빈','배우','1998-08-17',NULL),
(2568,'이정하','배우','1998-02-23',NULL),
(2569,'손석구','배우','1983-02-07','한국'),
(2570,'피에르 페리펠','감독',NULL,NULL),
(2571,'샘 록웰','배우','1968-11-05','미국'),
(2572,'마크 마론','배우','1963-09-27','미국'),
(2573,'크레이그 로빈슨','배우','1971-10-25','미국'),
(2574,'앤서니 라모스','배우','1991-11-01','미국'),
(2575,'아콰피나','배우','1988-06-02','미국'),
(2576,'리차드 아요아데','배우','1977-06-12','영국'),
(2577,'재지 비츠','배우',NULL,NULL),
(2578,'릴리 싱','배우',NULL,NULL),
(2579,'알렉스 볼스타인','배우','1971-02-15',NULL),
(2580,'장학우','배우','1961-07-10','홍콩'),
(2581,'양가휘','배우','1958-02-01','중국'),
(2582,'양채니','배우','1974-03-25','홍콩'),
(2583,'이석준','감독',NULL,NULL),
(2584,'RM','배우','1994-09-12','한국'),
(2585,'관본량','감독',NULL,NULL),
(2586,'박이웅','감독',NULL,NULL),
(2587,'윤주상','배우','1949-06-25','한국'),
(2588,'양희경','배우','1954-12-03',NULL),
(2589,'오토모 가츠히로','감독',NULL,NULL),
(2590,'이와타 미츠오','배우',NULL,'일본'),
(2591,'사사키 노조무','배우',NULL,NULL),
(2592,'정범','감독',NULL,NULL),
(2593,'허장','감독',NULL,NULL),
(2594,'임후성','배우',NULL,NULL),
(2595,'이수정','배우',NULL,NULL),
(2596,'이도진','배우',NULL,NULL),
(2597,'이주형','배우',NULL,NULL),
(2598,'지성은','배우',NULL,NULL),
(2599,'테아 샤록','감독',NULL,'미국'),
(2600,'올리비아 콜맨','배우','1974-01-30','영국'),
(2601,'제시 버클리','배우','1988-12-28','아일랜드'),
(2602,'김종관','감독',NULL,'한국'),
(2603,'정유미','배우','1983-01-18','한국'),
(2604,'김태양','감독',NULL,NULL),
(2605,'이명하','배우',NULL,NULL),
(2606,'하성국','배우',NULL,'한국'),
(2607,'박봉준','배우',NULL,NULL),
(2608,'백승진','배우',NULL,NULL),
(2609,'정수지','배우','1991-06-13',NULL),
(2610,'임유리','감독',NULL,NULL),
(2611,'서정미','감독',NULL,NULL),
(2612,'황혜인','감독',NULL,'한국'),
(2613,'빅토르 에리세','감독','1940-06-30',NULL),
(2614,'마놀로 솔로','배우',NULL,NULL),
(2615,'호세 코로나도','배우','1957-08-14','스페인'),
(2616,'아나 토렌트','배우','1966-07-12',NULL),
(2617,'다비데 페라리오','감독','1956-06-26',NULL),
(2618,'김선국','감독',NULL,NULL),
(2619,'이현우','배우','1993-03-23','한국'),
(2620,'문정희','배우','1976-01-12','한국'),
(2621,'리들리 스콧','감독','1937-11-30','영국'),
(2622,'폴 메스칼','배우','1996-02-02','아일랜드'),
(2623,'페드로 파스칼','배우','1975-04-02','칠레'),
(2624,'덴젤 워싱턴','배우','1954-12-28','미국'),
(2625,'코니 닐슨','배우','1965-07-03','덴마크'),
(2626,'조셉 퀸','배우','1994-01-26',NULL),
(2627,'프레드 헤킨저','배우','1999-12-02',NULL),
(2628,'크리스 샌더스','감독',NULL,NULL),
(2629,'루피타 뇽오','배우','1983-03-01','멕시코'),
(2630,'캐서린 오하라','배우','1954-03-04','캐나다'),
(2631,'빌 나이','배우','1949-12-12','영국'),
(2632,'키트 코너','배우','2004-03-08',NULL),
(2633,'스테파니 수','배우','1990-11-25','미국'),
(2634,'윤아영','배우','1986-04-08','한국'),
(2635,'김민주(성우)','배우',NULL,NULL),
(2636,'박주환','배우','1982-11-18',NULL),
(2637,'신경선','배우','1983-12-30','한국'),
(2638,'박상훈(성우)','배우',NULL,'한국'),
(2639,'김성연','배우',NULL,NULL),
(2640,'구자형','배우','1965-03-21','한국'),
(2641,'김채린','배우',NULL,NULL),
(2642,'송준석','배우',NULL,'한국'),
(2643,'심형준','감독',NULL,NULL),
(2644,'토마스 고','감독',NULL,NULL),
(2645,'푸바오','배우','2020-07-20',NULL),
(2646,'아이바오','배우','2013-07-13',NULL),
(2647,'러바오','배우','2012-07-28',NULL),
(2648,'루이바오','배우','2023-07-07',NULL),
(2649,'후이바오','배우','2023-07-07',NULL),
(2650,'강철원','배우',NULL,NULL),
(2651,'송영관','배우',NULL,NULL),
(2652,'오승희','배우',NULL,NULL),
(2653,'이세현','배우',NULL,NULL),
(2654,'루퍼트 샌더스','감독',NULL,NULL),
(2655,'빌 스카스가드','배우','1990-08-09','스웨덴'),
(2656,'FKA 트위그스','배우','1988-01-16',NULL),
(2664,'존 카니','감독',NULL,'아일랜드'),
(2668,'왕가위','배우','1958-07-17','중국'),
(2669,'조선호','감독',NULL,NULL),
(2670,'홍경','배우','1996-02-14','한국'),
(2671,'노윤서','배우','2000-01-25',NULL),
(2672,'김민주','배우','2001-02-05','한국'),
(2673,'아담 앤더스','감독','1975-10-10',NULL),
(2674,'피오나 팔로모','배우','1998-10-12',NULL),
(2675,'마일로 맨하임','배우','2001-03-06',NULL),
(2676,'안토니오 반데라스','배우','1960-08-10','스페인'),
(2677,'조엘 스몰본','배우','1984-06-05',NULL),
(2689,'제시 아이젠버그','배우','1983-10-05','미국'),
(2690,'석승훈','배우','1989-03-22','한국'),
(2691,'이지예','배우',NULL,NULL),
(2692,'박상우','배우',NULL,NULL),
(2693,'유선민','배우',NULL,NULL),
(2694,'장현서','배우',NULL,NULL),
(2695,'신정훈','배우',NULL,'한국'),
(2696,'네오 소라','감독',NULL,NULL),
(2697,'류이치 사카모토','배우','1952-01-17','일본'),
(2698,'미켈레 플라치도','감독','1946-05-19','이탈리아'),
(2699,'리카르도 스카마르치오','배우','1979-11-13',NULL),
(2700,'루이 가렐','배우','1983-06-14','프랑스'),
(2701,'이자벨 위페르','배우','1955-03-16','프랑스'),
(2702,'이노우에 다케히코','감독','1967-01-12','일본'),
(2703,'로버트 에거스','감독',NULL,NULL),
(2704,'릴리 로즈 뎁','배우','1999-05-27',NULL),
(2705,'니콜라스 홀트','배우','1989-12-07','영국'),
(2706,'애런 존슨','배우','1990-06-13','영국'),
(2707,'윌렘 데포','배우','1955-07-22','미국'),
(2708,'엠마 코린','배우','1995-12-13',NULL),
(2709,'조슈아 존 밀러','감독',NULL,NULL),
(2710,'러셀 크로우','배우','1964-04-07','뉴질랜드'),
(2711,'샘 워싱턴','배우','1976-08-02','영국'),
(2712,'아담 골드버그','배우','1970-10-25','미국'),
(2713,'오기가미 나오코','감독','1972-02-15','일본'),
(2714,'츠즈이 마리코','배우','1962-10-13','일본'),
(2715,'미츠이시 켄','배우','1961-09-26','일본'),
(2716,'리처드 클라우스','감독','1950-01-01',NULL),
(2717,'카르스텐 킬레리치','감독',NULL,NULL),
(2718,'서유민','감독',NULL,NULL),
(2719,'도경수','배우','1993-01-12','한국'),
(2720,'원진아','배우','1991-03-29','한국'),
(2721,'신예은','배우','1998-01-18',NULL),
(2722,'루카 비오토','감독',NULL,NULL),
(2723,'파올로 포르토게지','배우','1931-11-02',NULL),
(2724,'안토니오 파올루치','배우','1939-09-29',NULL),
(2725,'테아 히비스텐달','감독',NULL,NULL),
(2726,'앤더슨 다니엘슨 리','배우','1979-01-01','노르웨이'),
(2727,'바하르 파르스','배우','1979-03-28',NULL),
(2728,'김동철','감독',NULL,NULL),
(2729,'최한','배우','1976-08-08','한국'),
(2730,'남도형','배우','1983-03-12','한국'),
(2731,'정유정','배우','1991-03-27','한국'),
(2732,'김연우','배우','1988-08-24','한국'),
(2733,'김민하','감독',NULL,NULL),
(2734,'김도연','배우','1999-12-04',NULL),
(2735,'손주연','배우','1998-05-27',NULL),
(2736,'강신희','배우',NULL,NULL),
(2737,'정하담','배우','1994-02-28','한국'),
(2738,'뱅상 콜롬브','배우',NULL,NULL),
(2739,'김진황','감독',NULL,'한국'),
(2740,'하정우','배우','1978-03-11','한국'),
(2741,'김남길','배우','1980-03-13','한국'),
(2742,'유다인','배우','1984-02-09',NULL),
(2743,'정만식','배우','1974-12-11','한국'),
(2744,'임성재','배우','1987-01-18','한국'),
(2745,'신현규','감독',NULL,NULL),
(2746,'유승목','배우','1969-09-14','한국'),
(2747,'황지아','배우',NULL,NULL),
(2748,'김민경','배우','1981-08-10','한국'),
(2749,'송동환','배우','1983-03-26','한국'),
(2750,'정형석','감독',NULL,'한국'),
(2751,'박호산','배우','1972-10-18','한국'),
(2752,'전혜연','배우',NULL,NULL),
(2753,'방은희','배우',NULL,NULL),
(2754,'정형석','배우',NULL,'한국'),
(2755,'이종수','감독',NULL,NULL),
(2756,'윤혁진','배우',NULL,NULL),
(2757,'안은수','배우',NULL,NULL),
(2758,'나호숙','배우','1952-07-15',NULL);
/*!40000 ALTER TABLE `charactor` ENABLE KEYS */;
UNLOCK TABLES;

--
-- Table structure for table `charactor_image`
--

DROP TABLE IF EXISTS `charactor_image`;
/*!40101 SET @saved_cs_client     = @@character_set_client */;
/*!40101 SET character_set_client = utf8 */;
CREATE TABLE `charactor_image` (
  `c_img_num` int(10) unsigned NOT NULL AUTO_INCREMENT,
  `c_img_url` varchar(255) DEFAULT NULL,
  `ch_num` int(10) unsigned NOT NULL,
  PRIMARY KEY (`c_img_num`),
  KEY `ch_num` (`ch_num`),
  CONSTRAINT `charactor_image_ibfk_1` FOREIGN KEY (`ch_num`) REFERENCES `charactor` (`ch_num`) ON DELETE CASCADE ON UPDATE CASCADE
) ENGINE=InnoDB AUTO_INCREMENT=6261 DEFAULT CHARSET=utf8mb4 COLLATE=utf8mb4_general_ci;
/*!40101 SET character_set_client = @saved_cs_client */;

--
-- Dumping data for table `charactor_image`
--

LOCK TABLES `charactor_image` WRITE;
/*!40000 ALTER TABLE `charactor_image` DISABLE KEYS */;
INSERT INTO `charactor_image` VALUES
(4870,'http://image.cine21.com/resize/cine21/person/2024/0103/10_05_49__6594b2ed545a2[X120,150].jpg',2242),
(4871,'http://image.cine21.com/resize/cine21/still/2019/0423/14_48_50__5cbea742b7401[X120,150].jpg',2243),
(4872,'http://image.cine21.com/resize/cine21/person/2024/0104/12_46_10__65962a02359af[X120,150].jpg',2244),
(4873,'http://image.cine21.com/resize/cine21/person/2024/0403/15_55_22__660cfd5ab2ae6[X120,150].jpg',2245),
(4874,'http://img.cgv.co.kr/R2014/images/common/default_230_260.gif',2246),
(4875,'http://image.cine21.com/resize/cine21/still/2017/1213/14_40_05__5a30bd356568a[X120,150].jpg',2247),
(4876,'http://image.cine21.com/resize/cine21/poster/2024/0405/16_20_07__660fa62782fce[X120,150].jpg',2248),
(4877,'http://image.cine21.com/resize/cine21/person/2024/0104/10_19_24__6596079cca64c[X120,150].jpg',2249),
(4878,'http://image.cine21.com/resize/cine21/person/2024/0110/11_22_10__659dff527b433[X120,150].jpg',2250),
(4879,'http://img.cgv.co.kr/R2014/images/common/default_230_260.gif',2251),
(4880,'http://img.cgv.co.kr/R2014/images/common/default_230_260.gif',2252),
(4881,'http://image.cine21.com/resize/cine21/person/2013/0326/41759[X120,150].jpg',2253),
(4882,'http://image.cine21.com/resize/cine21/person/2020/0122/14_02_20__5e27d75ccc4e6[X120,150].jpg',2254),
(4883,'http://image.cine21.com/resize/cine21/still/2017/1212/10_50_28__5a2f35e412a6b[X120,150].jpg',2255),
(4884,'http://image.cine21.com/resize/cine21/person/2019/0828/11_54_52__5d65ecfc13ca6[X120,150].jpg',2256),
(4885,'http://image.cine21.com/resize/cine21/person/2019/0725/18_01_36__5d396ff023a91[X120,150].jpg',2257),
(4886,'http://image.cine21.com/resize/cine21/person/2021/0423/12_30_19__60823f4b291ca[X120,150].jpg',2258),
(4887,'http://image.cine21.com/resize/cine21/person/2021/0527/16_34_12__60af4b74b3821[X120,150].jpg',2259),
(4888,'http://image.cine21.com/resize/cine21/person/2020/0812/84938[X120,150].jpg',2260),
(4889,'http://image.cine21.com/resize/cine21/still/2019/0403/18_28_43__5ca47ccbaa3bb[X120,150].jpg',2261),
(4890,'http://image.cine21.com/resize/cine21/still/2019/0320/18_26_14__5c9207369b824[X120,150].jpg',2262),
(4891,'http://img.cgv.co.kr/R2014/images/common/default_230_260.gif',2263),
(4892,'http://image.cine21.com/resize/cine21/person/2013/0118/12_57_27__50f8c827955f7[X120,150].jpg',2264),
(4893,'http://img.cgv.co.kr/R2014/images/common/default_230_260.gif',2265),
(4894,'http://img.cgv.co.kr/R2014/images/common/default_230_260.gif',2266),
(4895,'http://img.cgv.co.kr/R2014/images/common/default_230_260.gif',2267),
(4896,'http://image.cine21.com/resize/cine21/person/2019/0906/11_21_11__5d71c297e647e[X120,150].jpg',2268),
(4897,'http://img.cgv.co.kr/R2014/images/common/default_230_260.gif',2269),
(4898,'http://img.cgv.co.kr/R2014/images/common/default_230_260.gif',2270),
(4899,'http://image.cine21.com/resize/cine21/person/2023/0417/23_33_35__643d58bfa74fb[X120,150].jpg',2271),
(4900,'http://image.cine21.com/resize/cine21/person/2021/0729/18_20_15__610272cfb705b[X120,150].jpg',2272),
(4901,'http://image.cine21.com/resize/cine21/person/2020/1207/15_22_29__5fcdca252c985[X120,150].jpg',2273),
(4902,'http://img.cgv.co.kr/R2014/images/common/default_230_260.gif',2274),
(4903,'http://img.cgv.co.kr/R2014/images/common/default_230_260.gif',2275),
(4904,'http://image.cine21.com/resize/cine21/person/2022/0526/11_21_35__628ee42f5a8ad[X120,150].jpg',2276),
(4905,'http://image.cine21.com/resize/cine21/person/2013/0326/42046[X120,150].jpg',2277),
(4906,'http://image.cine21.com/resize/cine21/still/2019/0408/15_04_44__5caae47c5bc6d[X120,150].jpg',2278),
(4907,'http://image.cine21.com/resize/cine21/person/2019/0708/15_08_02__5d22ddc24a9fe[X120,150].jpg',2279),
(4908,'http://image.cine21.com/resize/cine21/still/2018/0524/15_38_43__5b065df310770[X120,150].jpg',2280),
(4909,'http://image.cine21.com/resize/cine21/still/2019/0226/10_27_44__5c74961097bdc[X120,150].jpg',2281),
(4910,'http://image.cine21.com/resize/cine21/person/2005/0825/P0000022_peo51730[X120,150].jpg',2282),
(4911,'http://image.cine21.com/resize/cine21/still/2013/0822/16_34_48__5215bf1824b72[X120,150].jpg',2283),
(4912,'http://img.cgv.co.kr/R2014/images/common/default_230_260.gif',2284),
(4913,'http://image.cine21.com/resize/cine21/still/2017/1213/15_32_24__5a30c978171f7[X120,150].jpg',2285),
(4914,'http://image.cine21.com/resize/cine21/person/2011/1201/P0000002_[X120,150].jpg',2286),
(4915,'http://image.cine21.com/resize/cine21/person/2024/1205/17_11_48__67516044733f0[X120,150].png',2287),
(4916,'http://image.cine21.com/resize/cine21/still/2018/1031/18_04_11__5bd9700b8ada5[X120,150].jpg',2288),
(4917,'http://image.cine21.com/resize/cine21/still/2019/0423/17_11_57__5cbec8cd5e753[X120,150].jpg',2289),
(4918,'http://image.cine21.com/resize/cine21/person/2015/0825/18_10_18__55dc30fa7d632[X120,150].jpg',2290),
(4919,'http://image.cine21.com/resize/cine21/person/2020/0924/15_10_43__5f6c386358366[X120,150].JPG',2291),
(4920,'http://image.cine21.com/resize/cine21/person/2019/0821/16_21_21__5d5cf0f1798df[X120,150].jpg',2292),
(4921,'http://img.cgv.co.kr/R2014/images/common/default_230_260.gif',2293),
(4922,'http://image.cine21.com/resize/cine21/person/2021/0713/19_03_32__60ed64f4d30da[X120,150].jpg',2294),
(4923,'http://image.cine21.com/resize/cine21/person/2007/0116/P0000046_pl3_58706[X120,150].jpg',2295),
(4924,'http://image.cine21.com/resize/cine21/person/2021/0713/19_05_58__60ed65866f3cd[X120,150].jpg',2296),
(4925,'http://image.cine21.com/resize/cine21/person/2020/0421/11_05_17__5e9e54ddc5fef[X120,150].jpg',2297),
(4926,'http://image.cine21.com/resize/cine21/person/2005/0328/P0000030_peo49626[X120,150].jpg',2298),
(4927,'http://image.cine21.com/resize/cine21/person/2020/0812/96705[X120,150].jpg',2299),
(4928,'http://image.cine21.com/resize/cine21/person/2024/0110/18_41_25__659e664558ce4[X120,150].jpg',2300),
(4929,'http://image.cine21.com/resize/cine21/still/2018/1002/10_07_10__5bb2c4bedced3[X120,150].jpg',2301),
(4930,'http://image.cine21.com/resize/cine21/person/2024/0226/14_42_32__65dc24c891aaa[X120,150].jpg',2302),
(4931,'http://img.cgv.co.kr/R2014/images/common/default_230_260.gif',2303),
(4932,'http://img.cgv.co.kr/R2014/images/common/default_230_260.gif',2304),
(4933,'http://img.cgv.co.kr/R2014/images/common/default_230_260.gif',2305),
(4934,'http://image.cine21.com/resize/cine21/person/2024/0110/10_36_21__659df495efe7c[X120,150].jpg',2306),
(4935,'http://image.cine21.com/resize/cine21/person/2007/0102/P0000034_peo58516[X120,150].jpg',2307),
(4936,'http://img.cgv.co.kr/R2014/images/common/default_230_260.gif',2308),
(4937,'http://image.cine21.com/resize/cine21/person/2016/1212/16_26_44__584e51349c72e[X120,150].png',2309),
(4938,'http://image.cine21.com/resize/cine21/still/2018/0103/11_23_11__5a4c3e8f24200[X120,150].jpg',2310),
(4939,'http://image.cine21.com/resize/cine21/person/imagelink/83597[X120,150].jpg',2311),
(4940,'http://image.cine21.com/resize/cine21/person/2019/0410/10_30_36__5cad473c36dd1[X120,150].jpg',2312),
(4941,'http://image.cine21.com/resize/cine21/still/2015/0114/11_06_49__54b5cf398a371[X120,150].jpg',2313),
(4942,'http://image.cine21.com/resize/cine21/person/2021/0408/14_59_20__606e9bb858d6f[X120,150].jpg',2314),
(4943,'http://image.cine21.com/resize/cine21/person/2020/0116/16_57_25__5e2017652a7a8[X120,150].jpg',2315),
(4944,'http://image.cine21.com/resize/cine21/still/2018/0928/13_19_30__5badabd2a2a93[X120,150].jpg',2316),
(4945,'http://img.cgv.co.kr/R2014/images/common/default_230_260.gif',2317),
(4946,'http://img.cgv.co.kr/R2014/images/common/default_230_260.gif',2318),
(4947,'http://image.cine21.com/resize/cine21/still/2019/0103/14_50_34__5c2da2aa83a91[X120,150].jpg',2319),
(4948,'http://image.cine21.com/resize/cine21/person/2019/1002/10_36_12__5d93ff0c9446a[X120,150].jpg',2320),
(4949,'http://image.cine21.com/resize/cine21/still/2019/0321/17_31_39__5c934bebe8a39[X120,150].jpg',2321),
(4950,'http://img.cgv.co.kr/R2014/images/common/default_230_260.gif',2322),
(4951,'http://image.cine21.com/resize/cine21/still/2018/1011/14_50_42__5bbee4b236069[X120,150].jpg',2323),
(4952,'http://img.cgv.co.kr/R2014/images/common/default_230_260.gif',2324),
(4953,'http://img.cgv.co.kr/R2014/images/common/default_230_260.gif',2325),
(4954,'http://img.cgv.co.kr/R2014/images/common/default_230_260.gif',2326),
(4955,'http://img.cgv.co.kr/R2014/images/common/default_230_260.gif',2327),
(4956,'http://img.cgv.co.kr/R2014/images/common/default_230_260.gif',2328),
(4957,'http://image.cine21.com/resize/cine21/movie/2023/0216/16_44_11__63eddecb1c7f5[X120,150].jpg',2329),
(4958,'http://image.cine21.com/resize/cine21/person/2022/0831/17_28_45__630f1bbd58c9d[X120,150].jpg',2330),
(4959,'http://image.cine21.com/resize/cine21/person/2024/1216/18_19_49__675ff0b52b788[X120,150].jpg',2331),
(4960,'http://img.cgv.co.kr/R2014/images/common/default_230_260.gif',2332),
(4961,'http://img.cgv.co.kr/R2014/images/common/default_230_260.gif',2333),
(4962,'http://img.cgv.co.kr/R2014/images/common/default_230_260.gif',2334),
(4963,'http://image.cine21.com/resize/cine21/still/2014/0919/14_37_44__541bc128af287[X120,150].jpg',2277),
(4964,'http://img.cgv.co.kr/R2014/images/common/default_230_260.gif',2335),
(4965,'http://img.cgv.co.kr/R2014/images/common/default_230_260.gif',2336),
(4966,'http://image.cine21.com/resize/cine21/person/2013/0325/8764[X120,150].jpg',2337),
(4967,'http://image.cine21.com/resize/cine21/still/2024/0404/18_11_32__660e6ec40d05f[X120,150].jpg',2338),
(4968,'http://image.cine21.com/resize/cine21/still/2014/1104/14_58_17__54586af941012[X120,150].jpg',2339),
(4969,'http://image.cine21.com/resize/cine21/person/2019/0321/17_35_24__5c934ccc6a34b[X120,150].jpg',2340),
(4970,'http://image.cine21.com/resize/cine21/still/2018/1001/17_27_42__5bb1da7eada1e[X120,150].jpg',2341),
(4971,'http://image.cine21.com/resize/cine21/person/2013/0325/9313[X120,150].jpg',2342),
(4972,'http://image.cine21.com/resize/cine21/person/2013/0329/47905[X120,150].jpg',2343),
(4973,'http://image.cine21.com/resize/cine21/person/2021/1206/14_03_40__61ad99acd724b[X120,150].jpg',2344),
(4974,'http://image.cine21.com/resize/cine21/person/2021/1206/14_04_42__61ad99eabdada[X120,150].jpg',2345),
(4975,'http://image.cine21.com/resize/cine21/person/2024/0102/14_57_22__6593a5c26ed2e[X120,150].jpg',2346),
(4976,'http://image.cine21.com/resize/cine21/person/2024/0104/11_57_02__65961e7e55b2d[X120,150].jpg',2347),
(4977,'http://image.cine21.com/resize/cine21/person/2024/0111/10_47_07__659f489b656bb[X120,150].jpg',2348),
(4978,'http://image.cine21.com/resize/cine21/person/2024/0110/13_52_48__659e22a047264[X120,150].jpg',2349),
(4979,'http://img.cgv.co.kr/R2014/images/common/default_230_260.gif',2350),
(4980,'http://image.cine21.com/resize/cine21/person/2007/0528/P0000068_peo60539[X120,150].jpg',2351),
(4981,'http://image.cine21.com/resize/cine21/still/2018/0103/17_08_12__5a4c8f6c9cac0[X120,150].jpg',2352),
(4982,'http://image.cine21.com/resize/cine21/person/2017/1115/10_13_54__5a0b94d2cc91a[X120,150].jpg',2353),
(4983,'http://image.cine21.com/resize/cine21/person/2019/0522/11_06_23__5ce4ae9f13774[X120,150].jpg',2354),
(4984,'http://image.cine21.com/resize/cine21/person/2021/0202/11_12_10__6018b4facff42[X120,150].jpg',2355),
(4985,'http://image.cine21.com/resize/cine21/person/2021/0316/11_58_27__60501ed323a31[X120,150].jpg',2356),
(4986,'http://image.cine21.com/resize/cine21/person/2024/0305/09_28_31__65e6672f7d156[X120,150].jpg',2357),
(4987,'http://img.cgv.co.kr/R2014/images/common/default_230_260.gif',2358),
(4988,'http://image.cine21.com/resize/cine21/still/2013/0222/14_59_53__5127095932282[X120,150].JPG',2359),
(4989,'http://img.cgv.co.kr/R2014/images/common/default_230_260.gif',2360),
(4990,'http://image.cine21.com/resize/cine21/person/2022/1115/14_17_21__637320e1b6fbd[X120,150].jpg',2361),
(4991,'http://img.cgv.co.kr/R2014/images/common/default_230_260.gif',2362),
(4992,'http://img.cgv.co.kr/R2014/images/common/default_230_260.gif',2363),
(4993,'http://image.cine21.com/resize/cine21/person/2013/0329/61345[X120,150].jpg',2364),
(4994,'http://image.cine21.com/resize/cine21/still/2018/1016/14_45_39__5bc57b03ed851[X120,150].jpg',2365),
(4995,'http://image.cine21.com/resize/cine21/still/2018/1016/14_50_55__5bc57c3f66694[X120,150].jpg',2366),
(4996,'http://image.cine21.com/resize/cine21/still/2018/1016/14_48_16__5bc57ba028fc2[X120,150].jpg',2367),
(4997,'http://img.cgv.co.kr/R2014/images/common/default_230_260.gif',2368),
(4998,'http://img.cgv.co.kr/R2014/images/common/default_230_260.gif',2369),
(4999,'http://img.cgv.co.kr/R2014/images/common/default_230_260.gif',2370),
(5000,'http://img.cgv.co.kr/R2014/images/common/default_230_260.gif',2371),
(5001,'http://image.cine21.com/resize/cine21/person/2020/0122/12_03_55__5e27bb9b5460c[X120,150].jpg',2372),
(5002,'http://image.cine21.com/resize/cine21/still/2018/1128/16_01_23__5bfe3d4358a87[X120,150].jpg',2373),
(5003,'http://img.cgv.co.kr/R2014/images/common/default_230_260.gif',2374),
(5004,'http://img.cgv.co.kr/R2014/images/common/default_230_260.gif',2375),
(5005,'http://image.cine21.com/resize/cine21/person/2013/0329/61895[X120,150].jpg',2376),
(5006,'http://image.cine21.com/resize/cine21/person/2021/1216/15_31_29__61badd4110f89[X120,150].jpg',2377),
(5007,'http://image.cine21.com/resize/cine21/still/2017/1211/17_59_28__5a2e48f0f095d[X120,150].jpg',2378),
(5008,'http://image.cine21.com/resize/cine21/still/2019/0412/15_16_57__5cb02d5950f12[X120,150].jpg',2379),
(5009,'http://image.cine21.com/resize/cine21/person/2019/0828/11_46_11__5d65eaf37e962[X120,150].jpg',2380),
(5010,'http://image.cine21.com/resize/cine21/still/2018/1109/15_34_44__5be52a8406f49[X120,150].jpg',2381),
(5011,'http://image.cine21.com/resize/cine21/still/2017/1207/16_38_36__5a28effc7bab1[X120,150].jpg',2382),
(5012,'http://image.cine21.com/resize/cine21/person/2020/0611/16_04_24__5ee1d778c06b0[X120,150].jpg',2383),
(5013,'http://img.cgv.co.kr/R2014/images/common/default_230_260.gif',2384),
(5014,'http://image.cine21.com/resize/cine21/movie/2024/0404/18_20_38__660e70e6e88d6[X120,150].jpg',2385),
(5015,'http://image.cine21.com/resize/cine21/still/2019/0422/14_33_20__5cbd5220e091a[X120,150].jpg',2386),
(5016,'http://image.cine21.com/resize/cine21/person/2013/0325/60080[X120,150].jpg',2387),
(5017,'http://image.cine21.com/resize/cine21/person/2023/0821/15_05_02__64e2fe8e16667[X120,150].jpg',2388),
(5018,'http://image.cine21.com/resize/cine21/still/2018/0202/15_56_15__5a740b8f78ebd[X120,150].jpg',2389),
(5019,'http://image.cine21.com/resize/cine21/still/2019/0514/14_56_29__5cda588d3a1c8[X120,150].jpg',2390),
(5020,'http://img.cgv.co.kr/R2014/images/common/default_230_260.gif',2391),
(5021,'http://image.cine21.com/resize/cine21/movie/2022/0727/15_18_00__62e0d89868bfd[X120,150].jpg',2392),
(5022,'http://img.cgv.co.kr/R2014/images/common/default_230_260.gif',2393),
(5023,'http://image.cine21.com/resize/cine21/person/2024/1128/17_27_04__67482958b639d[X120,150].jpg',2394),
(5024,'http://img.cgv.co.kr/R2014/images/common/default_230_260.gif',2395),
(5025,'http://img.cgv.co.kr/R2014/images/common/default_230_260.gif',2396),
(5026,'http://img.cgv.co.kr/R2014/images/common/default_230_260.gif',2397),
(5027,'http://img.cgv.co.kr/R2014/images/common/default_230_260.gif',2398),
(5028,'http://img.cgv.co.kr/R2014/images/common/default_230_260.gif',2399),
(5029,'http://img.cgv.co.kr/R2014/images/common/default_230_260.gif',2400),
(5030,'http://img.cgv.co.kr/R2014/images/common/default_230_260.gif',2401),
(5031,'http://img.cgv.co.kr/R2014/images/common/default_230_260.gif',2402),
(5032,'http://img.cgv.co.kr/R2014/images/common/default_230_260.gif',2403),
(5033,'http://img.cgv.co.kr/R2014/images/common/default_230_260.gif',2404),
(5034,'http://img.cgv.co.kr/R2014/images/common/default_230_260.gif',2405),
(5035,'http://img.cgv.co.kr/R2014/images/common/default_230_260.gif',2406),
(5036,'http://img.cgv.co.kr/R2014/images/common/default_230_260.gif',2407),
(5037,'http://img.cgv.co.kr/R2014/images/common/default_230_260.gif',2408),
(5038,'http://img.cgv.co.kr/R2014/images/common/default_230_260.gif',2409),
(5039,'http://image.cine21.com/resize/cine21/still/2014/1022/18_02_20__5447729cb983b[X120,150].jpg',2410),
(5040,'http://image.cine21.com/resize/cine21/still/2014/1022/17_55_29__54477101a2a41[X120,150].jpg',2411),
(5041,'http://image.cine21.com/resize/cine21/still/2014/1022/17_50_45__54476fe59f48d[X120,150].jpg',2412),
(5042,'http://image.cine21.com/resize/cine21/still/2014/1022/17_48_35__54476f63522a1[X120,150].jpg',2413),
(5043,'http://img.cgv.co.kr/R2014/images/common/default_230_260.gif',2414),
(5044,'http://image.cine21.com/resize/cine21/person/2013/0329/60662[X120,150].jpg',2415),
(5045,'http://image.cine21.com/resize/cine21/person/2013/0325/2214[X120,150].jpg',2416),
(5046,'http://image.cine21.com/resize/cine21/person/2024/0102/14_53_34__6593a4deac024[X120,150].jpg',2417),
(5047,'http://image.cine21.com/resize/cine21/person/2013/0325/3031[X120,150].jpg',2418),
(5048,'http://image.cine21.com/resize/cine21/person/2013/0325/6775[X120,150].jpg',2419),
(5049,'http://image.cine21.com/resize/cine21/still/2017/1220/14_45_03__5a39f8df96a4e[X120,150].jpg',2420),
(5050,'http://image.cine21.com/resize/cine21/movie/2024/0418/15_19_47__6620bb83aeef8[X120,150].jpg',2421),
(5051,'http://image.cine21.com/resize/cine21/movie/2014/0415/16_08_16__534cdae068100[X120,150].jpg',2422),
(5052,'http://img.cgv.co.kr/R2014/images/common/default_230_260.gif',2270),
(5053,'http://image.cine21.com/resize/cine21/person/2019/0619/10_20_15__5d098dcf92226[X120,150].jpg',2423),
(5054,'http://img.cgv.co.kr/R2014/images/common/default_230_260.gif',2424),
(5055,'http://img.cgv.co.kr/R2014/images/common/default_230_260.gif',2425),
(5056,'http://img.cgv.co.kr/R2014/images/common/default_230_260.gif',2426),
(5057,'http://image.cine21.com/resize/cine21/person/2024/0110/18_16_09__659e60596250f[X120,150].jpg',2427),
(5058,'http://img.cgv.co.kr/R2014/images/common/default_230_260.gif',2428),
(5059,'http://img.cgv.co.kr/R2014/images/common/default_230_260.gif',2429),
(5060,'http://image.cine21.com/resize/cine21/person/2022/0314/15_51_45__622ee6012f70c[X120,150].jpg',2430),
(5061,'http://image.cine21.com/resize/cine21/still/2018/0104/11_43_03__5a4d94b765134[X120,150].jpg',2431),
(5062,'http://image.cine21.com/resize/cine21/person/2020/0115/15_11_58__5e1ead2e84a36[X120,150].jpg',2432),
(5063,'http://image.cine21.com/resize/cine21/person/2021/0624/18_29_26__60d45076bdded[X120,150].jpg',2433),
(5064,'http://image.cine21.com/resize/cine21/still/2018/1220/15_04_55__5c1b3107d44e7[X120,150].jpg',2434),
(5065,'http://image.cine21.com/resize/cine21/person/2024/0326/16_37_48__66027b4c861a6[X120,150].jpg',2435),
(5066,'http://img.cgv.co.kr/R2014/images/common/default_230_260.gif',2436),
(5067,'http://img.cgv.co.kr/R2014/images/common/default_230_260.gif',2437),
(5068,'http://img.cgv.co.kr/R2014/images/common/default_230_260.gif',2438),
(5069,'http://image.cine21.com/resize/cine21/person/2017/0105/16_09_54__586df1427d40c[X120,150].jpg',2439),
(5070,'http://img.cgv.co.kr/R2014/images/common/default_230_260.gif',2440),
(5071,'http://image.cine21.com/resize/cine21/person/2021/1007/16_19_46__615e9f923028e[X120,150].jpg',2441),
(5072,'http://img.cgv.co.kr/R2014/images/common/default_230_260.gif',2442),
(5073,'http://img.cgv.co.kr/R2014/images/common/default_230_260.gif',2443),
(5074,'http://image.cine21.com/resize/cine21/person/2009/0708/P0000023_71111[X120,150].jpg',2444),
(5075,'http://img.cgv.co.kr/R2014/images/common/default_230_260.gif',2445),
(5076,'http://img.cgv.co.kr/R2014/images/common/default_230_260.gif',2446),
(5077,'http://img.cgv.co.kr/R2014/images/common/default_230_260.gif',2447),
(5078,'http://image.cine21.com/resize/cine21/person/2024/1216/18_21_05__675ff101671db[X120,150].jpg',2448),
(5079,'http://image.cine21.com/resize/cine21/person/2024/1216/18_17_34__675ff02e7cc6c[X120,150].jpg',2449),
(5080,'http://image.cine21.com/resize/cine21/person/2024/1216/18_22_20__675ff14c3c595[X120,150].jpg',2450),
(5081,'http://image.cine21.com/resize/cine21/person/2024/1216/18_16_49__675ff001f0115[X120,150].jpg',2451),
(5082,'http://image.cine21.com/resize/cine21/person/2024/1216/18_18_16__675ff0587a0bf[X120,150].jpg',2452),
(5083,'http://image.cine21.com/resize/cine21/person/2024/1216/18_19_12__675ff0905fed6[X120,150].jpg',2453),
(5084,'http://image.cine21.com/resize/cine21/person/2024/1216/18_16_06__675fefd6b9b49[X120,150].jpg',2454),
(5085,'http://image.cine21.com/resize/cine21/person/2024/1216/18_20_23__675ff0d7c2ef1[X120,150].jpg',2455),
(5086,'http://image.cine21.com/resize/cine21/person/2024/1216/18_14_37__675fef7db1afa[X120,150].jpg',2456),
(5087,'http://image.cine21.com/resize/cine21/person/2024/1216/18_15_28__675fefb0daea4[X120,150].jpg',2457),
(5088,'http://image.cine21.com/resize/cine21/person/2024/1216/18_21_42__675ff126c9d61[X120,150].jpg',2458),
(5089,'http://image.cine21.com/resize/cine21/still/2024/0404/12_15_59__660e1b6fc5928[X120,150].jpg',2459),
(5090,'http://image.cine21.com/resize/cine21/still/2018/0801/16_48_43__5b6165dbb1cbd[X120,150].jpg',2460),
(5091,'http://image.cine21.com/resize/cine21/person/2020/0122/11_59_35__5e27ba973430e[X120,150].jpg',2461),
(5092,'http://image.cine21.com/resize/cine21/person/2007/0117/P0000015_peo58715[X120,150].jpg',2462),
(5093,'http://image.cine21.com/resize/cine21/person/2019/0821/16_25_09__5d5cf1d5bf658[X120,150].jpg',2463),
(5094,'http://img.cgv.co.kr/R2014/images/common/default_230_260.gif',2464),
(5095,'http://img.cgv.co.kr/R2014/images/common/default_230_260.gif',2465),
(5096,'http://img.cgv.co.kr/R2014/images/common/default_230_260.gif',2466),
(5097,'http://image.cine21.com/resize/cine21/person/2010/0531/P0000016_11[X120,150].jpg',2467),
(5098,'http://image.cine21.com/resize/cine21/person/2009/0216/P0000011_SHJ_9265[X120,150].jpg',2468),
(5099,'http://image.cine21.com/resize/cine21/still/2019/0527/16_03_48__5ceb8bd489359[X120,150].jpg',2469),
(5100,'http://image.cine21.com/resize/cine21/person/2012/0621/13_35_43__4fe2a49f48443[X120,150].jpg',2470),
(5101,'http://image.cine21.com/resize/cine21/person/2021/1007/10_46_44__615e5184999d7[X120,150].jpg',2471),
(5102,'http://image.cine21.com/resize/cine21/person/2024/0110/13_16_33__659e1a210281e[X120,150].jpg',2472),
(5103,'http://image.cine21.com/resize/cine21/person/2019/0517/18_02_28__5cde78a4a046a[X120,150].jpg',2473),
(5104,'http://img.cgv.co.kr/R2014/images/common/default_230_260.gif',2375),
(5105,'http://img.cgv.co.kr/R2014/images/common/default_230_260.gif',2474),
(5106,'http://image.cine21.com/resize/cine21/person/2024/1127/09_21_19__674665ff11777[X120,150].jpg',2475),
(5107,'http://image.cine21.com/resize/cine21/person/2024/1127/09_19_40__6746659cd698f[X120,150].jpg',2476),
(5108,'http://image.cine21.com/resize/cine21/person/2024/1127/09_17_53__674665315b176[X120,150].jpg',2477),
(5109,'http://img.cgv.co.kr/R2014/images/common/default_230_260.gif',2478),
(5110,'http://image.cine21.com/resize/cine21/person/2024/1126/10_34_08__67452590b889d[X120,150].jpg',2479),
(5111,'http://img.cgv.co.kr/R2014/images/common/default_230_260.gif',2480),
(5112,'http://image.cine21.com/resize/cine21/movie/2023/0317/12_41_30__6413e16acfbdb[X120,150].jpg',2481),
(5113,'http://img.cgv.co.kr/R2014/images/common/default_230_260.gif',2482),
(5114,'http://img.cgv.co.kr/R2014/images/common/default_230_260.gif',2483),
(5115,'http://img.cgv.co.kr/R2014/images/common/default_230_260.gif',2484),
(5116,'http://image.cine21.com/resize/cine21/still/2024/0403/16_19_28__660d030048e20[X120,150].jpg',2485),
(5117,'http://image.cine21.com/resize/cine21/person/2009/1021/P0000001_72502[X120,150].jpg',2486),
(5118,'http://image.cine21.com/resize/cine21/person/2019/0910/6559[X120,150].jpg',2487),
(5119,'http://img.cgv.co.kr/R2014/images/common/default_230_260.gif',2488),
(5120,'http://image.cine21.com/resize/cine21/person/2005/0404/P0000028_peo49707[X120,150].jpg',2489),
(5121,'http://image.cine21.com/resize/cine21/person/2013/0325/20910[X120,150].jpg',2490),
(5122,'http://img.cgv.co.kr/R2014/images/common/default_230_260.gif',2491),
(5123,'http://img.cgv.co.kr/R2014/images/common/default_230_260.gif',2492),
(5124,'http://img.cgv.co.kr/R2014/images/common/default_230_260.gif',2493),
(5125,'http://img.cgv.co.kr/R2014/images/common/default_230_260.gif',2494),
(5126,'http://image.cine21.com/resize/cine21/person/2024/0102/16_45_04__6593bf001dc22[X120,150].jpg',2495),
(5127,'http://image.cine21.com/resize/cine21/person/2024/0110/13_36_08__659e1eb809976[X120,150].jpg',2496),
(5128,'http://image.cine21.com/resize/cine21/person/2013/0329/61526[X120,150].jpg',2497),
(5129,'http://image.cine21.com/resize/cine21/still/2018/1015/16_03_44__5bc43bd091530[X120,150].jpg',2498),
(5130,'http://img.cgv.co.kr/R2014/images/common/default_230_260.gif',2499),
(5131,'http://image.cine21.com/resize/cine21/still/2019/0304/10_49_23__5c7c8423c6b10[X120,150].jpeg',2500),
(5132,'http://image.cine21.com/resize/cine21/movie/2023/0414/20_55_04__64393f18d2d67[X120,150].jpg',2501),
(5133,'http://image.cine21.com/resize/cine21/still/2015/0127/16_48_44__54c742dcdf889[X120,150].jpg',2502),
(5134,'http://image.cine21.com/resize/cine21/person/2019/1106/11_45_54__5dc233e2c8342[X120,150].jpg',2503),
(5135,'http://img.cgv.co.kr/R2014/images/common/default_230_260.gif',2504),
(5136,'http://image.cine21.com/resize/cine21/person/2022/0413/17_12_11__625685db9dcf1[X120,150].jpg',2505),
(5137,'http://img.cgv.co.kr/R2014/images/common/default_230_260.gif',2506),
(5138,'http://image.cine21.com/resize/cine21/person/2013/0325/79001[X120,150].jpg',2507),
(5139,'http://image.cine21.com/resize/cine21/still/2018/0524/15_36_33__5b065d711de6e[X120,150].jpg',2508),
(5140,'http://image.cine21.com/resize/cine21/person/2009/1221/P0000006_02[X120,150].jpg',2509),
(5141,'http://img.cgv.co.kr/R2014/images/common/default_230_260.gif',2510),
(5142,'http://img.cgv.co.kr/R2014/images/common/default_230_260.gif',2511),
(5143,'http://image.cine21.com/resize/cine21/still/2019/0423/15_37_56__5cbeb2c467121[X120,150].jpg',2512),
(5144,'http://image.cine21.com/resize/cine21/person/2013/0325/15358[X120,150].jpg',2513),
(5145,'http://img.cgv.co.kr/R2014/images/common/default_230_260.gif',2514),
(5146,'http://image.cine21.com/resize/cine21/person/2013/0325/19712[X120,150].jpg',2515),
(5147,'http://img.cgv.co.kr/R2014/images/common/default_230_260.gif',2516),
(5148,'http://image.cine21.com/resize/cine21/person/2020/0320/10_39_53__5e741ee9d1e4a[X120,150].jpg',2517),
(5149,'http://image.cine21.com/resize/cine21/person/2024/0110/13_24_59__659e1c1ba8d7c[X120,150].jpg',2518),
(5150,'http://image.cine21.com/resize/cine21/person/2024/0401/14_10_02__660a41aa09a06[X120,150].jpg',2519),
(5151,'http://image.cine21.com/resize/cine21/person/2013/0325/12726[X120,150].jpg',2520),
(5152,'http://image.cine21.com/resize/cine21/person/2020/0914/19_14_35__5f5f428b7f91b[X120,150].jpg',2521),
(5153,'http://image.cine21.com/resize/cine21/person/2020/0914/19_15_17__5f5f42b54bcc6[X120,150].jpg',2522),
(5154,'http://image.cine21.com/resize/cine21/person/2023/0519/16_51_08__64672a6c5db43[X120,150].jpg',2523),
(5155,'http://img.cgv.co.kr/R2014/images/common/default_230_260.gif',2524),
(5156,'http://img.cgv.co.kr/R2014/images/common/default_230_260.gif',2525),
(5157,'http://image.cine21.com/resize/cine21/person/2013/0325/23774[X120,150].jpg',2526),
(5158,'http://img.cgv.co.kr/R2014/images/common/default_230_260.gif',2527),
(5159,'http://image.cine21.com/resize/cine21/person/2022/0506/17_46_45__6274e0750ac23[X120,150].jpg',2528),
(5160,'http://image.cine21.com/resize/cine21/person/imagelink/3867[X120,150].jpg',2529),
(5161,'http://image.cine21.com/resize/cine21/still/2018/1220/17_08_14__5c1b4dee1a392[X120,150].jpg',2530),
(5162,'http://image.cine21.com/resize/cine21/still/2019/0418/15_46_54__5cb81d5ec0e72[X120,150].jpg',2531),
(5163,'http://image.cine21.com/resize/cine21/person/2013/0325/79422[X120,150].jpg',2532),
(5164,'http://image.cine21.com/resize/cine21/person/2019/1220/12_22_47__5dfc3e87542cd[X120,150].jpg',2533),
(5165,'http://image.cine21.com/resize/cine21/person/2020/0122/14_08_29__5e27d8cd3a537[X120,150].jpg',2534),
(5166,'http://image.cine21.com/resize/cine21/still/2017/1222/10_49_58__5a3c64c669d35[X120,150].jpg',2535),
(5167,'http://image.cine21.com/resize/cine21/person/2017/1129/09_50_53__5a1e046dbdb13[X120,150].jpg',2536),
(5168,'http://image.cine21.com/resize/cine21/still/2018/0510/14_49_44__5af3dd781490c[X120,150].jpg',2537),
(5169,'http://image.cine21.com/resize/cine21/still/2017/1207/15_31_37__5a28e04961808[X120,150].jpg',2538),
(5170,'http://image.cine21.com/resize/cine21/person/2021/0126/17_54_53__600fd8dda3d70[X120,150].jpg',2539),
(5171,'http://img.cgv.co.kr/R2014/images/common/default_230_260.gif',2540),
(5172,'http://image.cine21.com/resize/cine21/poster/2024/0403/15_48_08__660cfba87194b[X120,150].jpg',2541),
(5173,'http://image.cine21.com/resize/cine21/person/2020/0812/1804[X120,150].jpg',2542),
(5174,'http://image.cine21.com/resize/cine21/still/2019/0528/16_35_46__5cece4d210e09[X120,150].jpg',2543),
(5175,'http://image.cine21.com/resize/cine21/still/2018/1001/17_26_24__5bb1da307731d[X120,150].jpg',2544),
(5176,'http://img.cgv.co.kr/R2014/images/common/default_230_260.gif',2545),
(5177,'http://image.cine21.com/resize/cine21/person/2019/0612/11_02_44__5d005d448734b[X120,150].jpg',2546),
(5178,'http://image.cine21.com/resize/cine21/still/2018/1217/14_44_09__5c1737a9d793c[X120,150].jpg',2547),
(5179,'http://image.cine21.com/resize/cine21/person/2024/1122/17_36_10__6740427aa20dd[X120,150].jpg',2548),
(5180,'http://image.cine21.com/resize/cine21/person/2018/0509/16_20_37__5af2a145624a1[X120,150].jpg',2549),
(5181,'http://image.cine21.com/resize/cine21/person/2019/1007/15_08_33__5d9ad661a6e90[X120,150].png',2550),
(5182,'http://image.cine21.com/resize/cine21/still/2019/0401/15_49_04__5ca1b460cd6d2[X120,150].jpg',2551),
(5183,'http://image.cine21.com/resize/cine21/person/2013/0325/16448[X120,150].jpg',2552),
(5184,'http://img.cgv.co.kr/R2014/images/common/default_230_260.gif',2553),
(5185,'http://image.cine21.com/resize/cine21/movie/2023/0421/11_08_19__6441f0133e41d[X120,150].jpg',2554),
(5186,'http://image.cine21.com/resize/cine21/still/2019/0401/15_01_13__5ca1a929b2d8b[X120,150].jpg',2555),
(5187,'http://image.cine21.com/resize/cine21/person/2013/0325/25953[X120,150].jpg',2556),
(5188,'http://img.cgv.co.kr/R2014/images/common/default_230_260.gif',2557),
(5189,'http://img.cgv.co.kr/R2014/images/common/default_230_260.gif',2558),
(5190,'http://img.cgv.co.kr/R2014/images/common/default_230_260.gif',2559),
(5191,'http://img.cgv.co.kr/R2014/images/common/default_230_260.gif',2560),
(5192,'http://img.cgv.co.kr/R2014/images/common/default_230_260.gif',2561),
(5193,'http://img.cgv.co.kr/R2014/images/common/default_230_260.gif',2562),
(5194,'http://img.cgv.co.kr/R2014/images/common/default_230_260.gif',2563),
(5195,'http://img.cgv.co.kr/R2014/images/common/default_230_260.gif',2564),
(5196,'http://image.cine21.com/resize/cine21/person/2021/0906/12_42_03__61358e0bebeef[X120,150].jpg',2565),
(5197,'http://image.cine21.com/resize/cine21/still/2018/0612/16_04_39__5b1f708783c72[X120,150].jpg',2566),
(5198,'http://img.cgv.co.kr/R2014/images/common/default_230_260.gif',2567),
(5199,'http://image.cine21.com/resize/cine21/movie/2024/0110/17_15_49__659e5235ce67a[X120,150].jpg',2568),
(5200,'http://image.cine21.com/resize/cine21/person/2018/1221/16_14_38__5c1c92de36057[X120,150].png',2569),
(5201,'http://img.cgv.co.kr/R2014/images/common/default_230_260.gif',2570),
(5202,'http://image.cine21.com/resize/cine21/person/2024/0403/15_37_31__660cf92b097a5[X120,150].jpg',2571),
(5203,'http://img.cgv.co.kr/R2014/images/common/default_230_260.gif',2572),
(5204,'http://image.cine21.com/resize/cine21/person/2024/0401/17_02_50__660a6a2aa6271[X120,150].jpg',2573),
(5205,'http://image.cine21.com/resize/cine21/movie/2021/0319/11_12_37__605408958727a[X120,150].JPG',2574),
(5206,'http://image.cine21.com/resize/cine21/movie/2023/0314/19_43_02__64104fb6483f6[X120,150].jpg',2575),
(5207,'http://image.cine21.com/resize/cine21/person/2013/0325/77006[X120,150].jpg',2576),
(5208,'http://image.cine21.com/resize/cine21/still/2018/0510/14_48_11__5af3dd1b6a1c5[X120,150].jpg',2577),
(5209,'http://img.cgv.co.kr/R2014/images/common/default_230_260.gif',2578),
(5210,'http://image.cine21.com/resize/cine21/person/2013/0329/46294[X120,150].jpg',2579),
(5211,'http://image.cine21.com/resize/cine21/person/2013/0325/2327[X120,150].jpg',2580),
(5212,'http://image.cine21.com/resize/cine21/person/2010/0405/P0000016_14[X120,150].jpg',2581),
(5213,'http://image.cine21.com/resize/cine21/person/2024/0110/18_32_26__659e642aeb782[X120,150].jpg',2582),
(5214,'http://img.cgv.co.kr/R2014/images/common/default_230_260.gif',2583),
(5215,'http://image.cine21.com/resize/cine21/person/2023/0117/13_51_46__63c62962a224d[X120,150].jpg',2584),
(5216,'http://img.cgv.co.kr/R2014/images/common/default_230_260.gif',2585),
(5217,'http://img.cgv.co.kr/R2014/images/common/default_230_260.gif',2246),
(5218,'http://image.cine21.com/resize/cine21/person/2020/1221/11_56_23__5fe00ed75a2c4[X120,150].jpg',2586),
(5219,'http://image.cine21.com/resize/cine21/person/2024/1127/09_10_43__674663832bc39[X120,150].jpg',2587),
(5220,'http://image.cine21.com/resize/cine21/person/2024/1127/09_13_20__674664204ce05[X120,150].jpg',2588),
(5221,'http://img.cgv.co.kr/R2014/images/common/default_230_260.gif',2589),
(5222,'http://img.cgv.co.kr/R2014/images/common/default_230_260.gif',2590),
(5223,'http://img.cgv.co.kr/R2014/images/common/default_230_260.gif',2591),
(5224,'http://img.cgv.co.kr/R2014/images/common/default_230_260.gif',2592),
(5225,'http://img.cgv.co.kr/R2014/images/common/default_230_260.gif',2593),
(5226,'http://img.cgv.co.kr/R2014/images/common/default_230_260.gif',2594),
(5227,'http://img.cgv.co.kr/R2014/images/common/default_230_260.gif',2595),
(5228,'http://img.cgv.co.kr/R2014/images/common/default_230_260.gif',2596),
(5229,'http://img.cgv.co.kr/R2014/images/common/default_230_260.gif',2597),
(5230,'http://img.cgv.co.kr/R2014/images/common/default_230_260.gif',2598),
(5231,'http://img.cgv.co.kr/R2014/images/common/default_230_260.gif',2599),
(5232,'http://image.cine21.com/resize/cine21/still/2019/0109/15_19_43__5c35927f2d4ee[X120,150].jpg',2600),
(5233,'http://image.cine21.com/resize/cine21/person/2019/0923/16_29_09__5d88744588128[X120,150].jpg',2601),
(5234,'http://image.cine21.com/resize/cine21/person/2021/0720/10_54_39__60f62cdf8d1d7[X120,150].jpg',2602),
(5235,'http://image.cine21.com/resize/cine21/person/2019/1030/11_38_29__5db8f7a5974a7[X120,150].jpg',2603),
(5236,'http://image.cine21.com/resize/cine21/person/2024/1021/17_34_17__67161209a861e[X120,150].jpg',2604),
(5237,'http://image.cine21.com/resize/cine21/person/2024/1021/17_36_55__671612a74eec2[X120,150].jpg',2605),
(5238,'http://image.cine21.com/resize/cine21/person/2024/1021/17_37_38__671612d25112c[X120,150].jpg',2606),
(5239,'http://image.cine21.com/resize/cine21/person/2024/1021/17_35_40__6716125c4d850[X120,150].jpg',2607),
(5240,'http://image.cine21.com/resize/cine21/person/2024/1021/17_36_20__67161284051df[X120,150].jpg',2608),
(5241,'http://image.cine21.com/resize/cine21/movie/2023/0116/18_30_20__63c5192c8052e[X120,150].jpg',2609),
(5242,'http://img.cgv.co.kr/R2014/images/common/default_230_260.gif',2610),
(5243,'http://image.cine21.com/resize/cine21/movie/2021/1122/14_15_54__619b278a4e204[X120,150].jpg',2611),
(5244,'http://img.cgv.co.kr/R2014/images/common/default_230_260.gif',2612),
(5245,'http://img.cgv.co.kr/R2014/images/common/default_230_260.gif',2613),
(5246,'http://image.cine21.com/resize/cine21/person/2020/0526/15_38_36__5eccb96cbe8aa[X120,150].jpg',2614),
(5247,'http://image.cine21.com/resize/cine21/person/2013/0329/55895[X120,150].jpg',2615),
(5248,'http://img.cgv.co.kr/R2014/images/common/default_230_260.gif',2616),
(5249,'http://img.cgv.co.kr/R2014/images/common/default_230_260.gif',2617),
(5250,'http://img.cgv.co.kr/R2014/images/common/default_230_260.gif',2618),
(5251,'http://image.cine21.com/resize/cine21/person/2011/0128/P0000011_main[X120,150].jpg',2619),
(5252,'http://image.cine21.com/resize/cine21/still/2017/1221/15_26_57__5a3b543183a9c[X120,150].jpg',2620),
(5253,'http://image.cine21.com/resize/cine21/person/2020/0812/2658[X120,150].jpg',2621),
(5254,'http://image.cine21.com/resize/cine21/person/2022/0609/16_40_41__62a1a3f9c923a[X120,150].jpg',2622),
(5255,'http://image.cine21.com/resize/cine21/person/2022/0509/19_00_49__6278e651175df[X120,150].jpg',2623),
(5256,'http://image.cine21.com/resize/cine21/person/2007/0122/P0000034_peo58828[X120,150].jpg',2624),
(5257,'http://image.cine21.com/resize/cine21/person/2013/0325/15041[X120,150].jpg',2625),
(5258,'http://img.cgv.co.kr/R2014/images/common/default_230_260.gif',2626),
(5259,'http://img.cgv.co.kr/R2014/images/common/default_230_260.gif',2627),
(5260,'http://image.cine21.com/resize/cine21/person/imagelink/7080[X120,150].jpg',2628),
(5261,'http://image.cine21.com/resize/cine21/still/2019/0321/16_26_31__5c933ca7477b4[X120,150].jpg',2629),
(5262,'http://image.cine21.com/resize/cine21/person/2020/0402/13_14_53__5e8566bd23afc[X120,150].jpg',2630),
(5263,'http://image.cine21.com/resize/cine21/person/2024/0719/10_58_01__6699c82972e38[X120,150].jpg',2631),
(5264,'http://img.cgv.co.kr/R2014/images/common/default_230_260.gif',2632),
(5265,'http://image.cine21.com/resize/cine21/movie/2022/0826/16_45_47__63087a2bf3532[X120,150].jpg',2633),
(5266,'http://image.cine21.com/resize/cine21/person/2017/0306/10_44_40__58bcbf0810151[X120,150].jpg',2634),
(5267,'http://img.cgv.co.kr/R2014/images/common/default_230_260.gif',2635),
(5268,'http://img.cgv.co.kr/R2014/images/common/default_230_260.gif',2636),
(5269,'http://img.cgv.co.kr/R2014/images/common/default_230_260.gif',2637),
(5270,'http://img.cgv.co.kr/R2014/images/common/default_230_260.gif',2638),
(5271,'http://img.cgv.co.kr/R2014/images/common/default_230_260.gif',2639),
(5272,'http://image.cine21.com/resize/cine21/person/2023/0519/17_02_47__64672d275937d[X120,150].jpg',2640),
(5273,'http://img.cgv.co.kr/R2014/images/common/default_230_260.gif',2641),
(5274,'http://img.cgv.co.kr/R2014/images/common/default_230_260.gif',2642),
(5275,'http://img.cgv.co.kr/R2014/images/common/default_230_260.gif',2643),
(5276,'http://img.cgv.co.kr/R2014/images/common/default_230_260.gif',2644),
(5277,'http://image.cine21.com/resize/cine21/person/2024/0726/16_27_12__66a34fd09a0a7[X120,150].jpg',2645),
(5278,'http://image.cine21.com/resize/cine21/person/2024/0726/16_23_56__66a34f0c8ff24[X120,150].jpg',2646),
(5279,'http://image.cine21.com/resize/cine21/person/2024/0726/16_20_22__66a34e365195a[X120,150].jpg',2647),
(5280,'http://image.cine21.com/resize/cine21/person/2024/0726/16_21_54__66a34e92b50c1[X120,150].jpg',2648),
(5281,'http://image.cine21.com/resize/cine21/person/2024/0726/16_28_09__66a3500979d03[X120,150].jpg',2649),
(5282,'http://image.cine21.com/resize/cine21/person/2024/0726/16_15_59__66a34d2fdc8bd[X120,150].jpg',2650),
(5283,'http://image.cine21.com/resize/cine21/person/2024/0726/16_22_35__66a34ebb48612[X120,150].jpg',2651),
(5284,'http://image.cine21.com/resize/cine21/person/2024/0726/16_24_29__66a34f2d932c0[X120,150].jpg',2652),
(5285,'http://image.cine21.com/resize/cine21/person/2024/0726/16_25_48__66a34f7c2a7e2[X120,150].jpg',2653),
(5286,'http://img.cgv.co.kr/R2014/images/common/default_230_260.gif',2654),
(5287,'http://image.cine21.com/resize/cine21/person/2013/0326/84138[X120,150].jpg',2655),
(5288,'http://img.cgv.co.kr/R2014/images/common/default_230_260.gif',2656),
(5289,'http://img.cgv.co.kr/R2014/images/common/default_230_260.gif',2246),
(5290,'http://img.cgv.co.kr/R2014/images/common/default_230_260.gif',2251),
(5291,'http://img.cgv.co.kr/R2014/images/common/default_230_260.gif',2252),
(5292,'http://img.cgv.co.kr/R2014/images/common/default_230_260.gif',2414),
(5293,'http://img.cgv.co.kr/R2014/images/common/default_230_260.gif',2327),
(5294,'http://img.cgv.co.kr/R2014/images/common/default_230_260.gif',2328),
(5295,'http://img.cgv.co.kr/R2014/images/common/default_230_260.gif',2332),
(5296,'http://img.cgv.co.kr/R2014/images/common/default_230_260.gif',2333),
(5297,'http://img.cgv.co.kr/R2014/images/common/default_230_260.gif',2334),
(5298,'http://img.cgv.co.kr/R2014/images/common/default_230_260.gif',2335),
(5299,'http://img.cgv.co.kr/R2014/images/common/default_230_260.gif',2336),
(5300,'http://img.cgv.co.kr/R2014/images/common/default_230_260.gif',2488),
(5301,'http://img.cgv.co.kr/R2014/images/common/default_230_260.gif',2491),
(5302,'http://img.cgv.co.kr/R2014/images/common/default_230_260.gif',2492),
(5303,'http://img.cgv.co.kr/R2014/images/common/default_230_260.gif',2493),
(5304,'http://img.cgv.co.kr/R2014/images/common/default_230_260.gif',2585),
(5305,'http://img.cgv.co.kr/R2014/images/common/default_230_260.gif',2246),
(5306,'http://img.cgv.co.kr/R2014/images/common/default_230_260.gif',2246),
(5307,'http://img.cgv.co.kr/R2014/images/common/default_230_260.gif',2327),
(5308,'http://img.cgv.co.kr/R2014/images/common/default_230_260.gif',2328),
(5309,'http://img.cgv.co.kr/R2014/images/common/default_230_260.gif',2332),
(5310,'http://img.cgv.co.kr/R2014/images/common/default_230_260.gif',2333),
(5311,'http://img.cgv.co.kr/R2014/images/common/default_230_260.gif',2334),
(5312,'http://img.cgv.co.kr/R2014/images/common/default_230_260.gif',2335),
(5313,'http://img.cgv.co.kr/R2014/images/common/default_230_260.gif',2336),
(5314,'http://img.cgv.co.kr/R2014/images/common/default_230_260.gif',2251),
(5315,'http://img.cgv.co.kr/R2014/images/common/default_230_260.gif',2252),
(5316,'http://img.cgv.co.kr/R2014/images/common/default_230_260.gif',2414),
(5317,'http://img.cgv.co.kr/R2014/images/common/default_230_260.gif',2327),
(5318,'http://img.cgv.co.kr/R2014/images/common/default_230_260.gif',2328),
(5319,'http://img.cgv.co.kr/R2014/images/common/default_230_260.gif',2332),
(5320,'http://img.cgv.co.kr/R2014/images/common/default_230_260.gif',2333),
(5321,'http://img.cgv.co.kr/R2014/images/common/default_230_260.gif',2334),
(5322,'http://img.cgv.co.kr/R2014/images/common/default_230_260.gif',2335),
(5323,'http://img.cgv.co.kr/R2014/images/common/default_230_260.gif',2336),
(5324,'http://img.cgv.co.kr/R2014/images/common/default_230_260.gif',2246),
(5325,'http://img.cgv.co.kr/R2014/images/common/default_230_260.gif',2251),
(5326,'http://img.cgv.co.kr/R2014/images/common/default_230_260.gif',2252),
(5327,'http://img.cgv.co.kr/R2014/images/common/default_230_260.gif',2414),
(5328,'http://img.cgv.co.kr/R2014/images/common/default_230_260.gif',2488),
(5329,'http://img.cgv.co.kr/R2014/images/common/default_230_260.gif',2491),
(5330,'http://img.cgv.co.kr/R2014/images/common/default_230_260.gif',2492),
(5331,'http://img.cgv.co.kr/R2014/images/common/default_230_260.gif',2493),
(5332,'http://img.cgv.co.kr/R2014/images/common/default_230_260.gif',2585),
(5333,'http://img.cgv.co.kr/R2014/images/common/default_230_260.gif',2246),
(5334,'http://img.cgv.co.kr/R2014/images/common/default_230_260.gif',2488),
(5335,'http://img.cgv.co.kr/R2014/images/common/default_230_260.gif',2491),
(5336,'http://img.cgv.co.kr/R2014/images/common/default_230_260.gif',2492),
(5337,'http://img.cgv.co.kr/R2014/images/common/default_230_260.gif',2493),
(5338,'http://img.cgv.co.kr/R2014/images/common/default_230_260.gif',2585),
(5339,'http://img.cgv.co.kr/R2014/images/common/default_230_260.gif',2246),
(5340,'http://img.cgv.co.kr/R2014/images/common/default_230_260.gif',2246),
(5341,'http://img.cgv.co.kr/R2014/images/common/default_230_260.gif',2251),
(5342,'http://img.cgv.co.kr/R2014/images/common/default_230_260.gif',2252),
(5343,'http://img.cgv.co.kr/R2014/images/common/default_230_260.gif',2414),
(5344,'http://img.cgv.co.kr/R2014/images/common/default_230_260.gif',2327),
(5345,'http://img.cgv.co.kr/R2014/images/common/default_230_260.gif',2328),
(5346,'http://img.cgv.co.kr/R2014/images/common/default_230_260.gif',2332),
(5347,'http://img.cgv.co.kr/R2014/images/common/default_230_260.gif',2333),
(5348,'http://img.cgv.co.kr/R2014/images/common/default_230_260.gif',2334),
(5349,'http://img.cgv.co.kr/R2014/images/common/default_230_260.gif',2246),
(5350,'http://img.cgv.co.kr/R2014/images/common/default_230_260.gif',2246),
(5351,'http://img.cgv.co.kr/R2014/images/common/default_230_260.gif',2251),
(5352,'http://img.cgv.co.kr/R2014/images/common/default_230_260.gif',2252),
(5353,'http://img.cgv.co.kr/R2014/images/common/default_230_260.gif',2414),
(5354,'http://img.cgv.co.kr/R2014/images/common/default_230_260.gif',2464),
(5355,'http://img.cgv.co.kr/R2014/images/common/default_230_260.gif',2465),
(5356,'http://img.cgv.co.kr/R2014/images/common/default_230_260.gif',2466),
(5357,'http://img.cgv.co.kr/R2014/images/common/default_230_260.gif',2375),
(5358,'http://img.cgv.co.kr/R2014/images/common/default_230_260.gif',2474),
(5359,'http://img.cgv.co.kr/R2014/images/common/default_230_260.gif',2263),
(5360,'http://img.cgv.co.kr/R2014/images/common/default_230_260.gif',2265),
(5361,'http://img.cgv.co.kr/R2014/images/common/default_230_260.gif',2266),
(5362,'http://img.cgv.co.kr/R2014/images/common/default_230_260.gif',2267),
(5363,'http://img.cgv.co.kr/R2014/images/common/default_230_260.gif',2269),
(5364,'http://img.cgv.co.kr/R2014/images/common/default_230_260.gif',2270),
(5365,'http://img.cgv.co.kr/R2014/images/common/default_230_260.gif',2362),
(5366,'http://img.cgv.co.kr/R2014/images/common/default_230_260.gif',2363),
(5367,'http://img.cgv.co.kr/R2014/images/common/default_230_260.gif',2368),
(5368,'http://img.cgv.co.kr/R2014/images/common/default_230_260.gif',2369),
(5369,'http://img.cgv.co.kr/R2014/images/common/default_230_260.gif',2370),
(5370,'http://img.cgv.co.kr/R2014/images/common/default_230_260.gif',2371),
(5371,'http://img.cgv.co.kr/R2014/images/common/default_230_260.gif',2374),
(5372,'http://img.cgv.co.kr/R2014/images/common/default_230_260.gif',2375),
(5373,'http://img.cgv.co.kr/R2014/images/common/default_230_260.gif',2384),
(5374,'http://img.cgv.co.kr/R2014/images/common/default_230_260.gif',2391),
(5375,'http://img.cgv.co.kr/R2014/images/common/default_230_260.gif',2393),
(5376,'http://img.cgv.co.kr/R2014/images/common/default_230_260.gif',2395),
(5377,'http://img.cgv.co.kr/R2014/images/common/default_230_260.gif',2396),
(5378,'http://img.cgv.co.kr/R2014/images/common/default_230_260.gif',2397),
(5379,'http://img.cgv.co.kr/R2014/images/common/default_230_260.gif',2398),
(5380,'http://img.cgv.co.kr/R2014/images/common/default_230_260.gif',2399),
(5381,'http://img.cgv.co.kr/R2014/images/common/default_230_260.gif',2400),
(5382,'http://img.cgv.co.kr/R2014/images/common/default_230_260.gif',2401),
(5383,'http://img.cgv.co.kr/R2014/images/common/default_230_260.gif',2402),
(5384,'http://img.cgv.co.kr/R2014/images/common/default_230_260.gif',2403),
(5385,'http://img.cgv.co.kr/R2014/images/common/default_230_260.gif',2404),
(5386,'http://img.cgv.co.kr/R2014/images/common/default_230_260.gif',2405),
(5387,'http://img.cgv.co.kr/R2014/images/common/default_230_260.gif',2406),
(5388,'http://img.cgv.co.kr/R2014/images/common/default_230_260.gif',2407),
(5389,'http://img.cgv.co.kr/R2014/images/common/default_230_260.gif',2408),
(5390,'http://img.cgv.co.kr/R2014/images/common/default_230_260.gif',2409),
(5391,'http://img.cgv.co.kr/R2014/images/common/default_230_260.gif',2270),
(5392,'http://img.cgv.co.kr/R2014/images/common/default_230_260.gif',2424),
(5393,'http://img.cgv.co.kr/R2014/images/common/default_230_260.gif',2425),
(5394,'http://img.cgv.co.kr/R2014/images/common/default_230_260.gif',2426),
(5395,'http://img.cgv.co.kr/R2014/images/common/default_230_260.gif',2428),
(5396,'http://img.cgv.co.kr/R2014/images/common/default_230_260.gif',2429),
(5397,'http://img.cgv.co.kr/R2014/images/common/default_230_260.gif',2436),
(5398,'http://img.cgv.co.kr/R2014/images/common/default_230_260.gif',2437),
(5399,'http://img.cgv.co.kr/R2014/images/common/default_230_260.gif',2438),
(5400,'http://img.cgv.co.kr/R2014/images/common/default_230_260.gif',2440),
(5401,'http://img.cgv.co.kr/R2014/images/common/default_230_260.gif',2442),
(5402,'http://img.cgv.co.kr/R2014/images/common/default_230_260.gif',2443),
(5403,'http://img.cgv.co.kr/R2014/images/common/default_230_260.gif',2445),
(5404,'http://img.cgv.co.kr/R2014/images/common/default_230_260.gif',2446),
(5405,'http://img.cgv.co.kr/R2014/images/common/default_230_260.gif',2447),
(5406,'http://img.cgv.co.kr/R2014/images/common/default_230_260.gif',2499),
(5407,'http://img.cgv.co.kr/R2014/images/common/default_230_260.gif',2504),
(5408,'http://img.cgv.co.kr/R2014/images/common/default_230_260.gif',2506),
(5409,'http://img.cgv.co.kr/R2014/images/common/default_230_260.gif',2510),
(5410,'http://img.cgv.co.kr/R2014/images/common/default_230_260.gif',2511),
(5411,'http://img.cgv.co.kr/R2014/images/common/default_230_260.gif',2514),
(5412,'http://img.cgv.co.kr/R2014/images/common/default_230_260.gif',2516),
(5413,'http://img.cgv.co.kr/R2014/images/common/default_230_260.gif',2524),
(5414,'http://img.cgv.co.kr/R2014/images/common/default_230_260.gif',2525),
(5415,'http://img.cgv.co.kr/R2014/images/common/default_230_260.gif',2527),
(5416,'http://img.cgv.co.kr/R2014/images/common/default_230_260.gif',2274),
(5417,'http://img.cgv.co.kr/R2014/images/common/default_230_260.gif',2275),
(5418,'http://img.cgv.co.kr/R2014/images/common/default_230_260.gif',2284),
(5419,'http://img.cgv.co.kr/R2014/images/common/default_230_260.gif',2540),
(5420,'http://img.cgv.co.kr/R2014/images/common/default_230_260.gif',2545),
(5421,'http://img.cgv.co.kr/R2014/images/common/default_230_260.gif',2553),
(5422,'http://img.cgv.co.kr/R2014/images/common/default_230_260.gif',2557),
(5423,'http://img.cgv.co.kr/R2014/images/common/default_230_260.gif',2558),
(5424,'http://img.cgv.co.kr/R2014/images/common/default_230_260.gif',2559),
(5425,'http://img.cgv.co.kr/R2014/images/common/default_230_260.gif',2560),
(5426,'http://img.cgv.co.kr/R2014/images/common/default_230_260.gif',2561),
(5427,'http://img.cgv.co.kr/R2014/images/common/default_230_260.gif',2562),
(5428,'http://img.cgv.co.kr/R2014/images/common/default_230_260.gif',2563),
(5429,'http://img.cgv.co.kr/R2014/images/common/default_230_260.gif',2484),
(5430,'http://img.cgv.co.kr/R2014/images/common/default_230_260.gif',2478),
(5431,'http://img.cgv.co.kr/R2014/images/common/default_230_260.gif',2480),
(5432,'http://img.cgv.co.kr/R2014/images/common/default_230_260.gif',2482),
(5433,'http://img.cgv.co.kr/R2014/images/common/default_230_260.gif',2483),
(5434,'http://img.cgv.co.kr/R2014/images/common/default_230_260.gif',2488),
(5435,'http://img.cgv.co.kr/R2014/images/common/default_230_260.gif',2491),
(5436,'http://img.cgv.co.kr/R2014/images/common/default_230_260.gif',2492),
(5437,'http://img.cgv.co.kr/R2014/images/common/default_230_260.gif',2493),
(5438,'http://img.cgv.co.kr/R2014/images/common/default_230_260.gif',2494),
(5439,'http://img.cgv.co.kr/R2014/images/common/default_230_260.gif',2583),
(5440,'http://img.cgv.co.kr/R2014/images/common/default_230_260.gif',2585),
(5441,'http://img.cgv.co.kr/R2014/images/common/default_230_260.gif',2246),
(5442,'http://img.cgv.co.kr/R2014/images/common/default_230_260.gif',2564),
(5443,'http://img.cgv.co.kr/R2014/images/common/default_230_260.gif',2567),
(5444,'http://img.cgv.co.kr/R2014/images/common/default_230_260.gif',2570),
(5445,'http://img.cgv.co.kr/R2014/images/common/default_230_260.gif',2572),
(5446,'http://img.cgv.co.kr/R2014/images/common/default_230_260.gif',2578),
(5447,'http://img.cgv.co.kr/R2014/images/common/default_230_260.gif',2293),
(5448,'http://img.cgv.co.kr/R2014/images/common/default_230_260.gif',2303),
(5449,'http://img.cgv.co.kr/R2014/images/common/default_230_260.gif',2304),
(5450,'http://img.cgv.co.kr/R2014/images/common/default_230_260.gif',2305),
(5451,'http://img.cgv.co.kr/R2014/images/common/default_230_260.gif',2308),
(5452,'http://img.cgv.co.kr/R2014/images/common/default_230_260.gif',2317),
(5453,'http://img.cgv.co.kr/R2014/images/common/default_230_260.gif',2318),
(5454,'http://img.cgv.co.kr/R2014/images/common/default_230_260.gif',2322),
(5455,'http://img.cgv.co.kr/R2014/images/common/default_230_260.gif',2324),
(5456,'http://img.cgv.co.kr/R2014/images/common/default_230_260.gif',2325),
(5457,'http://img.cgv.co.kr/R2014/images/common/default_230_260.gif',2326),
(5458,'http://img.cgv.co.kr/R2014/images/common/default_230_260.gif',2327),
(5459,'http://img.cgv.co.kr/R2014/images/common/default_230_260.gif',2328),
(5460,'http://img.cgv.co.kr/R2014/images/common/default_230_260.gif',2332),
(5461,'http://img.cgv.co.kr/R2014/images/common/default_230_260.gif',2333),
(5462,'http://img.cgv.co.kr/R2014/images/common/default_230_260.gif',2334),
(5463,'http://img.cgv.co.kr/R2014/images/common/default_230_260.gif',2335),
(5464,'http://img.cgv.co.kr/R2014/images/common/default_230_260.gif',2336),
(5465,'http://img.cgv.co.kr/R2014/images/common/default_230_260.gif',2589),
(5466,'http://img.cgv.co.kr/R2014/images/common/default_230_260.gif',2590),
(5467,'http://img.cgv.co.kr/R2014/images/common/default_230_260.gif',2591),
(5468,'http://img.cgv.co.kr/R2014/images/common/default_230_260.gif',2592),
(5469,'http://img.cgv.co.kr/R2014/images/common/default_230_260.gif',2593),
(5470,'http://img.cgv.co.kr/R2014/images/common/default_230_260.gif',2594),
(5471,'http://img.cgv.co.kr/R2014/images/common/default_230_260.gif',2595),
(5472,'http://img.cgv.co.kr/R2014/images/common/default_230_260.gif',2596),
(5473,'http://img.cgv.co.kr/R2014/images/common/default_230_260.gif',2597),
(5474,'http://img.cgv.co.kr/R2014/images/common/default_230_260.gif',2598),
(5475,'http://img.cgv.co.kr/R2014/images/common/default_230_260.gif',2599),
(5476,'http://img.cgv.co.kr/R2014/images/common/default_230_260.gif',2350),
(5477,'http://img.cgv.co.kr/R2014/images/common/default_230_260.gif',2360),
(5478,'http://img.cgv.co.kr/R2014/images/common/default_230_260.gif',2358),
(5479,'http://img.cgv.co.kr/R2014/images/common/default_230_260.gif',2610),
(5480,'http://img.cgv.co.kr/R2014/images/common/default_230_260.gif',2612),
(5481,'http://img.cgv.co.kr/R2014/images/common/default_230_260.gif',2613),
(5482,'http://img.cgv.co.kr/R2014/images/common/default_230_260.gif',2616),
(5483,'http://img.cgv.co.kr/R2014/images/common/default_230_260.gif',2618),
(5484,'http://img.cgv.co.kr/R2014/images/common/default_230_260.gif',2626),
(5485,'http://img.cgv.co.kr/R2014/images/common/default_230_260.gif',2627),
(5486,'http://img.cgv.co.kr/R2014/images/common/default_230_260.gif',2632),
(5487,'http://img.cgv.co.kr/R2014/images/common/default_230_260.gif',2635),
(5488,'http://img.cgv.co.kr/R2014/images/common/default_230_260.gif',2636),
(5489,'http://img.cgv.co.kr/R2014/images/common/default_230_260.gif',2637),
(5490,'http://img.cgv.co.kr/R2014/images/common/default_230_260.gif',2638),
(5491,'http://img.cgv.co.kr/R2014/images/common/default_230_260.gif',2639),
(5492,'http://img.cgv.co.kr/R2014/images/common/default_230_260.gif',2641),
(5493,'http://img.cgv.co.kr/R2014/images/common/default_230_260.gif',2642),
(5494,'http://img.cgv.co.kr/R2014/images/common/default_230_260.gif',2643),
(5495,'http://img.cgv.co.kr/R2014/images/common/default_230_260.gif',2644),
(5496,'http://img.cgv.co.kr/R2014/images/common/default_230_260.gif',2654),
(5497,'http://img.cgv.co.kr/R2014/images/common/default_230_260.gif',2656),
(5498,'http://img.cgv.co.kr/R2014/images/common/default_230_260.gif',2617),
(5503,'http://img.cgv.co.kr/R2014/images/common/default_230_260.gif',2246),
(5506,'http://img.cgv.co.kr/R2014/images/common/default_230_260.gif',2492),
(5507,'http://img.cgv.co.kr/R2014/images/common/default_230_260.gif',2493),
(5509,'http://img.cgv.co.kr/R2014/images/common/default_230_260.gif',2328),
(5510,'http://img.cgv.co.kr/R2014/images/common/default_230_260.gif',2332),
(5511,'http://img.cgv.co.kr/R2014/images/common/default_230_260.gif',2333),
(5512,'http://img.cgv.co.kr/R2014/images/common/default_230_260.gif',2334),
(5513,'http://image.cine21.com/resize/cine21/still/2014/0919/14_37_44__541bc128af287[X120,150].jpg',2664),
(5516,'http://img.cgv.co.kr/R2014/images/common/default_230_260.gif',2251),
(5517,'http://img.cgv.co.kr/R2014/images/common/default_230_260.gif',2252),
(5519,'http://img.cgv.co.kr/R2014/images/common/default_230_260.gif',2246),
(5520,'http://image.cine21.com/resize/cine21/person/2024/0103/10_05_49__6594b2ed545a2[X120,150].jpg',2668),
(5521,'http://image.cine21.com/resize/cine21/person/2017/0615/09_47_30__5941d922805d1[X120,150].jpg',2669),
(5522,'http://image.cine21.com/resize/cine21/person/2021/0312/17_17_46__604b23aae285d[X120,150].jpg',2670),
(5523,'http://image.cine21.com/resize/cine21/person/2024/1111/17_46_20__6731c45c116de[X120,150].jpg',2671),
(5524,'http://image.cine21.com/resize/cine21/person/2020/0601/15_21_13__5ed49e59d0ff8[X120,150].jpg',2672),
(5525,'http://img.cgv.co.kr/R2014/images/common/default_230_260.gif',2673),
(5526,'http://img.cgv.co.kr/R2014/images/common/default_230_260.gif',2674),
(5527,'http://img.cgv.co.kr/R2014/images/common/default_230_260.gif',2675),
(5528,'http://image.cine21.com/resize/cine21/person/2020/0812/1088[X120,150].jpg',2676),
(5529,'http://img.cgv.co.kr/R2014/images/common/default_230_260.gif',2677),
(5531,'http://img.cgv.co.kr/R2014/images/common/default_230_260.gif',2328),
(5532,'http://img.cgv.co.kr/R2014/images/common/default_230_260.gif',2332),
(5533,'http://img.cgv.co.kr/R2014/images/common/default_230_260.gif',2333),
(5534,'http://img.cgv.co.kr/R2014/images/common/default_230_260.gif',2334),
(5538,'http://img.cgv.co.kr/R2014/images/common/default_230_260.gif',2251),
(5539,'http://img.cgv.co.kr/R2014/images/common/default_230_260.gif',2252),
(5544,'http://img.cgv.co.kr/R2014/images/common/default_230_260.gif',2246),
(5547,'http://img.cgv.co.kr/R2014/images/common/default_230_260.gif',2492),
(5548,'http://img.cgv.co.kr/R2014/images/common/default_230_260.gif',2493),
(5550,'http://img.cgv.co.kr/R2014/images/common/default_230_260.gif',2246),
(5551,'http://img.cgv.co.kr/R2014/images/common/default_230_260.gif',2251),
(5552,'http://img.cgv.co.kr/R2014/images/common/default_230_260.gif',2252),
(5553,'http://img.cgv.co.kr/R2014/images/common/default_230_260.gif',2391),
(5554,'http://img.cgv.co.kr/R2014/images/common/default_230_260.gif',2246),
(5555,'http://img.cgv.co.kr/R2014/images/common/default_230_260.gif',2328),
(5556,'http://img.cgv.co.kr/R2014/images/common/default_230_260.gif',2332),
(5557,'http://img.cgv.co.kr/R2014/images/common/default_230_260.gif',2333),
(5558,'http://img.cgv.co.kr/R2014/images/common/default_230_260.gif',2334),
(5559,'http://img.cgv.co.kr/R2014/images/common/default_230_260.gif',2492),
(5560,'http://img.cgv.co.kr/R2014/images/common/default_230_260.gif',2493),
(5561,'http://img.cgv.co.kr/R2014/images/common/default_230_260.gif',2246),
(5562,'http://img.cgv.co.kr/R2014/images/common/default_230_260.gif',2328),
(5563,'http://img.cgv.co.kr/R2014/images/common/default_230_260.gif',2332),
(5564,'http://img.cgv.co.kr/R2014/images/common/default_230_260.gif',2333),
(5565,'http://img.cgv.co.kr/R2014/images/common/default_230_260.gif',2334),
(5566,'http://img.cgv.co.kr/R2014/images/common/default_230_260.gif',2251),
(5567,'http://img.cgv.co.kr/R2014/images/common/default_230_260.gif',2252),
(5568,'http://img.cgv.co.kr/R2014/images/common/default_230_260.gif',2246),
(5569,'http://img.cgv.co.kr/R2014/images/common/default_230_260.gif',2492),
(5570,'http://img.cgv.co.kr/R2014/images/common/default_230_260.gif',2493),
(5571,'http://img.cgv.co.kr/R2014/images/common/default_230_260.gif',2246),
(5572,'http://img.cgv.co.kr/R2014/images/common/default_230_260.gif',2251),
(5573,'http://img.cgv.co.kr/R2014/images/common/default_230_260.gif',2252),
(5574,'http://img.cgv.co.kr/R2014/images/common/default_230_260.gif',2246),
(5575,'http://img.cgv.co.kr/R2014/images/common/default_230_260.gif',2251),
(5576,'http://img.cgv.co.kr/R2014/images/common/default_230_260.gif',2252),
(5577,'http://img.cgv.co.kr/R2014/images/common/default_230_260.gif',2246),
(5578,'http://img.cgv.co.kr/R2014/images/common/default_230_260.gif',2414),
(5579,'http://img.cgv.co.kr/R2014/images/common/default_230_260.gif',2327),
(5580,'http://img.cgv.co.kr/R2014/images/common/default_230_260.gif',2328),
(5581,'http://img.cgv.co.kr/R2014/images/common/default_230_260.gif',2332),
(5582,'http://img.cgv.co.kr/R2014/images/common/default_230_260.gif',2333),
(5583,'http://img.cgv.co.kr/R2014/images/common/default_230_260.gif',2334),
(5584,'http://img.cgv.co.kr/R2014/images/common/default_230_260.gif',2335),
(5585,'http://img.cgv.co.kr/R2014/images/common/default_230_260.gif',2336),
(5586,'http://img.cgv.co.kr/R2014/images/common/default_230_260.gif',2488),
(5587,'http://img.cgv.co.kr/R2014/images/common/default_230_260.gif',2491),
(5588,'http://img.cgv.co.kr/R2014/images/common/default_230_260.gif',2492),
(5589,'http://img.cgv.co.kr/R2014/images/common/default_230_260.gif',2493),
(5590,'http://img.cgv.co.kr/R2014/images/common/default_230_260.gif',2585),
(5591,'http://img.cgv.co.kr/R2014/images/common/default_230_260.gif',2246),
(5592,'http://img.cgv.co.kr/R2014/images/common/default_230_260.gif',2393),
(5593,'http://img.cgv.co.kr/R2014/images/common/default_230_260.gif',2395),
(5594,'http://img.cgv.co.kr/R2014/images/common/default_230_260.gif',2396),
(5595,'http://img.cgv.co.kr/R2014/images/common/default_230_260.gif',2397),
(5596,'http://img.cgv.co.kr/R2014/images/common/default_230_260.gif',2398),
(5597,'http://img.cgv.co.kr/R2014/images/common/default_230_260.gif',2399),
(5598,'http://img.cgv.co.kr/R2014/images/common/default_230_260.gif',2400),
(5599,'http://img.cgv.co.kr/R2014/images/common/default_230_260.gif',2401),
(5600,'http://img.cgv.co.kr/R2014/images/common/default_230_260.gif',2402),
(5601,'http://img.cgv.co.kr/R2014/images/common/default_230_260.gif',2403),
(5602,'http://img.cgv.co.kr/R2014/images/common/default_230_260.gif',2404),
(5603,'http://img.cgv.co.kr/R2014/images/common/default_230_260.gif',2405),
(5604,'http://img.cgv.co.kr/R2014/images/common/default_230_260.gif',2406),
(5605,'http://img.cgv.co.kr/R2014/images/common/default_230_260.gif',2407),
(5606,'http://img.cgv.co.kr/R2014/images/common/default_230_260.gif',2408),
(5607,'http://img.cgv.co.kr/R2014/images/common/default_230_260.gif',2409),
(5608,'http://image.cine21.com/resize/cine21/person/2024/1218/15_37_37__67626db17cbea[X120,150].jpg',2270),
(5609,'http://img.cgv.co.kr/R2014/images/common/default_230_260.gif',2424),
(5610,'http://img.cgv.co.kr/R2014/images/common/default_230_260.gif',2524),
(5611,'http://img.cgv.co.kr/R2014/images/common/default_230_260.gif',2525),
(5612,'http://image.cine21.com/resize/cine21/person/2013/0325/23774[X120,150].jpg',2689),
(5613,'http://img.cgv.co.kr/R2014/images/common/default_230_260.gif',2527),
(5614,'http://img.cgv.co.kr/R2014/images/common/default_230_260.gif',2540),
(5615,'http://img.cgv.co.kr/R2014/images/common/default_230_260.gif',2545),
(5616,'http://img.cgv.co.kr/R2014/images/common/default_230_260.gif',2553),
(5617,'http://img.cgv.co.kr/R2014/images/common/default_230_260.gif',2557),
(5618,'http://img.cgv.co.kr/R2014/images/common/default_230_260.gif',2558),
(5619,'http://img.cgv.co.kr/R2014/images/common/default_230_260.gif',2559),
(5620,'http://img.cgv.co.kr/R2014/images/common/default_230_260.gif',2560),
(5621,'http://img.cgv.co.kr/R2014/images/common/default_230_260.gif',2561),
(5622,'http://img.cgv.co.kr/R2014/images/common/default_230_260.gif',2562),
(5623,'http://img.cgv.co.kr/R2014/images/common/default_230_260.gif',2563),
(5624,'http://img.cgv.co.kr/R2014/images/common/default_230_260.gif',2564),
(5625,'http://img.cgv.co.kr/R2014/images/common/default_230_260.gif',2567),
(5626,'http://img.cgv.co.kr/R2014/images/common/default_230_260.gif',2570),
(5627,'http://img.cgv.co.kr/R2014/images/common/default_230_260.gif',2572),
(5628,'http://img.cgv.co.kr/R2014/images/common/default_230_260.gif',2578),
(5629,'http://img.cgv.co.kr/R2014/images/common/default_230_260.gif',2393),
(5630,'http://img.cgv.co.kr/R2014/images/common/default_230_260.gif',2395),
(5631,'http://img.cgv.co.kr/R2014/images/common/default_230_260.gif',2396),
(5632,'http://img.cgv.co.kr/R2014/images/common/default_230_260.gif',2397),
(5633,'http://img.cgv.co.kr/R2014/images/common/default_230_260.gif',2398),
(5634,'http://img.cgv.co.kr/R2014/images/common/default_230_260.gif',2399),
(5635,'http://img.cgv.co.kr/R2014/images/common/default_230_260.gif',2400),
(5636,'http://img.cgv.co.kr/R2014/images/common/default_230_260.gif',2401),
(5637,'http://img.cgv.co.kr/R2014/images/common/default_230_260.gif',2402),
(5638,'http://img.cgv.co.kr/R2014/images/common/default_230_260.gif',2403),
(5639,'http://img.cgv.co.kr/R2014/images/common/default_230_260.gif',2404),
(5640,'http://img.cgv.co.kr/R2014/images/common/default_230_260.gif',2405),
(5641,'http://img.cgv.co.kr/R2014/images/common/default_230_260.gif',2406),
(5642,'http://img.cgv.co.kr/R2014/images/common/default_230_260.gif',2407),
(5643,'http://img.cgv.co.kr/R2014/images/common/default_230_260.gif',2408),
(5644,'http://img.cgv.co.kr/R2014/images/common/default_230_260.gif',2409),
(5645,'http://img.cgv.co.kr/R2014/images/common/default_230_260.gif',2424),
(5646,'http://img.cgv.co.kr/R2014/images/common/default_230_260.gif',2524),
(5647,'http://img.cgv.co.kr/R2014/images/common/default_230_260.gif',2525),
(5648,'http://img.cgv.co.kr/R2014/images/common/default_230_260.gif',2527),
(5649,'http://img.cgv.co.kr/R2014/images/common/default_230_260.gif',2540),
(5650,'http://img.cgv.co.kr/R2014/images/common/default_230_260.gif',2545),
(5651,'http://img.cgv.co.kr/R2014/images/common/default_230_260.gif',2553),
(5652,'http://img.cgv.co.kr/R2014/images/common/default_230_260.gif',2557),
(5653,'http://img.cgv.co.kr/R2014/images/common/default_230_260.gif',2558),
(5654,'http://img.cgv.co.kr/R2014/images/common/default_230_260.gif',2559),
(5655,'http://img.cgv.co.kr/R2014/images/common/default_230_260.gif',2560),
(5656,'http://img.cgv.co.kr/R2014/images/common/default_230_260.gif',2561),
(5657,'http://img.cgv.co.kr/R2014/images/common/default_230_260.gif',2562),
(5658,'http://img.cgv.co.kr/R2014/images/common/default_230_260.gif',2563),
(5659,'http://img.cgv.co.kr/R2014/images/common/default_230_260.gif',2564),
(5660,'http://img.cgv.co.kr/R2014/images/common/default_230_260.gif',2567),
(5661,'http://img.cgv.co.kr/R2014/images/common/default_230_260.gif',2570),
(5662,'http://img.cgv.co.kr/R2014/images/common/default_230_260.gif',2572),
(5663,'http://img.cgv.co.kr/R2014/images/common/default_230_260.gif',2578),
(5664,'http://img.cgv.co.kr/R2014/images/common/default_230_260.gif',2393),
(5665,'http://img.cgv.co.kr/R2014/images/common/default_230_260.gif',2395),
(5666,'http://img.cgv.co.kr/R2014/images/common/default_230_260.gif',2396),
(5667,'http://img.cgv.co.kr/R2014/images/common/default_230_260.gif',2397),
(5668,'http://img.cgv.co.kr/R2014/images/common/default_230_260.gif',2398),
(5669,'http://img.cgv.co.kr/R2014/images/common/default_230_260.gif',2399),
(5670,'http://img.cgv.co.kr/R2014/images/common/default_230_260.gif',2400),
(5671,'http://img.cgv.co.kr/R2014/images/common/default_230_260.gif',2401),
(5672,'http://img.cgv.co.kr/R2014/images/common/default_230_260.gif',2402),
(5673,'http://img.cgv.co.kr/R2014/images/common/default_230_260.gif',2403),
(5674,'http://img.cgv.co.kr/R2014/images/common/default_230_260.gif',2404),
(5675,'http://img.cgv.co.kr/R2014/images/common/default_230_260.gif',2405),
(5676,'http://img.cgv.co.kr/R2014/images/common/default_230_260.gif',2406),
(5677,'http://img.cgv.co.kr/R2014/images/common/default_230_260.gif',2407),
(5678,'http://img.cgv.co.kr/R2014/images/common/default_230_260.gif',2408),
(5679,'http://img.cgv.co.kr/R2014/images/common/default_230_260.gif',2409),
(5680,'http://img.cgv.co.kr/R2014/images/common/default_230_260.gif',2424),
(5681,'http://img.cgv.co.kr/R2014/images/common/default_230_260.gif',2524),
(5682,'http://img.cgv.co.kr/R2014/images/common/default_230_260.gif',2525),
(5683,'http://img.cgv.co.kr/R2014/images/common/default_230_260.gif',2527),
(5684,'http://img.cgv.co.kr/R2014/images/common/default_230_260.gif',2540),
(5685,'http://img.cgv.co.kr/R2014/images/common/default_230_260.gif',2545),
(5686,'http://img.cgv.co.kr/R2014/images/common/default_230_260.gif',2553),
(5687,'http://img.cgv.co.kr/R2014/images/common/default_230_260.gif',2557),
(5688,'http://img.cgv.co.kr/R2014/images/common/default_230_260.gif',2558),
(5689,'http://img.cgv.co.kr/R2014/images/common/default_230_260.gif',2559),
(5690,'http://img.cgv.co.kr/R2014/images/common/default_230_260.gif',2560),
(5691,'http://img.cgv.co.kr/R2014/images/common/default_230_260.gif',2561),
(5692,'http://img.cgv.co.kr/R2014/images/common/default_230_260.gif',2562),
(5693,'http://img.cgv.co.kr/R2014/images/common/default_230_260.gif',2563),
(5694,'http://img.cgv.co.kr/R2014/images/common/default_230_260.gif',2564),
(5695,'http://img.cgv.co.kr/R2014/images/common/default_230_260.gif',2567),
(5696,'http://img.cgv.co.kr/R2014/images/common/default_230_260.gif',2570),
(5697,'http://img.cgv.co.kr/R2014/images/common/default_230_260.gif',2572),
(5698,'http://img.cgv.co.kr/R2014/images/common/default_230_260.gif',2578),
(5699,'http://img.cgv.co.kr/R2014/images/common/default_230_260.gif',2393),
(5700,'http://img.cgv.co.kr/R2014/images/common/default_230_260.gif',2395),
(5701,'http://img.cgv.co.kr/R2014/images/common/default_230_260.gif',2396),
(5702,'http://img.cgv.co.kr/R2014/images/common/default_230_260.gif',2397),
(5703,'http://img.cgv.co.kr/R2014/images/common/default_230_260.gif',2398),
(5704,'http://img.cgv.co.kr/R2014/images/common/default_230_260.gif',2399),
(5705,'http://img.cgv.co.kr/R2014/images/common/default_230_260.gif',2400),
(5706,'http://img.cgv.co.kr/R2014/images/common/default_230_260.gif',2401),
(5707,'http://img.cgv.co.kr/R2014/images/common/default_230_260.gif',2402),
(5708,'http://img.cgv.co.kr/R2014/images/common/default_230_260.gif',2403),
(5709,'http://img.cgv.co.kr/R2014/images/common/default_230_260.gif',2404),
(5710,'http://img.cgv.co.kr/R2014/images/common/default_230_260.gif',2405),
(5711,'http://img.cgv.co.kr/R2014/images/common/default_230_260.gif',2406),
(5712,'http://img.cgv.co.kr/R2014/images/common/default_230_260.gif',2407),
(5713,'http://img.cgv.co.kr/R2014/images/common/default_230_260.gif',2408),
(5714,'http://img.cgv.co.kr/R2014/images/common/default_230_260.gif',2409),
(5715,'http://img.cgv.co.kr/R2014/images/common/default_230_260.gif',2424),
(5716,'http://img.cgv.co.kr/R2014/images/common/default_230_260.gif',2524),
(5717,'http://img.cgv.co.kr/R2014/images/common/default_230_260.gif',2525),
(5718,'http://img.cgv.co.kr/R2014/images/common/default_230_260.gif',2527),
(5719,'http://img.cgv.co.kr/R2014/images/common/default_230_260.gif',2540),
(5720,'http://img.cgv.co.kr/R2014/images/common/default_230_260.gif',2545),
(5721,'http://img.cgv.co.kr/R2014/images/common/default_230_260.gif',2553),
(5722,'http://img.cgv.co.kr/R2014/images/common/default_230_260.gif',2557),
(5723,'http://img.cgv.co.kr/R2014/images/common/default_230_260.gif',2558),
(5724,'http://img.cgv.co.kr/R2014/images/common/default_230_260.gif',2559),
(5725,'http://img.cgv.co.kr/R2014/images/common/default_230_260.gif',2560),
(5726,'http://img.cgv.co.kr/R2014/images/common/default_230_260.gif',2561),
(5727,'http://img.cgv.co.kr/R2014/images/common/default_230_260.gif',2562),
(5728,'http://img.cgv.co.kr/R2014/images/common/default_230_260.gif',2563),
(5729,'http://img.cgv.co.kr/R2014/images/common/default_230_260.gif',2564),
(5730,'http://img.cgv.co.kr/R2014/images/common/default_230_260.gif',2567),
(5731,'http://img.cgv.co.kr/R2014/images/common/default_230_260.gif',2570),
(5732,'http://img.cgv.co.kr/R2014/images/common/default_230_260.gif',2572),
(5733,'http://img.cgv.co.kr/R2014/images/common/default_230_260.gif',2578),
(5734,'http://img.cgv.co.kr/R2014/images/common/default_230_260.gif',2393),
(5735,'http://img.cgv.co.kr/R2014/images/common/default_230_260.gif',2395),
(5736,'http://img.cgv.co.kr/R2014/images/common/default_230_260.gif',2396),
(5737,'http://img.cgv.co.kr/R2014/images/common/default_230_260.gif',2397),
(5738,'http://img.cgv.co.kr/R2014/images/common/default_230_260.gif',2398),
(5739,'http://img.cgv.co.kr/R2014/images/common/default_230_260.gif',2399),
(5740,'http://img.cgv.co.kr/R2014/images/common/default_230_260.gif',2400),
(5741,'http://img.cgv.co.kr/R2014/images/common/default_230_260.gif',2401),
(5742,'http://img.cgv.co.kr/R2014/images/common/default_230_260.gif',2402),
(5743,'http://img.cgv.co.kr/R2014/images/common/default_230_260.gif',2403),
(5744,'http://img.cgv.co.kr/R2014/images/common/default_230_260.gif',2404),
(5745,'http://img.cgv.co.kr/R2014/images/common/default_230_260.gif',2405),
(5746,'http://img.cgv.co.kr/R2014/images/common/default_230_260.gif',2406),
(5747,'http://img.cgv.co.kr/R2014/images/common/default_230_260.gif',2407),
(5748,'http://img.cgv.co.kr/R2014/images/common/default_230_260.gif',2408),
(5749,'http://img.cgv.co.kr/R2014/images/common/default_230_260.gif',2409),
(5750,'http://img.cgv.co.kr/R2014/images/common/default_230_260.gif',2424),
(5751,'http://img.cgv.co.kr/R2014/images/common/default_230_260.gif',2524),
(5752,'http://img.cgv.co.kr/R2014/images/common/default_230_260.gif',2525),
(5753,'http://img.cgv.co.kr/R2014/images/common/default_230_260.gif',2527),
(5754,'http://img.cgv.co.kr/R2014/images/common/default_230_260.gif',2540),
(5755,'http://img.cgv.co.kr/R2014/images/common/default_230_260.gif',2545),
(5756,'http://img.cgv.co.kr/R2014/images/common/default_230_260.gif',2553),
(5757,'http://img.cgv.co.kr/R2014/images/common/default_230_260.gif',2557),
(5758,'http://img.cgv.co.kr/R2014/images/common/default_230_260.gif',2558),
(5759,'http://img.cgv.co.kr/R2014/images/common/default_230_260.gif',2559),
(5760,'http://img.cgv.co.kr/R2014/images/common/default_230_260.gif',2560),
(5761,'http://img.cgv.co.kr/R2014/images/common/default_230_260.gif',2561),
(5762,'http://img.cgv.co.kr/R2014/images/common/default_230_260.gif',2562),
(5763,'http://img.cgv.co.kr/R2014/images/common/default_230_260.gif',2563),
(5764,'http://img.cgv.co.kr/R2014/images/common/default_230_260.gif',2564),
(5765,'http://img.cgv.co.kr/R2014/images/common/default_230_260.gif',2567),
(5766,'http://img.cgv.co.kr/R2014/images/common/default_230_260.gif',2570),
(5767,'http://img.cgv.co.kr/R2014/images/common/default_230_260.gif',2572),
(5768,'http://img.cgv.co.kr/R2014/images/common/default_230_260.gif',2578),
(5769,'http://image.cine21.com/resize/cine21/still/2018/1015/14_50_56__5bc42ac0b331d[X120,150].png',2690),
(5770,'http://img.cgv.co.kr/R2014/images/common/default_230_260.gif',2691),
(5771,'http://img.cgv.co.kr/R2014/images/common/default_230_260.gif',2692),
(5772,'http://img.cgv.co.kr/R2014/images/common/default_230_260.gif',2693),
(5773,'http://img.cgv.co.kr/R2014/images/common/default_230_260.gif',2694),
(5774,'http://img.cgv.co.kr/R2014/images/common/default_230_260.gif',2695),
(5775,'http://img.cgv.co.kr/R2014/images/common/default_230_260.gif',2393),
(5776,'http://img.cgv.co.kr/R2014/images/common/default_230_260.gif',2395),
(5777,'http://img.cgv.co.kr/R2014/images/common/default_230_260.gif',2396),
(5778,'http://img.cgv.co.kr/R2014/images/common/default_230_260.gif',2397),
(5779,'http://img.cgv.co.kr/R2014/images/common/default_230_260.gif',2398),
(5780,'http://img.cgv.co.kr/R2014/images/common/default_230_260.gif',2399),
(5781,'http://img.cgv.co.kr/R2014/images/common/default_230_260.gif',2400),
(5782,'http://img.cgv.co.kr/R2014/images/common/default_230_260.gif',2401),
(5783,'http://img.cgv.co.kr/R2014/images/common/default_230_260.gif',2402),
(5784,'http://img.cgv.co.kr/R2014/images/common/default_230_260.gif',2403),
(5785,'http://img.cgv.co.kr/R2014/images/common/default_230_260.gif',2404),
(5786,'http://img.cgv.co.kr/R2014/images/common/default_230_260.gif',2405),
(5787,'http://img.cgv.co.kr/R2014/images/common/default_230_260.gif',2406),
(5788,'http://img.cgv.co.kr/R2014/images/common/default_230_260.gif',2407),
(5789,'http://img.cgv.co.kr/R2014/images/common/default_230_260.gif',2408),
(5790,'http://img.cgv.co.kr/R2014/images/common/default_230_260.gif',2409),
(5791,'http://img.cgv.co.kr/R2014/images/common/default_230_260.gif',2424),
(5792,'http://img.cgv.co.kr/R2014/images/common/default_230_260.gif',2524),
(5793,'http://img.cgv.co.kr/R2014/images/common/default_230_260.gif',2525),
(5794,'http://img.cgv.co.kr/R2014/images/common/default_230_260.gif',2527),
(5795,'http://img.cgv.co.kr/R2014/images/common/default_230_260.gif',2696),
(5796,'http://image.cine21.com/resize/cine21/still/2018/0614/16_42_39__5b221c6fc477a[X120,150].jpg',2697),
(5797,'http://img.cgv.co.kr/R2014/images/common/default_230_260.gif',2393),
(5798,'http://img.cgv.co.kr/R2014/images/common/default_230_260.gif',2395),
(5799,'http://img.cgv.co.kr/R2014/images/common/default_230_260.gif',2396),
(5800,'http://img.cgv.co.kr/R2014/images/common/default_230_260.gif',2397),
(5801,'http://img.cgv.co.kr/R2014/images/common/default_230_260.gif',2398),
(5802,'http://img.cgv.co.kr/R2014/images/common/default_230_260.gif',2399),
(5803,'http://img.cgv.co.kr/R2014/images/common/default_230_260.gif',2400),
(5804,'http://img.cgv.co.kr/R2014/images/common/default_230_260.gif',2401),
(5805,'http://img.cgv.co.kr/R2014/images/common/default_230_260.gif',2402),
(5806,'http://img.cgv.co.kr/R2014/images/common/default_230_260.gif',2403),
(5807,'http://img.cgv.co.kr/R2014/images/common/default_230_260.gif',2404),
(5808,'http://img.cgv.co.kr/R2014/images/common/default_230_260.gif',2405),
(5809,'http://img.cgv.co.kr/R2014/images/common/default_230_260.gif',2406),
(5810,'http://img.cgv.co.kr/R2014/images/common/default_230_260.gif',2407),
(5811,'http://img.cgv.co.kr/R2014/images/common/default_230_260.gif',2408),
(5812,'http://img.cgv.co.kr/R2014/images/common/default_230_260.gif',2409),
(5813,'http://img.cgv.co.kr/R2014/images/common/default_230_260.gif',2424),
(5814,'http://image.cine21.com/resize/cine21/person/2024/0214/11_36_40__65cc273821f8e[X120,150].jpg',2698),
(5815,'http://image.cine21.com/resize/cine21/still/2019/0304/14_38_47__5c7cb9e78494b[X120,150].jpg',2699),
(5816,'http://image.cine21.com/resize/cine21/still/2018/1108/14_10_28__5be3c5446bc8e[X120,150].jpg',2700),
(5817,'http://image.cine21.com/resize/cine21/person/2024/0110/19_14_56__659e6e2066113[X120,150].jpg',2701),
(5818,'http://image.cine21.com/resize/cine21/person/2023/0519/17_20_03__646731336dc2e[X120,150].jpg',2702),
(5819,'http://img.cgv.co.kr/R2014/images/common/default_230_260.gif',2703),
(5820,'http://image.cine21.com/resize/cine21/person/2021/0415/11_06_12__60779f9412abf[X120,150].jpg',2704),
(5821,'http://image.cine21.com/resize/cine21/movie/2023/0314/19_41_52__64104f704008d[X120,150].jpg',2705),
(5822,'http://image.cine21.com/resize/cine21/still/2013/0225/15_09_31__512b001b28294[X120,150].jpg',2706),
(5823,'http://image.cine21.com/resize/cine21/person/2024/0103/09_52_14__6594afbe7f004[X120,150].jpg',2707),
(5824,'http://img.cgv.co.kr/R2014/images/common/default_230_260.gif',2708),
(5825,'http://img.cgv.co.kr/R2014/images/common/default_230_260.gif',2709),
(5826,'http://image.cine21.com/resize/cine21/person/2015/0129/10_05_30__54c9875a28376[X120,150].jpg',2710),
(5827,'http://image.cine21.com/resize/cine21/article/2010/0201/K0000007_05[X120,150].jpg',2711),
(5828,'http://image.cine21.com/resize/cine21/person/2007/0416/P0000027_cul59902[X120,150].jpg',2712),
(5829,'http://image.cine21.com/resize/cine21/person/2019/0605/10_33_20__5cf71be02d51e[X120,150].jpg',2713),
(5830,'http://img.cgv.co.kr/R2014/images/common/default_230_260.gif',2714),
(5831,'http://image.cine21.com/resize/cine21/person/2013/0226/15_25_04__512c554058820[X120,150].jpg',2715),
(5832,'http://img.cgv.co.kr/R2014/images/common/default_230_260.gif',2524),
(5833,'http://img.cgv.co.kr/R2014/images/common/default_230_260.gif',2525),
(5834,'http://img.cgv.co.kr/R2014/images/common/default_230_260.gif',2716),
(5835,'http://img.cgv.co.kr/R2014/images/common/default_230_260.gif',2717),
(5836,'http://img.cgv.co.kr/R2014/images/common/default_230_260.gif',2527),
(5837,'http://img.cgv.co.kr/R2014/images/common/default_230_260.gif',2718),
(5838,'http://image.cine21.com/resize/cine21/still/2018/1210/16_01_35__5c0e0f4fbc0df[X120,150].jpg',2719),
(5839,'http://image.cine21.com/resize/cine21/still/2019/0508/14_34_54__5cd26a7ee681a[X120,150].jpg',2720),
(5840,'http://img.cgv.co.kr/R2014/images/common/default_230_260.gif',2721),
(5841,'http://img.cgv.co.kr/R2014/images/common/default_230_260.gif',2540),
(5842,'http://img.cgv.co.kr/R2014/images/common/default_230_260.gif',2545),
(5843,'http://img.cgv.co.kr/R2014/images/common/default_230_260.gif',2553),
(5844,'http://img.cgv.co.kr/R2014/images/common/default_230_260.gif',2557),
(5845,'http://img.cgv.co.kr/R2014/images/common/default_230_260.gif',2558),
(5846,'http://img.cgv.co.kr/R2014/images/common/default_230_260.gif',2559),
(5847,'http://img.cgv.co.kr/R2014/images/common/default_230_260.gif',2560),
(5848,'http://img.cgv.co.kr/R2014/images/common/default_230_260.gif',2561),
(5849,'http://img.cgv.co.kr/R2014/images/common/default_230_260.gif',2562),
(5850,'http://img.cgv.co.kr/R2014/images/common/default_230_260.gif',2563),
(5851,'http://img.cgv.co.kr/R2014/images/common/default_230_260.gif',2564),
(5852,'http://img.cgv.co.kr/R2014/images/common/default_230_260.gif',2567),
(5853,'http://img.cgv.co.kr/R2014/images/common/default_230_260.gif',2570),
(5854,'http://img.cgv.co.kr/R2014/images/common/default_230_260.gif',2572),
(5855,'http://img.cgv.co.kr/R2014/images/common/default_230_260.gif',2578),
(5856,'http://img.cgv.co.kr/R2014/images/common/default_230_260.gif',2393),
(5857,'http://img.cgv.co.kr/R2014/images/common/default_230_260.gif',2395),
(5858,'http://img.cgv.co.kr/R2014/images/common/default_230_260.gif',2396),
(5859,'http://img.cgv.co.kr/R2014/images/common/default_230_260.gif',2397),
(5860,'http://img.cgv.co.kr/R2014/images/common/default_230_260.gif',2398),
(5861,'http://img.cgv.co.kr/R2014/images/common/default_230_260.gif',2399),
(5862,'http://img.cgv.co.kr/R2014/images/common/default_230_260.gif',2400),
(5863,'http://img.cgv.co.kr/R2014/images/common/default_230_260.gif',2401),
(5864,'http://img.cgv.co.kr/R2014/images/common/default_230_260.gif',2402),
(5865,'http://img.cgv.co.kr/R2014/images/common/default_230_260.gif',2403),
(5866,'http://img.cgv.co.kr/R2014/images/common/default_230_260.gif',2404),
(5867,'http://img.cgv.co.kr/R2014/images/common/default_230_260.gif',2405),
(5868,'http://img.cgv.co.kr/R2014/images/common/default_230_260.gif',2406),
(5869,'http://img.cgv.co.kr/R2014/images/common/default_230_260.gif',2407),
(5870,'http://img.cgv.co.kr/R2014/images/common/default_230_260.gif',2408),
(5871,'http://img.cgv.co.kr/R2014/images/common/default_230_260.gif',2409),
(5872,'http://img.cgv.co.kr/R2014/images/common/default_230_260.gif',2424),
(5873,'http://img.cgv.co.kr/R2014/images/common/default_230_260.gif',2524),
(5874,'http://img.cgv.co.kr/R2014/images/common/default_230_260.gif',2525),
(5875,'http://img.cgv.co.kr/R2014/images/common/default_230_260.gif',2716),
(5876,'http://img.cgv.co.kr/R2014/images/common/default_230_260.gif',2717),
(5877,'http://img.cgv.co.kr/R2014/images/common/default_230_260.gif',2527),
(5878,'http://img.cgv.co.kr/R2014/images/common/default_230_260.gif',2718),
(5879,'http://img.cgv.co.kr/R2014/images/common/default_230_260.gif',2721),
(5880,'http://img.cgv.co.kr/R2014/images/common/default_230_260.gif',2540),
(5881,'http://img.cgv.co.kr/R2014/images/common/default_230_260.gif',2545),
(5882,'http://img.cgv.co.kr/R2014/images/common/default_230_260.gif',2553),
(5883,'http://img.cgv.co.kr/R2014/images/common/default_230_260.gif',2557),
(5884,'http://img.cgv.co.kr/R2014/images/common/default_230_260.gif',2558),
(5885,'http://img.cgv.co.kr/R2014/images/common/default_230_260.gif',2559),
(5886,'http://img.cgv.co.kr/R2014/images/common/default_230_260.gif',2560),
(5887,'http://img.cgv.co.kr/R2014/images/common/default_230_260.gif',2561),
(5888,'http://img.cgv.co.kr/R2014/images/common/default_230_260.gif',2562),
(5889,'http://img.cgv.co.kr/R2014/images/common/default_230_260.gif',2563),
(5890,'http://img.cgv.co.kr/R2014/images/common/default_230_260.gif',2564),
(5891,'http://img.cgv.co.kr/R2014/images/common/default_230_260.gif',2567),
(5892,'http://img.cgv.co.kr/R2014/images/common/default_230_260.gif',2570),
(5893,'http://img.cgv.co.kr/R2014/images/common/default_230_260.gif',2572),
(5894,'http://img.cgv.co.kr/R2014/images/common/default_230_260.gif',2578),
(5895,'http://img.cgv.co.kr/R2014/images/common/default_230_260.gif',2393),
(5896,'http://img.cgv.co.kr/R2014/images/common/default_230_260.gif',2395),
(5897,'http://img.cgv.co.kr/R2014/images/common/default_230_260.gif',2396),
(5898,'http://img.cgv.co.kr/R2014/images/common/default_230_260.gif',2397),
(5899,'http://img.cgv.co.kr/R2014/images/common/default_230_260.gif',2398),
(5900,'http://img.cgv.co.kr/R2014/images/common/default_230_260.gif',2399),
(5901,'http://img.cgv.co.kr/R2014/images/common/default_230_260.gif',2400),
(5902,'http://img.cgv.co.kr/R2014/images/common/default_230_260.gif',2401),
(5903,'http://img.cgv.co.kr/R2014/images/common/default_230_260.gif',2402),
(5904,'http://img.cgv.co.kr/R2014/images/common/default_230_260.gif',2403),
(5905,'http://img.cgv.co.kr/R2014/images/common/default_230_260.gif',2404),
(5906,'http://img.cgv.co.kr/R2014/images/common/default_230_260.gif',2405),
(5907,'http://img.cgv.co.kr/R2014/images/common/default_230_260.gif',2406),
(5908,'http://img.cgv.co.kr/R2014/images/common/default_230_260.gif',2407),
(5909,'http://img.cgv.co.kr/R2014/images/common/default_230_260.gif',2408),
(5910,'http://img.cgv.co.kr/R2014/images/common/default_230_260.gif',2409),
(5911,'http://img.cgv.co.kr/R2014/images/common/default_230_260.gif',2424),
(5912,'http://img.cgv.co.kr/R2014/images/common/default_230_260.gif',2524),
(5913,'http://img.cgv.co.kr/R2014/images/common/default_230_260.gif',2525),
(5914,'http://img.cgv.co.kr/R2014/images/common/default_230_260.gif',2716),
(5915,'http://img.cgv.co.kr/R2014/images/common/default_230_260.gif',2717),
(5916,'http://img.cgv.co.kr/R2014/images/common/default_230_260.gif',2527),
(5917,'http://img.cgv.co.kr/R2014/images/common/default_230_260.gif',2718),
(5918,'http://img.cgv.co.kr/R2014/images/common/default_230_260.gif',2721),
(5919,'http://img.cgv.co.kr/R2014/images/common/default_230_260.gif',2540),
(5920,'http://img.cgv.co.kr/R2014/images/common/default_230_260.gif',2545),
(5921,'http://img.cgv.co.kr/R2014/images/common/default_230_260.gif',2553),
(5922,'http://img.cgv.co.kr/R2014/images/common/default_230_260.gif',2557),
(5923,'http://img.cgv.co.kr/R2014/images/common/default_230_260.gif',2558),
(5924,'http://img.cgv.co.kr/R2014/images/common/default_230_260.gif',2559),
(5925,'http://img.cgv.co.kr/R2014/images/common/default_230_260.gif',2560),
(5926,'http://img.cgv.co.kr/R2014/images/common/default_230_260.gif',2561),
(5927,'http://img.cgv.co.kr/R2014/images/common/default_230_260.gif',2562),
(5928,'http://img.cgv.co.kr/R2014/images/common/default_230_260.gif',2563),
(5929,'http://img.cgv.co.kr/R2014/images/common/default_230_260.gif',2564),
(5930,'http://img.cgv.co.kr/R2014/images/common/default_230_260.gif',2567),
(5931,'http://img.cgv.co.kr/R2014/images/common/default_230_260.gif',2570),
(5932,'http://img.cgv.co.kr/R2014/images/common/default_230_260.gif',2572),
(5933,'http://img.cgv.co.kr/R2014/images/common/default_230_260.gif',2578),
(5934,'http://img.cgv.co.kr/R2014/images/common/default_230_260.gif',2393),
(5935,'http://img.cgv.co.kr/R2014/images/common/default_230_260.gif',2395),
(5936,'http://img.cgv.co.kr/R2014/images/common/default_230_260.gif',2396),
(5937,'http://img.cgv.co.kr/R2014/images/common/default_230_260.gif',2397),
(5938,'http://img.cgv.co.kr/R2014/images/common/default_230_260.gif',2398),
(5939,'http://img.cgv.co.kr/R2014/images/common/default_230_260.gif',2399),
(5940,'http://img.cgv.co.kr/R2014/images/common/default_230_260.gif',2400),
(5941,'http://img.cgv.co.kr/R2014/images/common/default_230_260.gif',2401),
(5942,'http://img.cgv.co.kr/R2014/images/common/default_230_260.gif',2402),
(5943,'http://img.cgv.co.kr/R2014/images/common/default_230_260.gif',2403),
(5944,'http://img.cgv.co.kr/R2014/images/common/default_230_260.gif',2404),
(5945,'http://img.cgv.co.kr/R2014/images/common/default_230_260.gif',2405),
(5946,'http://img.cgv.co.kr/R2014/images/common/default_230_260.gif',2406),
(5947,'http://img.cgv.co.kr/R2014/images/common/default_230_260.gif',2407),
(5948,'http://img.cgv.co.kr/R2014/images/common/default_230_260.gif',2408),
(5949,'http://img.cgv.co.kr/R2014/images/common/default_230_260.gif',2409),
(5950,'http://img.cgv.co.kr/R2014/images/common/default_230_260.gif',2424),
(5951,'http://img.cgv.co.kr/R2014/images/common/default_230_260.gif',2393),
(5952,'http://img.cgv.co.kr/R2014/images/common/default_230_260.gif',2395),
(5953,'http://img.cgv.co.kr/R2014/images/common/default_230_260.gif',2396),
(5954,'http://img.cgv.co.kr/R2014/images/common/default_230_260.gif',2397),
(5955,'http://img.cgv.co.kr/R2014/images/common/default_230_260.gif',2398),
(5956,'http://img.cgv.co.kr/R2014/images/common/default_230_260.gif',2399),
(5957,'http://img.cgv.co.kr/R2014/images/common/default_230_260.gif',2400),
(5958,'http://img.cgv.co.kr/R2014/images/common/default_230_260.gif',2401),
(5959,'http://img.cgv.co.kr/R2014/images/common/default_230_260.gif',2402),
(5960,'http://img.cgv.co.kr/R2014/images/common/default_230_260.gif',2403),
(5961,'http://img.cgv.co.kr/R2014/images/common/default_230_260.gif',2404),
(5962,'http://img.cgv.co.kr/R2014/images/common/default_230_260.gif',2405),
(5963,'http://img.cgv.co.kr/R2014/images/common/default_230_260.gif',2406),
(5964,'http://img.cgv.co.kr/R2014/images/common/default_230_260.gif',2407),
(5965,'http://img.cgv.co.kr/R2014/images/common/default_230_260.gif',2408),
(5966,'http://img.cgv.co.kr/R2014/images/common/default_230_260.gif',2409),
(5967,'http://img.cgv.co.kr/R2014/images/common/default_230_260.gif',2424),
(5968,'http://img.cgv.co.kr/R2014/images/common/default_230_260.gif',2524),
(5969,'http://img.cgv.co.kr/R2014/images/common/default_230_260.gif',2525),
(5970,'http://img.cgv.co.kr/R2014/images/common/default_230_260.gif',2716),
(5971,'http://img.cgv.co.kr/R2014/images/common/default_230_260.gif',2717),
(5972,'http://img.cgv.co.kr/R2014/images/common/default_230_260.gif',2527),
(5973,'http://img.cgv.co.kr/R2014/images/common/default_230_260.gif',2718),
(5974,'http://img.cgv.co.kr/R2014/images/common/default_230_260.gif',2721),
(5975,'http://img.cgv.co.kr/R2014/images/common/default_230_260.gif',2540),
(5976,'http://img.cgv.co.kr/R2014/images/common/default_230_260.gif',2545),
(5977,'http://img.cgv.co.kr/R2014/images/common/default_230_260.gif',2553),
(5978,'http://img.cgv.co.kr/R2014/images/common/default_230_260.gif',2557),
(5979,'http://img.cgv.co.kr/R2014/images/common/default_230_260.gif',2558),
(5980,'http://img.cgv.co.kr/R2014/images/common/default_230_260.gif',2559),
(5981,'http://img.cgv.co.kr/R2014/images/common/default_230_260.gif',2560),
(5982,'http://img.cgv.co.kr/R2014/images/common/default_230_260.gif',2561),
(5983,'http://img.cgv.co.kr/R2014/images/common/default_230_260.gif',2562),
(5984,'http://img.cgv.co.kr/R2014/images/common/default_230_260.gif',2563),
(5985,'http://img.cgv.co.kr/R2014/images/common/default_230_260.gif',2564),
(5986,'http://img.cgv.co.kr/R2014/images/common/default_230_260.gif',2567),
(5987,'http://img.cgv.co.kr/R2014/images/common/default_230_260.gif',2570),
(5988,'http://img.cgv.co.kr/R2014/images/common/default_230_260.gif',2572),
(5989,'http://img.cgv.co.kr/R2014/images/common/default_230_260.gif',2578),
(5990,'http://img.cgv.co.kr/R2014/images/common/default_230_260.gif',2393),
(5991,'http://img.cgv.co.kr/R2014/images/common/default_230_260.gif',2395),
(5992,'http://img.cgv.co.kr/R2014/images/common/default_230_260.gif',2396),
(5993,'http://img.cgv.co.kr/R2014/images/common/default_230_260.gif',2397),
(5994,'http://img.cgv.co.kr/R2014/images/common/default_230_260.gif',2398),
(5995,'http://img.cgv.co.kr/R2014/images/common/default_230_260.gif',2399),
(5996,'http://img.cgv.co.kr/R2014/images/common/default_230_260.gif',2400),
(5997,'http://img.cgv.co.kr/R2014/images/common/default_230_260.gif',2401),
(5998,'http://img.cgv.co.kr/R2014/images/common/default_230_260.gif',2402),
(5999,'http://img.cgv.co.kr/R2014/images/common/default_230_260.gif',2403),
(6000,'http://img.cgv.co.kr/R2014/images/common/default_230_260.gif',2404),
(6001,'http://img.cgv.co.kr/R2014/images/common/default_230_260.gif',2405),
(6002,'http://img.cgv.co.kr/R2014/images/common/default_230_260.gif',2406),
(6003,'http://img.cgv.co.kr/R2014/images/common/default_230_260.gif',2407),
(6004,'http://img.cgv.co.kr/R2014/images/common/default_230_260.gif',2408),
(6005,'http://img.cgv.co.kr/R2014/images/common/default_230_260.gif',2409),
(6006,'http://img.cgv.co.kr/R2014/images/common/default_230_260.gif',2424),
(6007,'http://img.cgv.co.kr/R2014/images/common/default_230_260.gif',2527),
(6008,'http://img.cgv.co.kr/R2014/images/common/default_230_260.gif',2722),
(6009,'http://img.cgv.co.kr/R2014/images/common/default_230_260.gif',2723),
(6010,'http://img.cgv.co.kr/R2014/images/common/default_230_260.gif',2724),
(6011,'http://img.cgv.co.kr/R2014/images/common/default_230_260.gif',2725),
(6012,'http://image.cine21.com/resize/cine21/movie/2022/0727/15_19_56__62e0d90c2340b[X120,150].jpg',2726),
(6013,'http://image.cine21.com/resize/cine21/person/2016/0408/15_21_38__57074df2b74ad[X120,150].jpg',2727),
(6014,'http://img.cgv.co.kr/R2014/images/common/default_230_260.gif',2716),
(6015,'http://img.cgv.co.kr/R2014/images/common/default_230_260.gif',2717),
(6016,'http://img.cgv.co.kr/R2014/images/common/default_230_260.gif',2718),
(6017,'http://img.cgv.co.kr/R2014/images/common/default_230_260.gif',2721),
(6018,'http://img.cgv.co.kr/R2014/images/common/default_230_260.gif',2728),
(6019,'http://image.cine21.com/resize/cine21/person/2020/0518/16_28_53__5ec23935a8ed2[X120,150].jpg',2729),
(6020,'http://image.cine21.com/resize/cine21/person/2019/0708/15_16_21__5d22dfb5db515[X120,150].jpg',2730),
(6021,'http://img.cgv.co.kr/R2014/images/common/default_230_260.gif',2731),
(6022,'http://img.cgv.co.kr/R2014/images/common/default_230_260.gif',2732),
(6023,'http://img.cgv.co.kr/R2014/images/common/default_230_260.gif',2540),
(6024,'http://img.cgv.co.kr/R2014/images/common/default_230_260.gif',2545),
(6025,'http://img.cgv.co.kr/R2014/images/common/default_230_260.gif',2553),
(6026,'http://img.cgv.co.kr/R2014/images/common/default_230_260.gif',2557),
(6027,'http://img.cgv.co.kr/R2014/images/common/default_230_260.gif',2558),
(6028,'http://img.cgv.co.kr/R2014/images/common/default_230_260.gif',2559),
(6029,'http://img.cgv.co.kr/R2014/images/common/default_230_260.gif',2560),
(6030,'http://img.cgv.co.kr/R2014/images/common/default_230_260.gif',2561),
(6031,'http://img.cgv.co.kr/R2014/images/common/default_230_260.gif',2562),
(6032,'http://img.cgv.co.kr/R2014/images/common/default_230_260.gif',2563),
(6033,'http://img.cgv.co.kr/R2014/images/common/default_230_260.gif',2564),
(6034,'http://img.cgv.co.kr/R2014/images/common/default_230_260.gif',2567),
(6035,'http://img.cgv.co.kr/R2014/images/common/default_230_260.gif',2570),
(6036,'http://img.cgv.co.kr/R2014/images/common/default_230_260.gif',2572),
(6037,'http://img.cgv.co.kr/R2014/images/common/default_230_260.gif',2578),
(6038,'http://img.cgv.co.kr/R2014/images/common/default_230_260.gif',2393),
(6039,'http://img.cgv.co.kr/R2014/images/common/default_230_260.gif',2395),
(6040,'http://img.cgv.co.kr/R2014/images/common/default_230_260.gif',2396),
(6041,'http://img.cgv.co.kr/R2014/images/common/default_230_260.gif',2397),
(6042,'http://img.cgv.co.kr/R2014/images/common/default_230_260.gif',2398),
(6043,'http://img.cgv.co.kr/R2014/images/common/default_230_260.gif',2399),
(6044,'http://img.cgv.co.kr/R2014/images/common/default_230_260.gif',2400),
(6045,'http://img.cgv.co.kr/R2014/images/common/default_230_260.gif',2401),
(6046,'http://img.cgv.co.kr/R2014/images/common/default_230_260.gif',2402),
(6047,'http://img.cgv.co.kr/R2014/images/common/default_230_260.gif',2403),
(6048,'http://img.cgv.co.kr/R2014/images/common/default_230_260.gif',2404),
(6049,'http://img.cgv.co.kr/R2014/images/common/default_230_260.gif',2405),
(6050,'http://img.cgv.co.kr/R2014/images/common/default_230_260.gif',2406),
(6051,'http://img.cgv.co.kr/R2014/images/common/default_230_260.gif',2407),
(6052,'http://img.cgv.co.kr/R2014/images/common/default_230_260.gif',2408),
(6053,'http://img.cgv.co.kr/R2014/images/common/default_230_260.gif',2409),
(6054,'http://img.cgv.co.kr/R2014/images/common/default_230_260.gif',2424),
(6055,'http://img.cgv.co.kr/R2014/images/common/default_230_260.gif',2716),
(6056,'http://img.cgv.co.kr/R2014/images/common/default_230_260.gif',2717),
(6057,'http://img.cgv.co.kr/R2014/images/common/default_230_260.gif',2718),
(6058,'http://img.cgv.co.kr/R2014/images/common/default_230_260.gif',2721),
(6059,'http://img.cgv.co.kr/R2014/images/common/default_230_260.gif',2728),
(6060,'http://img.cgv.co.kr/R2014/images/common/default_230_260.gif',2731),
(6061,'http://img.cgv.co.kr/R2014/images/common/default_230_260.gif',2732),
(6062,'http://img.cgv.co.kr/R2014/images/common/default_230_260.gif',2540),
(6063,'http://img.cgv.co.kr/R2014/images/common/default_230_260.gif',2545),
(6064,'http://img.cgv.co.kr/R2014/images/common/default_230_260.gif',2553),
(6065,'http://img.cgv.co.kr/R2014/images/common/default_230_260.gif',2557),
(6066,'http://img.cgv.co.kr/R2014/images/common/default_230_260.gif',2558),
(6067,'http://img.cgv.co.kr/R2014/images/common/default_230_260.gif',2559),
(6068,'http://img.cgv.co.kr/R2014/images/common/default_230_260.gif',2560),
(6069,'http://img.cgv.co.kr/R2014/images/common/default_230_260.gif',2561),
(6070,'http://img.cgv.co.kr/R2014/images/common/default_230_260.gif',2562),
(6071,'http://img.cgv.co.kr/R2014/images/common/default_230_260.gif',2563),
(6072,'http://img.cgv.co.kr/R2014/images/common/default_230_260.gif',2564),
(6073,'http://img.cgv.co.kr/R2014/images/common/default_230_260.gif',2567),
(6074,'http://img.cgv.co.kr/R2014/images/common/default_230_260.gif',2570),
(6075,'http://img.cgv.co.kr/R2014/images/common/default_230_260.gif',2572),
(6076,'http://img.cgv.co.kr/R2014/images/common/default_230_260.gif',2578),
(6077,'http://image.cine21.com/resize/cine21/person/2024/1127/08_57_46__6746607a6a00c[X120,150].jpg',2733),
(6078,'http://image.cine21.com/resize/cine21/person/2024/1114/09_23_52__673543181b967[X120,150].jpg',2734),
(6079,'http://image.cine21.com/resize/cine21/person/2024/1114/09_19_02__673541f6d18d3[X120,150].jpg',2735),
(6080,'http://image.cine21.com/resize/cine21/person/2024/1114/09_05_01__67353eadf3e9c[X120,150].jpg',2736),
(6081,'http://image.cine21.com/resize/cine21/person/2024/1114/09_09_58__67353fd6c1f1c[X120,150].jpg',2737),
(6082,'http://img.cgv.co.kr/R2014/images/common/default_230_260.gif',2393),
(6083,'http://img.cgv.co.kr/R2014/images/common/default_230_260.gif',2395),
(6084,'http://img.cgv.co.kr/R2014/images/common/default_230_260.gif',2396),
(6085,'http://img.cgv.co.kr/R2014/images/common/default_230_260.gif',2397),
(6086,'http://img.cgv.co.kr/R2014/images/common/default_230_260.gif',2398),
(6087,'http://img.cgv.co.kr/R2014/images/common/default_230_260.gif',2399),
(6088,'http://img.cgv.co.kr/R2014/images/common/default_230_260.gif',2400),
(6089,'http://img.cgv.co.kr/R2014/images/common/default_230_260.gif',2401),
(6090,'http://img.cgv.co.kr/R2014/images/common/default_230_260.gif',2402),
(6091,'http://img.cgv.co.kr/R2014/images/common/default_230_260.gif',2403),
(6092,'http://img.cgv.co.kr/R2014/images/common/default_230_260.gif',2404),
(6093,'http://img.cgv.co.kr/R2014/images/common/default_230_260.gif',2405),
(6094,'http://img.cgv.co.kr/R2014/images/common/default_230_260.gif',2406),
(6095,'http://img.cgv.co.kr/R2014/images/common/default_230_260.gif',2407),
(6096,'http://img.cgv.co.kr/R2014/images/common/default_230_260.gif',2408),
(6097,'http://img.cgv.co.kr/R2014/images/common/default_230_260.gif',2409),
(6098,'http://img.cgv.co.kr/R2014/images/common/default_230_260.gif',2424),
(6099,'http://img.cgv.co.kr/R2014/images/common/default_230_260.gif',2393),
(6100,'http://img.cgv.co.kr/R2014/images/common/default_230_260.gif',2395),
(6101,'http://img.cgv.co.kr/R2014/images/common/default_230_260.gif',2396),
(6102,'http://img.cgv.co.kr/R2014/images/common/default_230_260.gif',2397),
(6103,'http://img.cgv.co.kr/R2014/images/common/default_230_260.gif',2398),
(6104,'http://img.cgv.co.kr/R2014/images/common/default_230_260.gif',2399),
(6105,'http://img.cgv.co.kr/R2014/images/common/default_230_260.gif',2400),
(6106,'http://img.cgv.co.kr/R2014/images/common/default_230_260.gif',2401),
(6107,'http://img.cgv.co.kr/R2014/images/common/default_230_260.gif',2402),
(6108,'http://img.cgv.co.kr/R2014/images/common/default_230_260.gif',2403),
(6109,'http://img.cgv.co.kr/R2014/images/common/default_230_260.gif',2404),
(6110,'http://img.cgv.co.kr/R2014/images/common/default_230_260.gif',2405),
(6111,'http://img.cgv.co.kr/R2014/images/common/default_230_260.gif',2406),
(6112,'http://img.cgv.co.kr/R2014/images/common/default_230_260.gif',2407),
(6113,'http://img.cgv.co.kr/R2014/images/common/default_230_260.gif',2408),
(6114,'http://img.cgv.co.kr/R2014/images/common/default_230_260.gif',2409),
(6115,'http://img.cgv.co.kr/R2014/images/common/default_230_260.gif',2424),
(6116,'http://img.cgv.co.kr/R2014/images/common/default_230_260.gif',2716),
(6117,'http://img.cgv.co.kr/R2014/images/common/default_230_260.gif',2717),
(6118,'http://img.cgv.co.kr/R2014/images/common/default_230_260.gif',2718),
(6119,'http://img.cgv.co.kr/R2014/images/common/default_230_260.gif',2721),
(6120,'http://img.cgv.co.kr/R2014/images/common/default_230_260.gif',2728),
(6121,'http://img.cgv.co.kr/R2014/images/common/default_230_260.gif',2731),
(6122,'http://img.cgv.co.kr/R2014/images/common/default_230_260.gif',2732),
(6123,'http://img.cgv.co.kr/R2014/images/common/default_230_260.gif',2540),
(6124,'http://img.cgv.co.kr/R2014/images/common/default_230_260.gif',2545),
(6125,'http://img.cgv.co.kr/R2014/images/common/default_230_260.gif',2553),
(6126,'http://img.cgv.co.kr/R2014/images/common/default_230_260.gif',2557),
(6127,'http://img.cgv.co.kr/R2014/images/common/default_230_260.gif',2558),
(6128,'http://img.cgv.co.kr/R2014/images/common/default_230_260.gif',2559),
(6129,'http://img.cgv.co.kr/R2014/images/common/default_230_260.gif',2560),
(6130,'http://img.cgv.co.kr/R2014/images/common/default_230_260.gif',2561),
(6131,'http://img.cgv.co.kr/R2014/images/common/default_230_260.gif',2562),
(6132,'http://img.cgv.co.kr/R2014/images/common/default_230_260.gif',2563),
(6133,'http://img.cgv.co.kr/R2014/images/common/default_230_260.gif',2564),
(6134,'http://img.cgv.co.kr/R2014/images/common/default_230_260.gif',2567),
(6135,'http://img.cgv.co.kr/R2014/images/common/default_230_260.gif',2570),
(6136,'http://img.cgv.co.kr/R2014/images/common/default_230_260.gif',2572),
(6137,'http://img.cgv.co.kr/R2014/images/common/default_230_260.gif',2578),
(6138,'http://img.cgv.co.kr/R2014/images/common/default_230_260.gif',2393),
(6139,'http://img.cgv.co.kr/R2014/images/common/default_230_260.gif',2395),
(6140,'http://img.cgv.co.kr/R2014/images/common/default_230_260.gif',2396),
(6141,'http://img.cgv.co.kr/R2014/images/common/default_230_260.gif',2397),
(6142,'http://img.cgv.co.kr/R2014/images/common/default_230_260.gif',2398),
(6143,'http://img.cgv.co.kr/R2014/images/common/default_230_260.gif',2399),
(6144,'http://img.cgv.co.kr/R2014/images/common/default_230_260.gif',2400),
(6145,'http://img.cgv.co.kr/R2014/images/common/default_230_260.gif',2401),
(6146,'http://img.cgv.co.kr/R2014/images/common/default_230_260.gif',2402),
(6147,'http://img.cgv.co.kr/R2014/images/common/default_230_260.gif',2403),
(6148,'http://img.cgv.co.kr/R2014/images/common/default_230_260.gif',2404),
(6149,'http://img.cgv.co.kr/R2014/images/common/default_230_260.gif',2405),
(6150,'http://img.cgv.co.kr/R2014/images/common/default_230_260.gif',2406),
(6151,'http://img.cgv.co.kr/R2014/images/common/default_230_260.gif',2407),
(6152,'http://img.cgv.co.kr/R2014/images/common/default_230_260.gif',2408),
(6153,'http://img.cgv.co.kr/R2014/images/common/default_230_260.gif',2409),
(6154,'http://img.cgv.co.kr/R2014/images/common/default_230_260.gif',2424),
(6155,'http://img.cgv.co.kr/R2014/images/common/default_230_260.gif',2716),
(6156,'http://img.cgv.co.kr/R2014/images/common/default_230_260.gif',2717),
(6157,'http://img.cgv.co.kr/R2014/images/common/default_230_260.gif',2718),
(6158,'http://img.cgv.co.kr/R2014/images/common/default_230_260.gif',2721),
(6159,'http://image.cine21.com/resize/cine21/person/imagelink/85446[X120,150].jpg',2739),
(6160,'http://image.cine21.com/resize/cine21/still/2017/1207/11_26_09__5a28a6c102a95[X120,150].jpg',2740),
(6161,'http://image.cine21.com/resize/cine21/still/2017/1220/14_32_26__5a39f5ea21b7a[X120,150].jpg',2741),
(6162,'http://image.cine21.com/resize/cine21/person/2019/1023/14_56_06__5dafeb768e59e[X120,150].jpg',2742),
(6163,'http://image.cine21.com/resize/cine21/still/2019/0326/17_55_00__5c99e8e403746[X120,150].jpg',2743),
(6164,'http://image.cine21.com/resize/cine21/person/2023/1115/17_30_54__655481be4e8c4[X120,150].jpg',2744),
(6165,'http://img.cgv.co.kr/R2014/images/common/default_230_260.gif',2728),
(6166,'http://img.cgv.co.kr/R2014/images/common/default_230_260.gif',2731),
(6167,'http://img.cgv.co.kr/R2014/images/common/default_230_260.gif',2732),
(6168,'http://img.cgv.co.kr/R2014/images/common/default_230_260.gif',2540),
(6169,'http://img.cgv.co.kr/R2014/images/common/default_230_260.gif',2545),
(6170,'http://img.cgv.co.kr/R2014/images/common/default_230_260.gif',2553),
(6171,'http://img.cgv.co.kr/R2014/images/common/default_230_260.gif',2557),
(6172,'http://img.cgv.co.kr/R2014/images/common/default_230_260.gif',2558),
(6173,'http://img.cgv.co.kr/R2014/images/common/default_230_260.gif',2559),
(6174,'http://img.cgv.co.kr/R2014/images/common/default_230_260.gif',2560),
(6175,'http://img.cgv.co.kr/R2014/images/common/default_230_260.gif',2561),
(6176,'http://img.cgv.co.kr/R2014/images/common/default_230_260.gif',2562),
(6177,'http://img.cgv.co.kr/R2014/images/common/default_230_260.gif',2563),
(6178,'http://img.cgv.co.kr/R2014/images/common/default_230_260.gif',2564),
(6179,'http://img.cgv.co.kr/R2014/images/common/default_230_260.gif',2567),
(6180,'http://img.cgv.co.kr/R2014/images/common/default_230_260.gif',2570),
(6181,'http://img.cgv.co.kr/R2014/images/common/default_230_260.gif',2572),
(6182,'http://img.cgv.co.kr/R2014/images/common/default_230_260.gif',2578),
(6183,'http://img.cgv.co.kr/R2014/images/common/default_230_260.gif',2745),
(6184,'http://image.cine21.com/resize/cine21/still/2019/0502/15_35_55__5cca8fcbe8c32[X120,150].jpg',2746),
(6185,'http://img.cgv.co.kr/R2014/images/common/default_230_260.gif',2747),
(6186,'http://image.cine21.com/resize/cine21/person/2020/0402/12_44_27__5e855f9bab42e[X120,150].jpg',2748),
(6187,'http://img.cgv.co.kr/R2014/images/common/default_230_260.gif',2749),
(6188,'http://img.cgv.co.kr/R2014/images/common/default_230_260.gif',2718),
(6189,'http://img.cgv.co.kr/R2014/images/common/default_230_260.gif',2721),
(6190,'http://image.cine21.com/resize/cine21/person/2018/0523/10_58_40__5b04cad063ec6[X120,150].jpg',2750),
(6191,'http://image.cine21.com/resize/cine21/still/2019/0403/18_26_05__5ca47c2d8a564[X120,150].jpg',2751),
(6192,'http://img.cgv.co.kr/R2014/images/common/default_230_260.gif',2752),
(6193,'http://img.cgv.co.kr/R2014/images/common/default_230_260.gif',2753),
(6194,'http://image.cine21.com/resize/cine21/person/2018/0523/10_58_40__5b04cad063ec6[X120,150].jpg',2754),
(6195,'http://img.cgv.co.kr/R2014/images/common/default_230_260.gif',2728),
(6196,'http://img.cgv.co.kr/R2014/images/common/default_230_260.gif',2731),
(6197,'http://img.cgv.co.kr/R2014/images/common/default_230_260.gif',2732),
(6198,'http://img.cgv.co.kr/R2014/images/common/default_230_260.gif',2540),
(6199,'http://img.cgv.co.kr/R2014/images/common/default_230_260.gif',2545),
(6200,'http://img.cgv.co.kr/R2014/images/common/default_230_260.gif',2553),
(6201,'http://img.cgv.co.kr/R2014/images/common/default_230_260.gif',2557),
(6202,'http://img.cgv.co.kr/R2014/images/common/default_230_260.gif',2558),
(6203,'http://img.cgv.co.kr/R2014/images/common/default_230_260.gif',2559),
(6204,'http://img.cgv.co.kr/R2014/images/common/default_230_260.gif',2560),
(6205,'http://img.cgv.co.kr/R2014/images/common/default_230_260.gif',2561),
(6206,'http://img.cgv.co.kr/R2014/images/common/default_230_260.gif',2562),
(6207,'http://img.cgv.co.kr/R2014/images/common/default_230_260.gif',2563),
(6208,'http://img.cgv.co.kr/R2014/images/common/default_230_260.gif',2564),
(6209,'http://img.cgv.co.kr/R2014/images/common/default_230_260.gif',2567),
(6210,'http://img.cgv.co.kr/R2014/images/common/default_230_260.gif',2570),
(6211,'http://img.cgv.co.kr/R2014/images/common/default_230_260.gif',2572),
(6212,'http://img.cgv.co.kr/R2014/images/common/default_230_260.gif',2578),
(6213,'http://img.cgv.co.kr/R2014/images/common/default_230_260.gif',2718),
(6214,'http://img.cgv.co.kr/R2014/images/common/default_230_260.gif',2721),
(6215,'http://img.cgv.co.kr/R2014/images/common/default_230_260.gif',2752),
(6216,'http://img.cgv.co.kr/R2014/images/common/default_230_260.gif',2753),
(6217,'http://img.cgv.co.kr/R2014/images/common/default_230_260.gif',2728),
(6218,'http://img.cgv.co.kr/R2014/images/common/default_230_260.gif',2731),
(6219,'http://img.cgv.co.kr/R2014/images/common/default_230_260.gif',2732),
(6220,'http://img.cgv.co.kr/R2014/images/common/default_230_260.gif',2540),
(6221,'http://img.cgv.co.kr/R2014/images/common/default_230_260.gif',2545),
(6222,'http://img.cgv.co.kr/R2014/images/common/default_230_260.gif',2553),
(6223,'http://img.cgv.co.kr/R2014/images/common/default_230_260.gif',2557),
(6224,'http://img.cgv.co.kr/R2014/images/common/default_230_260.gif',2558),
(6225,'http://img.cgv.co.kr/R2014/images/common/default_230_260.gif',2559),
(6226,'http://img.cgv.co.kr/R2014/images/common/default_230_260.gif',2560),
(6227,'http://img.cgv.co.kr/R2014/images/common/default_230_260.gif',2561),
(6228,'http://img.cgv.co.kr/R2014/images/common/default_230_260.gif',2562),
(6229,'http://img.cgv.co.kr/R2014/images/common/default_230_260.gif',2563),
(6230,'http://img.cgv.co.kr/R2014/images/common/default_230_260.gif',2564),
(6231,'http://img.cgv.co.kr/R2014/images/common/default_230_260.gif',2567),
(6232,'http://img.cgv.co.kr/R2014/images/common/default_230_260.gif',2570),
(6233,'http://img.cgv.co.kr/R2014/images/common/default_230_260.gif',2572),
(6234,'http://img.cgv.co.kr/R2014/images/common/default_230_260.gif',2578),
(6235,'http://img.cgv.co.kr/R2014/images/common/default_230_260.gif',2718),
(6236,'http://img.cgv.co.kr/R2014/images/common/default_230_260.gif',2721),
(6237,'http://img.cgv.co.kr/R2014/images/common/default_230_260.gif',2752),
(6238,'http://img.cgv.co.kr/R2014/images/common/default_230_260.gif',2753),
(6239,'http://img.cgv.co.kr/R2014/images/common/default_230_260.gif',2728),
(6240,'http://img.cgv.co.kr/R2014/images/common/default_230_260.gif',2731),
(6241,'http://img.cgv.co.kr/R2014/images/common/default_230_260.gif',2732),
(6242,'http://img.cgv.co.kr/R2014/images/common/default_230_260.gif',2540),
(6243,'http://img.cgv.co.kr/R2014/images/common/default_230_260.gif',2545),
(6244,'http://img.cgv.co.kr/R2014/images/common/default_230_260.gif',2553),
(6245,'http://img.cgv.co.kr/R2014/images/common/default_230_260.gif',2557),
(6246,'http://img.cgv.co.kr/R2014/images/common/default_230_260.gif',2558),
(6247,'http://img.cgv.co.kr/R2014/images/common/default_230_260.gif',2559),
(6248,'http://img.cgv.co.kr/R2014/images/common/default_230_260.gif',2560),
(6249,'http://img.cgv.co.kr/R2014/images/common/default_230_260.gif',2561),
(6250,'http://img.cgv.co.kr/R2014/images/common/default_230_260.gif',2562),
(6251,'http://img.cgv.co.kr/R2014/images/common/default_230_260.gif',2563),
(6252,'http://img.cgv.co.kr/R2014/images/common/default_230_260.gif',2564),
(6253,'http://img.cgv.co.kr/R2014/images/common/default_230_260.gif',2567),
(6254,'http://img.cgv.co.kr/R2014/images/common/default_230_260.gif',2570),
(6255,'http://img.cgv.co.kr/R2014/images/common/default_230_260.gif',2572),
(6256,'http://img.cgv.co.kr/R2014/images/common/default_230_260.gif',2578),
(6257,'http://img.cgv.co.kr/R2014/images/common/default_230_260.gif',2755),
(6258,'http://img.cgv.co.kr/R2014/images/common/default_230_260.gif',2756),
(6259,'http://img.cgv.co.kr/R2014/images/common/default_230_260.gif',2757),
(6260,'http://img.cgv.co.kr/R2014/images/common/default_230_260.gif',2758);
/*!40000 ALTER TABLE `charactor_image` ENABLE KEYS */;
UNLOCK TABLES;

--
-- Table structure for table `cinema`
--

DROP TABLE IF EXISTS `cinema`;
/*!40101 SET @saved_cs_client     = @@character_set_client */;
/*!40101 SET character_set_client = utf8 */;
CREATE TABLE `cinema` (
  `ci_num` int(10) unsigned NOT NULL AUTO_INCREMENT,
  `ci_name` varchar(30) NOT NULL,
  `th_num` int(10) unsigned NOT NULL,
  `cit_num` int(10) unsigned NOT NULL,
  PRIMARY KEY (`ci_num`),
  KEY `th_num` (`th_num`),
  KEY `cit_num` (`cit_num`),
  CONSTRAINT `cinema_ibfk_1` FOREIGN KEY (`th_num`) REFERENCES `theater` (`th_num`) ON DELETE CASCADE ON UPDATE CASCADE,
  CONSTRAINT `cinema_ibfk_2` FOREIGN KEY (`cit_num`) REFERENCES `cinema_type` (`cit_num`) ON DELETE CASCADE ON UPDATE CASCADE
) ENGINE=InnoDB AUTO_INCREMENT=60 DEFAULT CHARSET=utf8mb4 COLLATE=utf8mb4_general_ci;
/*!40101 SET character_set_client = @saved_cs_client */;

--
-- Dumping data for table `cinema`
--

LOCK TABLES `cinema` WRITE;
/*!40000 ALTER TABLE `cinema` DISABLE KEYS */;
INSERT INTO `cinema` VALUES
(1,'1관',1,1),
(2,'2관',1,1),
(3,'3관',1,1),
(4,'4관',1,3),
(5,'5관',1,1),
(6,'6관',1,1),
(7,'7관',1,2),
(8,'8관',1,1),
(9,'1관',2,1),
(10,'2관',2,1),
(11,'3관',2,1),
(12,'4관',2,1),
(13,'1관',3,1),
(14,'2관',3,1),
(15,'3관',3,1),
(16,'4관',3,1),
(17,'5관',3,1),
(18,'6관',3,1),
(19,'7관',3,1),
(20,'8관',3,3),
(21,'9관',3,1),
(22,'10관',3,1),
(23,'1관',4,1),
(24,'2관',4,1),
(25,'3관',4,1),
(26,'4관',4,1),
(27,'5관',4,1),
(28,'6관',4,1),
(29,'7관',4,1),
(30,'1관',5,5),
(31,'2관',5,5),
(32,'3관',5,5),
(33,'4관',5,5),
(34,'5관',5,5),
(35,'6관',5,5),
(36,'1관',6,1),
(37,'2관',6,1),
(38,'3관',6,4),
(39,'4관',6,1),
(40,'5관',6,1),
(41,'6관',6,1),
(42,'1관',7,1),
(43,'2관',7,1),
(44,'3관',7,5),
(45,'4관',7,3),
(46,'5관',7,1),
(47,'6관',7,1),
(48,'7관',7,5),
(49,'1관',8,1),
(50,'2관',8,1),
(51,'3관',8,1),
(52,'4관',8,1),
(53,'5관',8,6),
(54,'1관',9,1),
(55,'2관',9,1),
(56,'3관',9,1),
(57,'4관',9,1),
(58,'5관',9,1),
(59,'6관',9,1);
/*!40000 ALTER TABLE `cinema` ENABLE KEYS */;
UNLOCK TABLES;

--
-- Table structure for table `cinema_type`
--

DROP TABLE IF EXISTS `cinema_type`;
/*!40101 SET @saved_cs_client     = @@character_set_client */;
/*!40101 SET character_set_client = utf8 */;
CREATE TABLE `cinema_type` (
  `cit_num` int(10) unsigned NOT NULL AUTO_INCREMENT,
  `cit_name` varchar(20) NOT NULL,
  `cit_price` int(10) unsigned NOT NULL,
  PRIMARY KEY (`cit_num`)
) ENGINE=InnoDB AUTO_INCREMENT=7 DEFAULT CHARSET=utf8mb4 COLLATE=utf8mb4_general_ci;
/*!40101 SET character_set_client = @saved_cs_client */;

--
-- Dumping data for table `cinema_type`
--

LOCK TABLES `cinema_type` WRITE;
/*!40000 ALTER TABLE `cinema_type` DISABLE KEYS */;
INSERT INTO `cinema_type` VALUES
(1,'2D',14000),
(2,'IMAX',19000),
(3,'4DX',19000),
(4,'SCREENX',17000),
(5,'리클라이너',14000),
(6,'CINE&FORET',22000);
/*!40000 ALTER TABLE `cinema_type` ENABLE KEYS */;
UNLOCK TABLES;

--
-- Table structure for table `country`
--

DROP TABLE IF EXISTS `country`;
/*!40101 SET @saved_cs_client     = @@character_set_client */;
/*!40101 SET character_set_client = utf8 */;
CREATE TABLE `country` (
  `co_num` int(10) unsigned NOT NULL AUTO_INCREMENT,
  `co_name` varchar(10) NOT NULL,
  PRIMARY KEY (`co_num`)
) ENGINE=InnoDB AUTO_INCREMENT=499 DEFAULT CHARSET=utf8mb4 COLLATE=utf8mb4_general_ci;
/*!40101 SET character_set_client = @saved_cs_client */;

--
-- Dumping data for table `country`
--

LOCK TABLES `country` WRITE;
/*!40000 ALTER TABLE `country` DISABLE KEYS */;
INSERT INTO `country` VALUES
(479,'홍콩'),
(480,'프랑스'),
(481,'한국'),
(482,'영국'),
(483,'독일'),
(484,'핀란드'),
(485,'미국'),
(486,'일본'),
(487,'캐나다'),
(488,'아일랜드'),
(489,'네델란드'),
(490,'노르웨이'),
(491,'스웨덴'),
(492,'대만'),
(493,'덴마크'),
(494,'이탈리아'),
(495,'폴란드'),
(496,'스페인'),
(497,'멕시코'),
(498,'대한민국');
/*!40000 ALTER TABLE `country` ENABLE KEYS */;
UNLOCK TABLES;

--
-- Table structure for table `email_tokens`
--

DROP TABLE IF EXISTS `email_tokens`;
/*!40101 SET @saved_cs_client     = @@character_set_client */;
/*!40101 SET character_set_client = utf8 */;
CREATE TABLE `email_tokens` (
  `em_email` varchar(50) NOT NULL,
  `em_key` varchar(128) NOT NULL,
  `em_created_at` datetime NOT NULL DEFAULT current_timestamp(),
  `em_expires_at` datetime NOT NULL,
  `em_is_used` tinyint(1) NOT NULL DEFAULT 0,
  PRIMARY KEY (`em_email`,`em_key`),
  CONSTRAINT `email_tokens_ibfk_1` FOREIGN KEY (`em_email`) REFERENCES `user` (`us_email`) ON DELETE CASCADE ON UPDATE CASCADE
) ENGINE=InnoDB DEFAULT CHARSET=utf8mb4 COLLATE=utf8mb4_general_ci;
/*!40101 SET character_set_client = @saved_cs_client */;

--
-- Dumping data for table `email_tokens`
--

LOCK TABLES `email_tokens` WRITE;
/*!40000 ALTER TABLE `email_tokens` DISABLE KEYS */;
INSERT INTO `email_tokens` VALUES
('av1967@naver.com','263e310fef26a3d4aa83f7d8c0cc2327c1d3f242d71459aa8baaa96924f7b6a273419f5a0f66710e8baff1483a0a1735a2816282abcea1d14d4360de079002f0','2025-01-03 14:45:00','2025-01-27 14:45:00',0),
('av1967@naver.com','2c3831e05353be3b0d43de4cf33226206be664c43bf4422fa048ec2cdeefa94c5c0d472684800cfd4fb7db8c34970e31d471eb2486b4c1b328e85d469219ad1f','2025-01-02 22:32:19','2025-01-26 22:32:19',0),
('av1967@naver.com','42f9ef27fd75ed1a409184dc348bf166a2ac5b50d16d9565a2df3194c9b695eac1743ddd0deb211c8cae2d186ef6192a402c298b3d2ddb588da16f269c02ab4f','2024-12-31 09:22:22','2025-01-24 09:22:22',1),
('av1967@naver.com','b7f03376bc29bc61e1205079871b54de59f3c5377ef07a3aecee7cffbe064e5519caffe85d10ac69dd5613ee29caca35fc6c4cfe22e4083402bc99ffb756e711','2025-01-02 22:32:49','2025-01-26 22:32:49',0),
('av1967@naver.com','e21f98dff7f93e51ea3f87623a955c708aeeec88419c0c34e469a12894ac1ae3cbfc67193f1512089bfe718ed715f44c62eff31eeb6452bac28ab77c91bed048','2024-12-31 09:22:22','2025-01-24 09:22:22',0),
('kydmsqls@naver.com','2195e862b8023cf403b19dcb65f155c36475a759719de4f05247a83b9b4e48a14964cae1313eb155481ba94e42ce414636911e1265321973ef4c21dd26079f71','2024-12-20 12:28:25','2024-12-21 12:28:25',1),
('nyeonjae94@gmail.com','c835573b1da2bb7786991442b36926bb00d02bd467a490b24cb0ae56c17994e630fdf1c3112c59bb63c7f879046e939916954f397c6f9b4e40a80e0c2f9735a1','2024-12-25 17:15:55','2024-12-26 17:15:55',1),
('wjsguswo3@naver.com',' 2c317861551a01aadc8ddceff7f56ffe1ac333a597776859f82dbfb0ecf17cc3916d2da6d2da018373bbbd940b8020fe9a82c51526ab8c1196d13051efa35a5','2025-01-01 23:09:36','2025-01-25 23:09:36',1),
('wjsguswo3@naver.com',' d93007774f038fc6ed6c5950745afdd0a4fbe440b68e5fbfd327a3888466bc1b531de7e326d64db1a6b187ba0ae832e2e0f008160407664252dfaa005c856bb','2024-12-17 16:54:43','2025-01-10 16:54:43',0),
('wjsguswo3@naver.com',' edb2df18d0b552311b706e6781713565e1ad1adaa30ad515b16f62358e49b10d15ed1d4b8ab980d5f03ae2bdf585b671e5a6abd257144225d0db65e58d7c3e4','2024-12-17 17:10:53','2025-01-10 17:10:53',0),
('wjsguswo3@naver.com','1a94fc807a38d7d4a388b5b82dccf0f498c380f54c13a6f722b8572b864a8a82c57c06d112a97b865a6dc448d1809d47d8c7b2f2039d5128b012dd6b3420afe2','2024-12-22 15:46:12','2025-01-15 15:46:12',0),
('wjsguswo3@naver.com','1f579e82b3bc2b2fa0fb4c3cbdffdfcf9f671f15c4d71131c640361ad9213260ef318923bd2084eba23f62312821c284f86b64b64ece7115fb7d4d869cb49207','2025-01-01 19:57:57','2025-01-25 19:57:57',0),
('wjsguswo3@naver.com','2658db6664a1243917b7b02bf993326ae9cbf526a782119aef28319f17cab25b9986bda85a6c30432e3e3fe20a151e7488d466b7383a8af29b031e55fd3c49e4','2024-12-17 17:23:08','2025-01-10 17:23:08',0),
('wjsguswo3@naver.com','299ae706494ee7fa5d116250bacf82339648b97a7b6ca2eebb33401d5011f721801dfbef4d81181dadf0495fd0b54ab9acb803c3fd644fa23f77968fc9439391','2024-12-17 22:21:11','2025-01-10 22:21:11',0),
('wjsguswo3@naver.com','3a21eebc953676322cb81378d7c85a4dd2016f6dde7c4bc74e92e3395a82f91ba55376e6e35ac28957d214996e702b8c190e1d064a5bb73b10f8ecf54548d6dd','2024-12-08 22:34:58','2024-12-09 22:34:58',1),
('wjsguswo3@naver.com','3eb04f50e7b7033343730ebcc7200918c37afde6085a420494486aee28ea7a53d634dc3b70af9051b7d4226ac7958771cd436a68e7a5a0ad4713340f11bacac8','2024-12-22 15:44:49','2025-01-15 15:44:49',0),
('wjsguswo3@naver.com','4ef08e6f08719ad5ead8af1c68679978b1d69f465e4b74b4db0c663dfac2dbcbec07159cbddef2260b74fcfdc87e73c75f6861bc4e196e698257581de7e6751f','2024-12-25 17:20:58','2025-01-18 17:20:58',0),
('wjsguswo3@naver.com','6207e74be665c608d9281d2f4382c0abdec6a1f96a5e14cbd04b501af079c5a16eff32a3cde4a56536ab468457a6884e9ccbc525cbe2686c1e7c2c0920534596','2025-01-01 19:57:11','2025-01-25 19:57:11',0),
('wjsguswo3@naver.com','71ac5b12b9fee9db48f0e35177e4b3787b6889177b7f5f140e2224e7d92c829a5ff04e21f15dbdd6ada06f86ed1a67a51244d4e50efe649153d607e1b390b672','2025-01-01 22:24:27','2025-01-25 22:24:27',0),
('wjsguswo3@naver.com','829b4f6d03fb4a6ac6214205bd54d82ae6a53fbbc47169e236dbef6de04710151375745fac942810a9a122adac9fb90bbd3838fbfb276e0cc00bda43a2ac409b','2024-12-17 19:54:56','2025-01-10 19:54:56',0),
('wjsguswo3@naver.com','8a3c2d721472d9ec03656a8a778dad71aeaa28e4f853823486f2b26a3a0e0551559e2861298cca21ca4f98152f5c015e57ab11e415025cfd2f6f4361f388eb5b','2024-12-17 20:39:23','2025-01-10 20:39:23',0),
('wjsguswo3@naver.com','92504794e91162686cf1ac36ad3540676c9f2beefdbe541f56e6f816533e9348aed230e660807fbc452e5131d65bb0c3c0f9713c258b987cd29297ed740371f8','2024-12-31 23:04:18','2025-01-24 23:04:18',0),
('wjsguswo3@naver.com','9c542e356f569dd04ca9749d62d3c94d1988bd9e844043c78c32294f3951e6a676e9714da77f99f6b070ec4323735e280451f9468b6fe925e838ed42d0075653','2024-12-18 17:04:57','2025-01-11 17:04:57',0),
('wjsguswo3@naver.com','a959eff3f77a0262c187283def3fa98f76887df327eac17cbfd20559fd16948c6956318df4ac0ac1553afea08119e21457d9cfd6e524201eca3b5b0198be8e50','2024-12-17 17:01:23','2025-01-10 17:01:23',0),
('wjsguswo3@naver.com','bac0ec2bed2e68092b2e3e18a2dece195348d639886e8963a2d1430616bb30b3ea29045f681e2d6d4c5e619f47bbe1965257c28bab79d904a6a582b2acf48db9','2024-12-17 19:57:16','2025-01-10 19:57:16',0),
('wjsguswo3@naver.com','be295bc5be3de7cce4f17c6dd77d9aae7c96500962871d649a8c44b227e9fb3bfce61e142b97a2d82846a3e57f47989ca40f654e8896225e32edc2d286758bbc','2024-12-17 21:13:12','2025-01-10 21:13:12',0),
('wjsguswo3@naver.com','c65e6f34a7337e47322067e748cd518d72a5d57a6e24ce3e0c93fcaeed3e5abc95b469fced98d33f7c67936dc16da5d09e3889e83b05a5bf66381c104e9db89f','2025-01-01 23:09:36','2025-01-25 23:09:36',0),
('wjsguswo3@naver.com','cd725ea40a60aa61b14f6e0a89c248ab9bdfbe4f0dff1bd37135628b610d296f4d9c1dd4b907126a0856f519ff1f0f0b924a116127c6e30ef95a6c94979fd888','2024-12-17 20:42:08','2025-01-10 20:42:08',0),
('wjsguswo3@naver.com','f2509af8a8dc728a7062f0f9a37ed8273db7d97084d7e61ae432ef2a8e6ba5aa67c390938c80a00173542df12fbe3321c8ee6a3b1e897c47ad1b80ac3a038c09','2024-12-17 19:57:38','2025-01-10 19:57:38',0),
('wjsguswo3@naver.com','f73d000d53d9d4a0dbcbb4ad58b8b1f1e079a0ae12f63ec9e5319c32da03fd99c5ab3c541133d9b1864d59fd3ee4cfed573717cde87d5138fc53b0fe0082fa8f','2024-12-17 16:59:11','2025-01-10 16:59:11',0),
('wjsguswo3@naver.com','f8e6e271de8b62f1dcd989597eb5727a0f52c5039900a60e31237abc58041727be94bbc2d682c646a76fd3988d8b5e07539e40819d9fada47ddad37e7ed54625','2025-01-01 23:07:21','2025-01-25 23:07:21',0),
('영영나가도록@naver.com','bb6fbd2acdcb797036bcfca33d95830dba4b7df323697cd18e845bcfd482e041ff3e11ec208d439d455780358c60694aa3453d75f18dba9b78fdcc7ddf5341fe','2024-12-13 12:06:07','2024-12-14 12:06:07',0);
/*!40000 ALTER TABLE `email_tokens` ENABLE KEYS */;
UNLOCK TABLES;

--
-- Table structure for table `genre`
--

DROP TABLE IF EXISTS `genre`;
/*!40101 SET @saved_cs_client     = @@character_set_client */;
/*!40101 SET character_set_client = utf8 */;
CREATE TABLE `genre` (
  `ge_num` int(10) unsigned NOT NULL AUTO_INCREMENT,
  `ge_name` varchar(20) DEFAULT NULL,
  PRIMARY KEY (`ge_num`)
) ENGINE=InnoDB AUTO_INCREMENT=1006 DEFAULT CHARSET=utf8mb4 COLLATE=utf8mb4_general_ci;
/*!40101 SET character_set_client = @saved_cs_client */;

--
-- Dumping data for table `genre`
--

LOCK TABLES `genre` WRITE;
/*!40000 ALTER TABLE `genre` DISABLE KEYS */;
INSERT INTO `genre` VALUES
(986,'드라마'),
(987,'로맨스'),
(988,'멜로'),
(989,'액션'),
(990,'범죄'),
(991,''),
(992,'환타지'),
(993,'애니메이션'),
(994,'스릴러'),
(995,'뮤지컬'),
(996,'코미디'),
(997,'호러'),
(998,'다큐멘터리'),
(999,'SF'),
(1000,'미스터리'),
(1001,'전쟁'),
(1002,'어드벤처'),
(1003,'가족'),
(1004,'시대극'),
(1005,'댄스');
/*!40000 ALTER TABLE `genre` ENABLE KEYS */;
UNLOCK TABLES;

--
-- Table structure for table `method`
--

DROP TABLE IF EXISTS `method`;
/*!40101 SET @saved_cs_client     = @@character_set_client */;
/*!40101 SET character_set_client = utf8 */;
CREATE TABLE `method` (
  `me_num` int(10) unsigned NOT NULL AUTO_INCREMENT,
  `me_name` varchar(10) NOT NULL,
  PRIMARY KEY (`me_num`)
) ENGINE=InnoDB AUTO_INCREMENT=6 DEFAULT CHARSET=utf8mb4 COLLATE=utf8mb4_general_ci;
/*!40101 SET character_set_client = @saved_cs_client */;

--
-- Dumping data for table `method`
--

LOCK TABLES `method` WRITE;
/*!40000 ALTER TABLE `method` DISABLE KEYS */;
INSERT INTO `method` VALUES
(1,'신용카드'),
(2,'휴대폰 결제'),
(3,'간편결제'),
(4,'내통장결제'),
(5,'토스');
/*!40000 ALTER TABLE `method` ENABLE KEYS */;
UNLOCK TABLES;

--
-- Table structure for table `movie`
--

DROP TABLE IF EXISTS `movie`;
/*!40101 SET @saved_cs_client     = @@character_set_client */;
/*!40101 SET character_set_client = utf8 */;
CREATE TABLE `movie` (
  `mo_num` int(10) unsigned NOT NULL AUTO_INCREMENT,
  `mo_title` varchar(100) NOT NULL,
  `mo_date` varchar(15) NOT NULL,
  `mo_time` int(10) unsigned NOT NULL,
  `mo_plot` text NOT NULL,
  `mo_booking_rate` float NOT NULL,
  `mo_ending` date DEFAULT NULL,
  `ra_num` int(10) unsigned NOT NULL,
  PRIMARY KEY (`mo_num`),
  KEY `fk_movie_rating` (`ra_num`),
  CONSTRAINT `fk_movie_rating` FOREIGN KEY (`ra_num`) REFERENCES `rating` (`ra_num`) ON DELETE CASCADE ON UPDATE CASCADE
) ENGINE=InnoDB AUTO_INCREMENT=4024 DEFAULT CHARSET=utf8mb4 COLLATE=utf8mb4_general_ci;
/*!40101 SET character_set_client = @saved_cs_client */;

--
-- Dumping data for table `movie`
--

LOCK TABLES `movie` WRITE;
/*!40000 ALTER TABLE `movie` DISABLE KEYS */;
INSERT INTO `movie` VALUES
(3601,'해피 투게더 리마스터링','2024.12.18',97,'“우리 다시 시작하자” 그가 다시 시작하자고 하면 난 늘 그와 함께했다 홍콩을 떠나 지구 반대편 부에노스아이레스에 온 ‘보영’과 ‘아휘’ 이과수 폭포를 찾아가던 중 두 사람은 사소한 다툼 끝에 이별하고 각자의 길을 떠난다. 얼마 후 상처투성이로 ‘아휘’의 앞에 다시 나타난 ‘보영’은 무작정 “다시 시작하자”고 말한다. 서로를 위로하며 점차 행복한 시간을 보내는 두 사람. 하지만 ‘보영’의 변심이 두려운 ‘아휘’와 ‘아휘’의 구속이 견디기 힘든 ‘보영’은 또다시 서로의 마음에 상처 내는 말을 내뱉은 뒤 헤어지는데...',0.4,'2024-12-29',2618),
(3602,'1승','2024.12.04',107,'\"그래도 한 번은 이기겠죠?\" 지도자 생활 평균 승률 10% 미만! 파직, 파면, 파산, 퇴출, 이혼까지 인생에서도 ‘패배’ 그랜드슬램을 달성 중인 배구선수 출신 감독 ‘우진’은 해체 직전의 프로 여자배구단 ‘핑크스톰’의 감독을 맡아 달라는 제안을 받는다. 에이스 선수의 이적으로 이른바 ‘떨거지’ 선수들만 남은 팀 ‘핑크스톰’은 새로운 구단주 ‘정원’의 등장으로 간신히 살아나지만 실력도, 팀워크도 이미 해체 직전 상태. 그 와중에 막장, 신파는 옵션, 루저들의 성장 서사에 꽂힌 ‘정원’은 ‘핑크스톰’이 딱 한번이라도 1승을 하면 상금 20억을 풀겠다는 파격 공약을 내세운다. 모두가 주목하는 구단이 됐지만 압도적인 연패 행진을 이어가는 ‘핑크스톰’. 패배가 익숙했던 ‘우진’도 점점 울화통이 치밀고, 경험도 가능성도 없는 선수들과 함께 단 한번만이라도 이겨보고 싶은 마음이 생기는데…',0.3,'2024-12-29',2619),
(3603,'화양연화 리마스터링','2024.12.18',99,'화양연화花樣年華 가장 아름답고 찬란했던 시절 같은 날 같은 아파트로 이사 온 ‘첸 부인’과 ‘차우’. 이사 첫날부터 자주 마주치던 두 사람은 ‘차우’의 넥타이와 ‘첸 부인’의 가방이 각자 배우자의 것과 똑같음을 깨닫고 그들의 관계를 눈치챈다. 그 관계의 시작이 궁금해진 두 사람은 비밀스러운 만남을 이어가고 감정이 깊어지지 않기 위해 노력하지만, 서로에게 점점 빠져들기 시작한다. \"많은 일이 나도 모르게 시작되죠\"',0.3,'2024-12-29',2618),
(3604,'중경삼림 리마스터링','2024.12.18',103,'중경삼림(수정)',0.2,'2025-01-03',2619),
(3605,'마미','2024.12.18',40,'수정3',0.2,NULL,2621),
(3606,'미세스 그린 애플 // 더 화이트 라운지 인 시네마','2024.12.11',89,'미세스 그린 애플(Mrs. GREEN APPLE) 라이브 투어 첫 실황 영화. 모든 것이 흰색으로 채색된 \"화이트 라운지\"에 펼쳐지는 9개의 이야기. 하얀 옷과 가장무도회용 가면을 쓴 사람들이 화이트 라운지를 천천히 오가는 가운데, 하얀 모자를 쓴 남자(오모리 모토키)가 이 라운지에 길을 잘못 든다. 남자는 그곳에서 사람들을 보며, 불안과 희망이 뒤섞인 감정으로 말한다. \"문을 열면 뭔가 달라질까\" 지금을 살아가는 당신의 감정에 질문을 던지는 9개의 이야기가 막을 올린다. 2주간의 스페셜 상영!',0.2,NULL,2620),
(3607,'파라다이스 이즈 버닝','2024.12.18',108,'“뒤지고 싶으면 건드려 봐” 16살 로라에게 미라와 스테피는 자신이 지켜야 할 존재들이다. 가장 아끼는 사람들이고, 가진 것 중 최고로 소중한 것이다. 그러므로 절대 뺏길 수 없다. 절대, 절대로, 헤어지지 않을 것이다. 설사 자신이 나쁜 사람이 된다 해도. “혼자 마음대로 사는 게 누군데?” 12살 미라는 요즘 외롭다. 틱틱거리지만 다정했던 언니 로라가 요즘은 뭘 하는지 꽁꽁 숨긴 채 밖으로만 나돌고 자신과 스테피는 안중에도 없는 것만 같다. 미라는 언니가 필요한데. 언니에게도 미라가 필요했으면 좋겠는데. “우리 언니 건들지 마” 모두들 7살 스테피를 아무것도 모르는 철부지 어린아이라고 생각하겠지? 하지만 스테피는 사실 다 안다. 무언가 언니들을 힘들게 하고 있다는걸! 언니들을 괴롭히는 것들은 전부 X까! 스테피가 혼내줄 테니까!',0.2,NULL,2621),
(3608,'히든페이스','2024.11.20',115,'갇혔다 지켜봤다 벗겨졌다‘ 지휘자 \'성진\'(송승헌)이 이끄는 오케스트라의 첼리스트이자 약혼녀 \'수연\'(조여정)이 어느 날 영상 편지만을 남겨둔 채 자취를 감춘다. \'성진\'은 \'수연\'을 잃은 상실감에 고통스러워하지만, 그녀를 대신한 첼리스트 ‘미주’(박지현)에게 강한 끌림을 느낀다. 비 오는 밤, 서로의 욕망에 휩쓸린 ‘성진’과 ‘미주’는 ‘수연’의 집에서 용서받지 못할 짓을 저지른다. 한편 사라진 줄 알았던 \'수연\'은 혼자서는 절대 나올 수 없는 집 안 밀실에 갇혀 숨겨진 민낯을 지켜보는데...',0.2,NULL,2621),
(3609,'알레고리, 잇츠 낫 미','2024.12.18',62,'<알레고리>: 도시의 동굴을 탈출하려는 7살 아이의 여정을 동화적으로 그린 작품으로, 극중 레오스 카락스 감독이 아이에게 귓속말을 건넨다. <잇츠 낫 미>: 레오스 카락스 당신은 누구인가?’에 대한 감독 자신의 유쾌한 대답이자 개인사와 40년 필모그래피, 정치적 사건 등을 흥미진진하게 콜라주하여 만든 자전적 에세이 영화',0.2,NULL,2618),
(3610,'언니 유정','2024.12.04',101,'유정(박예영)은 동생 기정(이하은)이 고등학교 내 ‘영아 유기’ 사건의 당사자로 자백했다는 연락을 받는다. “너가 그런 게 맞아?” 수사가 시작되자 기정은 정작 입을 굳게 다물고, 유정은 기정의 침묵 속에서 홀로 고군분투 한다. 이 모든 것이 진짜 동생이 벌인 일인지, 그렇다면 왜 그랬는지 이해해 보려 하지만, 자매 사이에 벌어져 있는 간극만큼이나 진실은 아득하게 멀어 유정의 손에 잡히지 않는다. “기정이 단 거 별로 안 좋아해요” 한편 유정은 기정의 친구인 희진(김이경)의 존재를 알게 되면서, 자신이 정작 동생에 대해 아무것도 알지 못하고 있었다는 사실을 깨닫게 된다. 과연 유정은 진실을 넘어 기정이 품은 진심을 마주하게 될까?',0.2,NULL,2619),
(3611,'하얼빈','2024.12.24',114,'1908년 함경북도 신아산에서 안중근이 이끄는 독립군들은 일본군과의 전투에서 큰 승리를 거둔다. 대한의군 참모중장 안중근은 만국공법에 따라 전쟁포로인 일본인들을 풀어주게 되고, 이 사건으로 인해 독립군 사이에서는 안중근에 대한 의심과 함께 균열이 일기 시작한다. 1년 후, 블라디보스토크에는 안중근을 비롯해 우덕순, 김상현, 공부인, 최재형, 이창섭 등 빼앗긴 나라를 되찾기 위해 마음을 함께하는 이들이 모이게 된다. 이토 히로부미가 러시아와 협상을 위해 하얼빈으로 향한다는 소식을 접한 안중근과 독립군들은 하얼빈으로 향하고, 내부에서 새어 나간 이들의 작전 내용을 입수한 일본군들의 추격이 시작되는데… 하얼빈을 향한 단 하나의 목표, 늙은 늑대를 처단하라',30.5,NULL,2618),
(3612,'더 폴: 디렉터스 컷','2024.12.25',119,'무성영화 시대의 할리우드를 배경으로, 스턴트맨 ‘로이’는 같은 병원에 입원한 호기심 많은 어린 소녀 ‘알렉산드리아’와 친구가 되고, 매일 다섯 무법자의 환상적인 모험 이야기를 해준다. 이야기는 현실과 상상이 뒤섞이면서 ‘알렉산드리아’를 신비의 세계로 데려간다. 4년에 걸쳐 전 세계 24개국, NO CGI로 촬영한 믿을 수 없는 황홀경 18년 만에 4K로 부활한 영상미학의 궁',1.3,NULL,2619),
(3613,'니코: 오로라 원정대의 모험','2024.12.25',85,'크리스마스 이브에 산타클로스의 썰매가 사라졌다고?! 산타 비행단이 되어 전 세계에 크리스마스를 선물하는 꿈을 키워나가는 사고뭉치 꼬마 사슴 ‘니코’. 비행 스킬 만렙의 사슴 ‘스텔라’가 나타나 치열한 경쟁 속에서도 서서히 친구가 되어가던 어느 날, 돌연 ‘스텔라’와 산타의 썰매가 자취를 감춰버리는 사건이 발생한다! 크리스마스가 사라져버릴지도 모르는 절체절명의 위기 속에서 ‘니코’는 썰매를 되찾기 위해 날다람쥐 ‘줄리어스’, 흰 족제비 ‘윌마’와 함께 꽁꽁 얼어붙은 북쪽 땅으로 향하는데… 과연, ‘니코’와 친구들은 신비한 오로라 속 비밀을 밝혀내고 무사히 크리스마스를 지켜낼 수 있을까?',0.8,NULL,2620),
(3614,'보이지 않는','2024.12.19',68,'1996년, 남한으로 침투한 무장공비 26명 중 1명을 제외한 25명이 우리 국군의 작전으로 생포 또는 소탕되었다. 그러나 마지막 한 명의 남파 공작원만이 살아남아 도주한다. 그를 생포하기 위해 투입된 이는 ‘유령’이라 불리는 HID 북파 공작원. 과거의 흔적조차 남기지 않는 비밀 작전의 대가로 알려진 그는, 마지막 남은 무장공비를 쫓기 시작한다. 아이러니하게도, 남한의 유령은 공산권의 AK-47 소총을, 북한의 무장공비는 자본주의의 상징인 M16 소총을 들고 서로를 겨눈다. 두 사람의 치열한 추격전은, 결국 상대방의 총기를 쥔 채 숨막히는 사투로 이어진다.',0,NULL,2618),
(3615,'미생: 더할 나위 없었다','2024.12.20',67,'방영10주년 특별상영 <미생: 더할 나위 없었다> 바둑이 인생의 모든 것이었던 장그래가 프로입단에 실패한 후, 냉혹한 현실에 던져지면서 벌어지는 이야기를 그린 드라마 <미생> 이제, 다시 한 번 미생에 취할 시간! 영업3팀의 운명이 걸린, 전사 임원을 상대로 펼쳐지는 긴장감 속에서 펼쳐지는 요르단 사업 파격 PT, 그리고 그 속에서 낱낱이 밝혀지는 모든 실체가 담긴 레전드 에피소드!',0.5,NULL,2618),
(3616,'<에이에스엠알> 우주에서, 메리 크리스마스','2024.12.20',15,'치지직... 치직. 불시착 해버리고 만 우주선. 낯선 무전기 소리에 눈을 떴다. 저 멀리 지구에서부터 아득한 크리스마스 캐럴이 들려온다 이건 과연 꿈일까 현실일까',0,NULL,2620),
(3617,'나야, 문희','2024.12.24',18,'나, 문희! AI로 새롭게 데뷔했문희! \'거침없이 하이킥\', \'아이 캔 스피크\', \'소풍\' 등 셀 수 없이 많은 작품으로 엄청난 사랑을 받고 있는 \'국민 배우\' 나문희. 여기에 최신 밈을 이끄는 트렌드세터, 틱톡커로 완벽히 변신한 한계 없는 배우로 화제! 이제는 AI 세계관까지 접수한다! 국내 최초 AI 무한 데뷔 유니버스 12월 24일, CGV에서 확인하세요!',0,NULL,2620),
(3618,'해리 포터와 죽음의 성물1','2024.12.25',146,'덤블도어 교장의 죽음 이후, 마법부는 죽음을 먹는 자들에게 점령당하고 호그와트는 위기에 빠진다. 이에 해리와 론, 헤르미온느는 볼드모트를 물리칠 수 있는 유일한 단서이자 그의 영혼이 담긴 ‘성물’ 호크룩스를 찾기 위한 위험한 여정에 나선다. 그러나 영혼이 연결되어 있는 볼드모트와 해리. 볼드모트를 파괴하면 해리의 목숨 또한 위태로워질지 모른다! 죽느냐 죽이느냐, 이제 그 마지막 대결은 극한을 향해 치닫는데…',0.3,NULL,2620),
(3619,'면접교섭','2024.12.25',82,'“사랑하는 내 아이가 늘 밝고 건강하게” 각각의 이유로 이혼을 하게 된 두 아버지의 이야기를 다룬 다큐멘터리. 이들은 법적으로 보장된 면접교섭권을 행사하지 못한다. 비양육자에 대한 한국 사회의 인식과 면접교섭권의 한계를 고발하며, 이 갈등 속에서 아이들이 겪는 고통과 혼란을 조명한다.',0,NULL,2620),
(3620,'오랜만이다','2024.12.25',93,'33살, 줄곧 오디션에 떨어지던 ‘연경’은 음악을 포기하기로 마음먹는다. 중학교 시절 라디오 경연대회에서 노래를 불렀던 순간부터 지금까지 줄곧 가수라는 꿈을 쫓아왔지만 이제 더 이상 버틸 힘이 없다. 어느 날, ‘연경’은 고등학교 시절 함께 음악을 만들었던 친구 \'현수\'로부터 한 통의 편지와 기타를 받게 된다. ‘현수’의 편지로 ‘연경’은 더욱 혼란스러워지고, 오랜 꿈과 작별하기 위해 음악을 사랑하던 시절의 추억이 담긴 월미도로 여행을 떠난다.',0,NULL,2619),
(3621,'호리아','2024.12.26',98,'발레 댄스에 열정을 가지고 알제리 국립 발레단에 들어가기 위해 열심히 발레를 연습하던 ‘호리아’는 부족한 학원비를 채우고자 불법 양싸움 도박장에서 돈을 걸고 도박을 해서 적지 않은 돈을 벌지만 그 돈을 노린 강도로 인해 계단에서 굴러 큰 부상을 겪게 된다. 하지만 병원에서 만난 비슷한 상황을 겪은 다른 여성들을 만나 자신의 열정을 추구할 수 있는 창의적인 방법을 찾게 된다.',0,NULL,2619),
(3622,'보고타: 마지막 기회의 땅','2024.12.31',107,'희망 없는 인생, 기회는 바로 그 곳에 있었다. 1997년 IMF의 후폭풍을 피하지 못한 국희(송중기)와 가족들은 지구 반대편 콜롬비아 보고타로 향한다. 낯선 땅에서 살아남기 위해, 한인 상인회의 권력을 쥔 박병장(권해효) 밑에서 일을 시작한 국희. 성실함으로 박병장의 눈에 띈 국희는 박병장의 테스트로 의류 밀수 현장에 가담하게 되고, 콜롬비아 세관에게 걸릴 위기 상황 속에서 목숨 걸고 박병장의 물건을 지켜내며 박병장은 물론 통관 브로커 수영(이희준)에게도 강렬하게 존재감을 각인시킨다. 곧 수영이 국희에게 위험한 제안을 하고, 이를 눈치 챈 박병장 또한 새로운 계획을 세우며 국희를 시험에 들게 한다. 본인의 선택으로 보고타 한인 사회의 판도를 바꿀 수 있음을 체감한 국희는 점점 더 큰 성공을 열망하게 되는데…',0,NULL,2618),
(3623,'시빌 워: 분열의 시대','2024.12.31',109,'세상이 둘로 갈라졌다. 당신은 어느 편인가? 극단적 분열로 역사상 최악의 내전이 벌어진 미국. 연방 정부의 무차별 폭격과 서로를 향한 총탄이 빗발치는 상황 속에서 기자 ‘리(커스틴 던스트)’와 ‘조엘(와그너 모라)’, ‘새미(스티븐 핸더슨)’, 그리고 ‘제시(케일리 스페니)’는 대통령을 인터뷰하기 위해 워싱턴으로 향한다. 내 편이 아니라면 바로 적이 되는 숨 막히는 현실, 이들은 전쟁의 순간을 누구보다 생생하게 마주하게 된다. 이것은 영화가 아니다. 진짜 공포다!',0,NULL,2618),
(3625,'카인의 도시','2024.12',111,'탐사보도 기자로 연일 최고의 시청률을 찍는 남녀 주인공이 조작된 제보로 인해 수렁에 빠지게 되면서 벌어지는 이야기를 그린 극영화',0,NULL,2621),
(3626,'아이엠스타! 10주년 극장판 -미래로의 스타웨이-','2024',72,'아카리가 \'스타라이트\'의 퀸이 된 후 이치고와 아카리는 두 사람의 유닛 \'코스모스\'로 첫 라이브에서 대성공을 거둔다. 시간은 흐르고 3학년인 이치고와 친구들은 반년 앞으로 다가온 졸업을 앞두고 생각이 많아지는데... 졸업을 해도 아이돌 활동은 계속하지만, 이치고, 아오이, 란은 아이돌로서 앞으로 어떤 길을 가고 싶은지 각자 고민하기 시작한다.',0.1,NULL,2620),
(3627,'왕을 찾아서','2024',0,'',0,NULL,2622),
(3628,'뽀로로 극장판 바닷속 대모험','2025.01.01',72,'“대장님 같은 영웅이 되고 싶어요!” 바다의 수호자 ‘레드헌터스’를 이끄는 ‘머록’ 대장을 따라 바다를 지키는 영웅이 되기 위해 바닷속 모험을 떠난 뽀로로와 친구들. 하지만 거대한 괴물 ‘시터스’가 뽀로로와 친구들의 잠수함을 통째로 삼켜버리고, ‘머록’ 대장의 도움으로 가까스로 구출된 ‘뽀로로’와 ‘크롱’은 ‘시터스’에게 잡혀간 친구들을 구하기 위해 ‘최후의 시터스’ 사냥에 나선 ‘레드헌터스’의 마지막 작전에 함께하기로 한다. 그러나, 비밀스러운 소녀 ‘마린’이 나타나 그들의 작전을 방해하기 시작하고 바닷속에 숨겨진 진짜 비밀이 드러나게 되는데… 과연, 뽀로로와 친구들은 신비한 비밀을 풀고 진정한 ‘씨 가디언즈’가 될 수 있을까?',0.1,NULL,2620),
(3629,'고요하게, 새벽의 산사','2025.01.01',15,'새벽의 맑은 푸름에 잠긴 산 속 작은 사찰 이내 한 차례 바람이 불고, 텅 빈 듯 고요해진다. 성난 바람을 타이르듯 맑은 소리가 울린다.',0,NULL,2620),
(3630,'따끈따끈, 거품 목욕','2025.01.01',15,'유독 바람이 차갑게 느껴지는 날 뜨거운 물로 욕조를 가득 채운다 머리부터 발끝까지 온기가 물들어가고 밀려오는 생각들이 거품처럼 사라진다',0,NULL,2620),
(3631,'밀레니엄 맘보','2025.01.01',105,'그녀는 하오하오와 헤어졌지만 그는 늘 그녀를 찾아냈다 주술이나 최면에 걸린 것처럼 벗어날 수 없었다 그녀는 늘 돌아왔고 스스로 다짐했다 \"은행에 있는 50만 대만달러를 전부 써 버리면 그를 영영 떠날 거야“ 그녀는 클럽에서 잭을 만났다 잭은 항상 그녀를 데리고 다녔고 그녀를 가장 친한 친구처럼 대해 줬다 이 일은 10년 전인 2001년의 일이었다 세계는 21세기를 맞이했고, 새로운 밀레니엄을 축하했다',0,NULL,2621),
(3632,'수퍼 소닉3','2025.01.01',110,'더 빠르고 더 강해야만 한다! 초특급 히어로 소닉 VS 사상 최강의 라이벌 섀도우의 수퍼 빅 매치! 너클즈, 테일즈와 함께 평화로운 일상을 보내던 초특급 히어로 소닉. 연구 시설에 50년간 잠들어 있던 사상 최강의 비밀 병기 \"섀도우\"가 탈주하자, 세계 수호 통합 부대(약칭 세.수.통)에 의해 극비 소집된다. 소중한 것을 잃은 분노와 복수심에 불타는 섀도우는 소닉의 초고속 스피드와 너클즈의 최강 펀치를 단 단숨에 제압해버린다. 세상을 지배하려는 닥터 로보트닉과 그의 할아버지 제럴드 박사는 섀도우의 엄청난 힘 카오스 에너지를 이용해 인류를 정복하려고 하는데… 초특급 히어로 소닉 VS 사상 최강의 라이벌 섀도우! 전 세계를 파괴하려는 섀도우를 막기 위한 파워업 액션 어드벤처가 시작된다!',0,NULL,2620),
(3633,'총을 든 스님','2025.01.01',107,'2006년의 부탄 왕국. 마침내 지구상에서 가장 늦게 텔레비전과 인터넷이 도착한다. 무엇보다 가장 큰 변화는 민주주의다. 국왕이 자진해서 모든 권력을 내려놓고 민주주의를 도입했기 때문이다. 그리고 왕정국가 부탄에서 역사상 첫 번째 선거가 시작될 예정이다. 마을 사람들에게 투표 방법을 가르치기 위해 당국은 모의 선거를 마련하지만 마을 사람들은 파란당, 빨간당, 노란당 선거로 인해 서로 반목하기 시작한다. 이를 보다 못한 마을 할머니는 “왜 서로에게 무례하게 굴라고 가르치냐?”고 선거 감독관에게 말한다. 어떤 사람들은 왕을 두고 왜 선거를 해야 하는지 여전히 이해하지 못한다. 이런 와중에 선거 감독관은 마을의 존경을 받는 큰 스님이 총을 구하고 있다는 소문과 함께 선거일을 맞아 신비한 의식을 계획하고 있다는 것을 알게 된다.',0,NULL,2620),
(3634,'피스 바이 피스','2025.01.08',93,'“제 이야기를 레고로 만들면 쩔거 같지 않아요?” 창조의 귀재, 현존 최고의 아티스트 ‘퍼렐 윌리엄스’ 제이 지, 켄드릭 라마, 저스틴 팀버레이크, 스눕 독의 샤라웃을 받은 음악의 신 그가 하는 모든 것은 모두 작품이 된다! 레고로 그려내는 ‘퍼렐 윌리엄스’의 무한한 상상력의 세계가 온다!',0,NULL,2620),
(3635,'데드데드 데몬즈 디디디디 디스트럭션: 파트1','2025.01.08',120,'정체불명 초거대 우주 모함 도쿄 상공 출현! 내일 지구가 폭망해도 오늘을 즐기는 하이텐션 고교 라이프! 3년 전 그날 이후 조용하지만 착실히 멸망은 진행 중… 아이도 어른도 아닌 우리, 일상도 비일상도 아닌 그때. 모든 게 불확실했지만, 이것 하나만큼은 선명했습니다. 나는 너에게, 너는 나에게 ‘절대적’이란 것!',0,NULL,2618),
(3636,'동화지만 청불입니다','2025.01.08',109,'동화 작가가 꿈이지만 현실은 불법 음란물 단속팀 새내기인 ‘단비’는 스타 작가를 찾던 성인 웹소설계 대부 ‘황대표’와 우연한 사고로 노예 계약을 맺게 되면서 하루아침에 19금 소설을 쓰게 된다. 생전 접한 적 없는 장르를 집필하는 데 난항을 겪던 ‘단비’는 음란물 단속을 하다 권태기에 빠진 선배 ‘정석’의 응원과, 친구들의 생생한 경험담에 힘입어 어느새 자신도 알지 못했던 성스러운 재능을 발견하게 되는데…',0,NULL,2621),
(3637,'쇼잉 업','2025.01.08',108,'재능 있는 조각가인 리지는 새로운 전시를 준비하며 예술가로서의 삶과 가족, 친구 등 일상에서 벌어지는 크고 작은 문제 사이에서 균형을 잡기 위해 애쓴다. 리지는 사는 집의 주인이자 예술가 라이벌이기도 한 조와 사소한 사건들로 갈등을 겪고, 정신적으로 불안정한 오빠 숀의 상태도 살펴야 하는 상황이다. 전시 개막일은 점점 다가오는데, 리지는 과연 무사히 전시회를 열 수 있을까?',0,NULL,2619),
(3638,'페라리','2025.01.08',131,'1957년, 전세계를 뒤흔든 \'페라리\'의 충격 실화가 드러난다! 파산 위기에 놓인 \'엔초 페라리\'. 회사 존폐의 기로에서 사사건건 충돌하는 아내 라우라. 아들 피에로를 페라리 가로 인정하라고 압박하는 또다른 여인 리나. 평생 쌓아온 모든 것이 무너지기 직전인 1957년 여름, 이탈리아 전역 공도를 가로지르는 광기의 1,000마일 레이스 \'밀레 밀리아\'에서 엔초 페라리는 판도를 뒤집을 마지막 승부수를 던지는데...',0,NULL,2618),
(3639,'해리포터와죽음의성물2','2025.01.15',131,'모든 것을 끝낼 최후의 전투! 판타지의 아름다운 역사가 드디어 마침표를 찍는다! 덤블도어 교장이 남긴 ‘죽음의 성물’의 단서를 쫓던 해리 포터는 볼드모트가 그토록 찾아 다닌 절대적인 힘을 가진 지팡이의 비밀을 통해 드디어 마지막 퍼즐을 완성한다. 볼드모트의 영혼이 담긴 다섯 번째 ‘호크룩스’를 찾기 위해 마법학교 호그와트로 돌아온 해리와 친구들은 그들을 잡으려는 보안마법에 걸려 위기를 맞지만 덤블도어의 동생인 에버포스의 도움으로 벗어난다. 그리고 그에게서 덤블도어와 어둠의 마법사 그린델왈드에 관한 놀라운 과거에 대해 알게 된다. 한편, 볼드모트는 해리에 의해 호크룩스들이 파괴되었음을 느끼고 호그와트로 향한다. 해리를 주축으로 한 불사조 기사단과 죽음을 먹는 자들 간의 마법전투가 벌어지고 여기에 거대거미 아크로맨투라와 거인족 등 마법 생물들이 볼드모트 편으로 가세하면서 호그와트는 거대한 전쟁터로 변한다. 전쟁의 틈에서 해리는 덤블도어를 죽인 스네이프의 엄청난 비밀과 볼드모트를 죽일 마지막 호크룩스에 대한 단서를 알게 되는데...',0,NULL,2620),
(3640,'은빛살구','2025.01.15',121,'퇴근 후 뱀파이어 웹툰을 그리는 웹툰 작가이자 비정규직 웹디자이너 ‘정서’(나애진). 남자 친구 ‘경현’(강봉성)과의 결혼을 앞두고 서울의 아파트 청약에 당첨되지만 계약금 준비가 쉽지 않다. 이에 엄마 ‘미영’(박현숙)은 이혼할 때 ‘영주’(안석환)에게 받은 차용증이 붙은 색소폰을 건네주고, ‘정서’는 아버지 ‘영주’가 있는 강원도 동해시의 묵호항 벌교횟집으로 향한다. 그곳에서 가깝지만 먼, 낯선 가족들의 욕망에 휘말리게 되는데…',0,NULL,2619),
(3641,'폭락','2025.01.15',101,'“기대에 부응해야지?” 엄마 옥자의 열성과 본인의 타고난 욕심으로 교육 1번지 서울 대치동으로 위장 전입한 도현. 벤츠타고 다니는 부자이면서 장애 혜택을 받아먹던 친구에게 교환학생의 기회마저 뺏기고, 그 친구가 진짜 장애인이 아니었단 걸 알게 된 그 때부터 정부 지원금의 맹점에 눈을 뜬다. 대학교 창업동아리에서 만난 동기 지우와 함께 청년·여성·장애 등의 가산점을 악용해 청년 창업 지원금을 수급하고, “창업 지원금은 나랏돈으로 망해 보라고 주는 눈 먼 돈”임을 간파해 의도적으로 고의부도와 폐업을 전전한다. 투자자 케빈에게 억대 후원을 받는 암호화폐 벤처를 창업한 도현은 야망에 이끌려 ‘MOMMY’ 코인을 개발해 역대 최고치의 실적을 내지만, 알고리즘과 불완전 이자 수익 등 금융기관으로부터 모니터가 들어오게 되는데…',0,NULL,2622),
(3642,'메모리','2025.01.22',103,'뉴욕에서 딸과 단둘이 사는 실비아는 고교 동창 파티에서 사울을 만난다. 알 수 없는 이유로 실비아의 집까지 따라온 사울은 말없이 집 앞에서 밤을 새우고 실비아는 그가 기억을 잃어가고 있다는 사실을 알게 된다. 며칠 후, 과거에 사울을 만난 적이 있다고 확신한 실비아는 그를 찾아가서 질문을 던진다. 자신의 기억을 믿을 수 없는 사울은 혼란스러워하고 실비아는 뜻밖의 사실을 알게 되며 그와 점점 가까워지는데…',0,NULL,2618),
(3643,'애니멀 킹덤','2025.01.22',127,'',0,NULL,2618),
(3648,'백산 - 의령에서 발해까지','2025.01',83,'기업가이자 독립운동가인 백산 안희제의 생애와 독립운동사를 다룬 다큐멘터리',0,NULL,2620),
(3649,'무파사: 라이온 킹','2024.12.18',118,'‘라이온 킹’ 탄생 30주년 기념작 외로운 고아에서 전설적인 왕으로 거듭난 ‘무파사’의 숨겨진 이야기가 베일을 벗는다! 길을 잃고 혼자가 된 새끼 사자 ‘무파사’는 광활한 야생을 떠돌던 중 왕의 혈통이자 예정된 후계자 ‘타카(스카)’와 우연히 만나게 된다. 마치 친형제처럼 끈끈한 우애를 나누며 함께 자란 ‘무파사’와 ‘타카’는 운명을 개척하기 위해 거대한 여정을 함께 떠난다. 한 치 앞을 알 수 없는 적들의 위협 속에서 두 형제의 끈끈했던 유대에 금이 가기 시작하고 예상치 못한 위기까지 맞닥뜨리게 되는데…',21.6,NULL,2620),
(3650,'정동원 성탄총동원 더 무비','2024.12.18',116,'\'선물 같은 무대, 꿈 같은 시간 잊지 못할 우리들의 크리스마스!\' 뛰어난 가창력과 무대 장악력으로 모두를 사로잡은 만능 아티스트 정동원의 \'2024년 성탄총동원\'을 극장에서! 정동원의 성장을 오롯이 담은 지난 3년간의 콘서트 주요 무대부터 그와 동료 아티스트들의 진솔한 인터뷰까지, 오직 이번 영화를 통해서만 만나볼 수 있는 보석 같은 순간들! 우주총동원을 향한 최고의 크리스마스 선물이 지금 스크린에 펼쳐진다',7.6,NULL,2620),
(3651,'소방관','2024.12.04',106,'살리기 위해, 살아남기 위해 하루하루가 마지막 현장인 소방관 팀은 열악한 환경 속에서도 화재 진압과 전원 구조라는 단 하나의 목표로 의기투합한다. 어느 날, 다급하게 119 신고 전화로 홍제동에 화재가 발생했다는 긴급 상황이 접수되자 팀원들은 위기를 직감하는데… 누군가의 가족, 친구, 사랑하는 사람 우리가 기억해야 할 그 이름 <소방관> 2001년 가장 빛났던 그들의 이야기를 기억하겠습니다.',7.6,NULL,2619),
(3653,'브리짓 존스: 매드 어바웃 더 보이','2025.03',0,'',0,NULL,2622),
(3654,'미키 17','2025.04',0,'위험한 일에 투입되는 소모품(익스펜더블)으로, 죽으면 다시 프린트되는 ‘미키’가 17번째 죽음의 위기를 겪던 중, 그가 죽은 줄 알고 ‘미키 18’이 프린트되면서 벌어지는 예측불허의 이야기를 그리는 영화',0,NULL,2622),
(3655,'드래곤 길들이기','2025.06',0,'',0,NULL,2622),
(3656,'엠호텔','2024.12.11',7,'화려한 도심 뒷골목, 잠잘 곳을 걱정하며 쓰레기통을 뒤지던 노숙자가 우연히 열쇠를 주워 M호텔로 들어간다. 자신에게 찾아온 행운을 즐기던 그는 M호텔에서 뜻밖에 일들을 겪게 되는데…',0.1,NULL,2620),
(3657,'나의 히어로 아카데미아 더 무비: 유어 넥스트','2024.11.20',110,'“다음은 너다” 초자연능력 ‘개성’을 가진 인간이 당연해진 세계에서 옛 ‘평화의 상징’ NO.1 히어로 ‘올마이트’가 악의 제왕 ‘올 포 원’과의 사투 직후 한 말. ‘올마이트’의 의지는 데쿠와 유에이 고등학교 히어로과로 이어져 왔다. 유에이 2년 차 봄, 히어로 VS 빌런의 전면전이 발발하고 황폐해진 사회에 수수께끼의 남자가 나타난다. 스스로를 ‘올마이트를 대신하는 새로운 상징’이라고 말하는 ‘다크마이트’는 자신의 야망을 위해 ‘개성’으로 거대한 요새를 만들어 마을과 사람들을 차례로 삼켜간다! ‘다크마이트’의 등장과 동시에 특별한 ‘개성’을 지닌 ‘안나’라는 소녀, 그리고 그녀를 ‘아가씨’라고 부르는 ‘줄리오’라는 남자가 나타나는데… 데쿠와 바쿠고, 토도로키, 그리고 유에이 고교 1학년 A반은 ‘다크마이트’에 맞서 세계를 지킬 수 있을까? “다음은 우리다!”',0.1,NULL,2619),
(3658,'2046 리마스터링','2024.12.18',128,'\'2046년 미래를 배경으로 한 소설을 쓰는 작가 \'차우\'는 평소 진정한 사랑을 하지 않고 많은 여성과 일회적인 만남만 지속한다. 같은 호텔에 묵고 있는 \'바이양\'과도 육체적인 관계만 즐기지만 \'바이양\'은 진심으로 그를 사랑하게 된다. 그러던 중 호텔 사장의 딸 \'징웬\'의 도움을 받아 소설을 함께 쓰기 시작한 \'차우\'는 어느새 그녀를 사랑하게 된다. \'차우\'의 다양한 사랑 이야기가 투영된 소설의 결말은 무엇일까',0.1,NULL,2621),
(3659,'무간도3: 종극무간','2024.12.18',118,'2001년, 서로 엇갈린 운명의 두 남자가 있었다! 경찰 내부에 침투한 조직 스파이 유건명(유덕화), 그리고 범죄조직 삼합회의 소탕을 위해 침투한 경찰 스파이 진영인(양조위). 서로 엇갈린 운명을 살아가는 이들은 날이 갈수록 자신의 정체성에 혼란을 느낀다. 삼합회에 점점 깊숙이 개입될수록 극심한 정신적 고통에 시달리던 진영인은 정신과 상담의 닥터 리(진혜림)를 만나게 되면서 마음의 상처를 조금씩 덜어나간다. 삼합회에 위장 잠입한지 10년. 삼합회의 보스 한침(증지위)의 확실한 신임을 얻기 위해 진영인은 심등(진도명)을 제거하기 위한 미끼가 되기로 결심하는데... 2002년 12월, 운명은 점차 비극을 향해 내닫는다. 한편, 경찰에 잠입한 10년 동안 유건명은 가장 뛰어난 강력반 요원으로 자리를 잡아나가고, 점점 완전한 경찰이 되어가면서 조직에서 완전히 손을 빼고 싶어한다. 삼합회 보스의 범죄를 캐내는 대대적인 작전 중 서로의 존재를 눈치채게 된 유건명과 진영인. 숨막히는 추격 끝에 둘은 서로에게 총을 겨누지만, 진영인은 결국 또 다른 조직 스파이에 의해 비극적인 죽음을 맞이하게 되는데... 2004년, 마침내 모습을 드러내는 운명의 결말, 과연 진실은 무엇인가? 진영인의 죽음 이후 한직으로 쫓겨나 경찰 내부 조사의 대상이 된 유건명. 힘겨운 시간을 보내던 유건명은 경찰 내부 최고의 엘리트인 보안부 반장 양금영(여명)을 보며 자신의 지난 전성기를 떠올린다. 하지만 어느 순간 유건명은 양금영에게 수상한 기운을 느끼고 비밀리에 자체 조사를 시작하게 된다. 양금영에 대한 조사를 시작한 지 얼마 되지 않아 유건명은 삼합회에 맞서는 또 다른 범죄 조식의 보스 심등과 양금영이 얽혀있는 놀라운 비밀들을 마주하게 되는데...',0.1,NULL,2618),
(3660,'암화','2024.12.18',85,'\'암화\'는 \'지하 폭력 세계의 암살자\'를 의미한다. 샘은 형사와 조직의 일원이라는 이중생활을 즐기며, 형사 신분을 이용해 갱단의 보스인 렁을 죽이려는 자들을 없앤다. 어느 날, 카지노에 험상궂게 생긴 토니가 나타나고 샘은 토니도 렁을 죽이려는 자로 생각하여 그를 뒤쫓지만 번번이 실패한다. 샘은 토니가 조직을 이간질해 충돌을 일으키려고 한다는 사실을 알아내지만, 오히려 토니가 만든 함정에 걸려들어 조직에서 샘을 의심하고 제거하려 한다. 결국 벼랑 끝에 몰린 샘은 경찰과 갱들을 피해 토니인 것처럼 위장하여 빠져나갈 궁리를 세우고 토니를 제거하기 위해 총격을 벌이지만 뜻하지 않은 사고가 발생하는데...',0.1,NULL,2621),
(3661,'동사서독 리덕스','2024.12.18',93,'백타산의 황무지 주막에 은거하는 구양봉은 암살을 사주하는 중개인. 그는 10년 전, 검객의 꿈을 위해 사랑하던 여인 자애인을 형의 여자로 내어주고 스스로 냉소적인 사람이 되었다. 그에게는 매년 복사꽃이 피는 시절이면 찾아와 함께 술을 마시고 떠나는 친구 황약사가 있고 그 역시 구양봉 만큼이나 사랑에 대한 슬픈 상처가 있다. 어느 날 모룡언이 자신의 여동생과의 결혼을 어긴 황약사를 죽여달라며 구양봉을 찾아오고 검객에게 남동생을 잃었다는 완사녀는 돈 한푼 없이 나귀와 달걀만으로 살인청부를 부탁한다. 점점 시력을 잃어가는 한 검객 맹무살수는 돈을 벌어 고향에 돌아가겠다며 살인청부일을 자청해서 나서고 협객으로 이름을 떨치고 싶은 가난한 무사 홍칠공도 구양봉의 앞에 나타나 빠른 검술로 그에게 인정받으려 한다. 이들은 모두 아픈 과거를 잊고 새로운 삶, 새로운 사랑을 꿈꾸는데…',0.1,NULL,2618),
(3662,'알엠: 라이트 피플, 롱 플레이스','2024.12.05',79,'제 29회 부산국제영화제 오픈시네마 공식 초청작 “RM 혹은 김남준이라는 사람이 어디까지 솔직할 수 있을까?\" 슈퍼스타 방탄소년단의 리더이자 솔로 아티스트 RM, 그리고 인간 김남준 사이에서 ‘진짜 나는 어떤 사람인가’를 고민한 그는 두 번째 솔로 앨범 \'Right Place, Wrong Person\'을 통해 낯선 감정들과 이야기를 솔직하게 털어놓았다. “내가 나로서 있는 느낌이 아주 오랜만에 든 것 같아” 2023년의 그가 몰두하고, 사유하고, 사랑했던 모든 것들. RM 혹은 김남준이 문을 열고 처음으로 관객에게 말을 건넨다.',0.1,NULL,2619),
(3663,'부에노스 아이레스 제로 디그리','2024.12.18',62,'영화 <해피 투게더>의 또 다른 이야기. 낯선 아르헨티나의 부에노스아이레스에서 왕가위 감독은 0도의 땅을 찾는다. 동쪽도 서쪽도 아니고, 낮도 밤도 없으며, 춥지도 덥지도 않은 그곳. 제로 디그리의 땅에서 철저한 이방인이 되어 영화를 찍는 동안의 우여곡절이 녹아 있다. 생각처럼 풀리지 않는 촬영과 자꾸만 미루어지는 일정, 스태프와 배우들의 고뇌 영화에서 담지 않은 뒷이야기들.',0.1,NULL,2619),
(3664,'괜찮아 괜찮아 괜찮아!','2025',102,'‘It’s OKAY! It’s OK! I’m OK!’ 무대 위에서 가장 행복한 무한 긍정 소녀 ‘인영’과 어쩌다 한집살이하게 된 외로운 완벽주의자 예술단 마녀감독 ‘설아’, ‘인영’과는 일방적인 라이벌 관계인 만년 1등 예술단의 센터 ‘나리’, 1일 1고백, 사랑과 우정 그 어딘가 ‘인영’의 유일한 남사친 ‘도윤’, 말 처방과 약 처방을 동시에 해주는 ‘인영’의 동네 친구이자 괴짜 약사 ‘동욱’까지 혼자서는 서툴지만 함께라서 괜찮은 우리 모두의 이야기',0,NULL,2622),
(3665,'배드 가이즈 2','2025',0,'',0,NULL,2622),
(3666,'극장판 짱구는 못말려: 우리들의 공룡일기','2024.12.18',105,'다이노스 아일랜드에 어서 오세요! 멸종된 공룡을 현대에 부활시킨 테마파크 다이노스 아일랜드 오픈! 떡잎마을은 물론, 전국이 공룡 열풍에 빠져든다! 그 무렵, 흰둥이는 어디선가 작은 공룡 나나를 발견한다. 나나는 짱구네 집의 새로운 가족이자 떡잎마을 방범대의 친구가 되어 아주 특별한 방학을 보내게 된다. 한편, 자신이 나나의 주인이라는 빌리가 나타나 나나를 데려가겠다 하고 다이노스 아일랜드 창립자 버블 어마무시와 그의 수하들도 수단과 방법을 가리지 않고 나나와 짱구를 쫓는다. 설상가상으로 다이노스 아일랜드의 공룡들이 탈출해 떡잎마을은 물론 도시 전역을 쑥대밭으로 만들어버리는데…! 나나를 지키기 위한 짱구, 흰둥이, 떡잎마을 방범대의 사투가 시작된다! 지킬 거야, 나의 소중한 인연! 초거대 공룡들과 맞서는 지구에서 가장 다이노믹한 짱구가 온다!',6.2,NULL,2620),
(3667,'서브스턴스','2024.12.11',141,'더 나은 당신을 꿈꿔본 적 있는가? 한때 아카데미상을 수상하고 명예의 거리까지 입성한 대스타였지만, 지금은 TV 에어로빅 쇼 진행자로 전락한 엘리자베스(데미 무어). 50살이 되던 날, 프로듀서 하비(데니스 퀘이드)에게서 “어리고 섹시하지 않다”는 이유로 해고를 당한다. 돌아가던 길에 차 사고로 병원에 실려간 엘리자베스는 매력적인 남성 간호사로부터 ‘서브스턴스’라는 약물을 권유 받는다. 한 번의 주사로 “젊고 아름답고 완벽한” 수(마가렛 퀄리)가 탄생하는데... 단 한 가지 규칙, 당신에게 주어진 시간을 지킬 것. 각각 7일간의 완벽한 밸런스를 유지한다면 무엇이 잘못되겠는가? ‘기억하라, 당신은 하나다!’',3.2,NULL,2621),
(3668,'위키드','2024.11.20',160,'자신의 진정한 힘을 미처 발견하지 못한 \'엘파바\'(신시아 에리보) 자신의 진정한 본성을 아직 발견하지 못한 ‘글린다\'(아리아나 그란데) 전혀 다른 두 사람은 마법 같은 우정을 쌓아간다. 그러던 어느 날, \'마법사\'의 초대를 받아 에메랄드 시티로 가게 되고 운명은 예상치 못한 위기와 모험으로 두 사람을 이끄는데… 마법 같은 운명의 시작, 누구나 세상을 날아오를 수 있어',3.2,NULL,2620),
(3669,'모아나 2','2024.11.27',100,'선조들로부터 예기치 못한 부름을 받은 ‘모아나’가 부족의 파괴를 막기 위해 전설 속 영웅 ‘마우이’와 새로운 선원들과 함께 숨겨진 고대 섬의 저주를 깨러 떠나는 위험천만한 모험을 담은 스펙터클 오션 어드벤처',2.7,NULL,2620),
(3670,'대가족','2024.12.11',107,'줄이 끊이지 않는 맛집 사장 무옥 승려 선언한 외아들 문석 때문에 대가 끊기다? 마지막 함씨 가문! 세울 것인가, 무너질 것인가! 자수성가 맛집의 근본, SNS 없던 시절부터 줄 서 먹던 노포 맛집 평만옥의 사장 무옥(김윤석)은 대를 이을 줄 알았던 외아들 문석이 승려가 되어 출가한 이후 근심이 깊어 간다. 자신의 대에서 끊겨버릴 예정인 가문을 걱정하던 가운데 어느 날, 평만옥에 문석이 자신의 아빠라며 방문한 어린 손님들! 끊길 줄 알았던 가문의 대를 잇게 생긴 무옥은 난생 처음 맛보는 행복을 느끼고 문석은 승려가 되기 이전의 과거를 되짚다 그만 충격적인 사실을 알게 되는데…',2.2,NULL,2619),
(3671,'(라이브뷰잉) 앙상블 스타즈!! 드림라이브 9th 투어 - Trapezium #Orion','2024.11.22',180,'앙상블 스타즈!! 드림라이브 9th 투어! - Trapezium #Orion - 대상 극장: CGV 용산아이파크몰, 영등포, 왕십리, 서면 - 예매개시일: 10/31(목) 12시부터 순차오픈 - 티켓가격: 47,000원 2024년 앙상블 스타즈의 마지막 콘서트! CGV에서 즐겨보세요! ※ 본 콘텐츠는 특별 상영 콘텐츠로 관람권, 카드사 할인, 쿠폰 등 할인 적용이 불가합니다. ※ 당일 취소/교환/환불이 불가하오며 환불은 상영 전일 23시 59분까지 가능합니다. ※ 실시간 현지 생중계로 중계 특성상 화면 및 음향 끊김, 지연 등이 발생할 수 있사오며 CGV 고지사항 페이지에서 실시간 생중계 콘텐츠 사고규정 확인이 가능합니다.',1.4,NULL,2619),
(3672,'헬보이: 크룩드 맨','2024.12.18',99,'원조 다크히어로의 COMEBACK! ‘헬보이’가 지옥에서 돌아왔다! 불가사의한 심령 현상을 해결하는 B.R.P.D의 베테랑 해결사 \'헬보이\'(잭 케시) 유령 거미를 퇴치하는 임무 중, 기차 탈선 사고로 애팔레치아 산맥 깊숙이 위치한 음산한 마을에 도착한다 그곳은 흑마법사 ‘크룩드 맨’이 지배하고 있다 마녀와 저주, 그리고 죽음이 들끓는 마을을 구하기 위해 \'헬보이\'는 신입 요원 \'조\'와 함께 죽은 자들을 불러오는 \'크룩드 맨\'에 맞서는데… 오리지널 ‘헬보이’를 만난다!',1.4,NULL,2618),
(3673,'극장판 주술회전 0','2024.12.11',105,'어린 시절, 소꿉친구인 오리모토 리카를 교통사고로 눈앞에서 잃은 옷코츠 유타. “약속해. 리카와 유타는 어른이 되면 결혼하기로.” 옷코츠는 원령으로 변한 리카의 저주에 괴로워한 나머지, 자신도 죽기를 바라지만 최강의 주술사인 고죠 사토루에 의해 주술고전에 들어가게 된다. 그리고 동급생인 젠인 마키, 이누마키 토게, 판다를 만나면서 굳은 결심을 한다. “살아도 된다는 자신감이 필요해.” “나는 주술고전에서 리카의 저주를 풀겠습니다.” 한편, 옷코츠와 친구들 앞에 과거에 일반인을 대량으로 학살해서 고전에서 추방된 최악의 주저사인 게토 스구루가 나타난다. “12월 24일, 우리는 백귀야행을 간다.” 주술사만의 낙원을 만들려는 게토는 비술사를 섬멸하겠다면서, 신주쿠와 교토에 천의 저주를 내리는데……. 과연 옷코츠는 게토를 막을 수 있을까? 그리고 리카의 저주를 풀 수 있을까?',1.1,NULL,2618),
(3674,'원스','2024.12.18',86,'<비긴 어게인><싱 스트리트>존 카니 감독의 뮤직 로맨스 이제 사랑은 더 이상 없을 거라고 믿었던 ‘그’ 삶을 위해 꿈을 포기했던 ‘그녀’ 더블린의 밤거리에서 마법처럼 시작된 만남 마음까지 안아줄 감미로운 하모니가 다시, 바람처럼 밀려온다',1,NULL,2620),
(3675,'퍼스트레이디','2024.12.12',105,'돋보이고 싶은 욕심에 학력과 경력을 부풀리고 논문 표절 의혹에 휩싸인 대한민국 대통령 영부인. 숱한 무속인 관련설, 대통령실과 공관 이전 논란, 국정개입을 넘어선 공동정권설, 과거 저지른 사문서 위조와 주가조작 연루 사건, 고가의 디올백 수수, 양평고속도로 노선 변경, 민간인 국정 개입 의혹 등 다이내믹한 대한민국의 영부인의 실체적 이야기를 다룬 용산 VIP를 둘러싼 문제적 다큐멘터리 영화',0.7,NULL,2619),
(3676,'아침바다 갈매기는','2024.11.27',113,'“그렇다고 죽을 수는 없잖아요” 작은 어촌 마을에서 탈출을 꿈꾸던 젊은 어부 용수는 늙은 선장 영국에게 도움을 요청한다. 사고로 자신의 죽음을 위장할 수 있도록 해달라는 것. 영국은 한 달이면 용수의 가족에게 보험금이 지급될 거라는 말을 믿고 위험한 거짓말에 동참하지만, 용수의 죽음을 믿지 않는 가족들로 인해 계획이 어긋나는데... 살기 위한 거짓말, 절망일까 희망일까.',0.1,NULL,2619),
(3677,'아키라','2024.12.11',124,'무너진 도쿄, 그리고 비밀리에 진행되는 프로젝트! 제3차 세계대전 이후 붕괴된 도쿄 그곳에 새로 건설된 혼란스러운 도시 ‘네오 도쿄’. 오토바이를 몰며 폭주를 일삼던 소년 카네다는 친구 테츠오가 예상치 못한 사고를 당하며 정부의 비밀 프로젝트의 실험체가 되었음을 알게 되는데…',0.1,NULL,2618),
(3678,'한 채','2024.11.20',90,'안정적인 삶을 위해 위장결혼으로 신혼부부 특별공급 아파트를 분양받고자 하는 두 가족. 문호와 고은, 도경과 사랑은 누일 곳 하나 없는 이 세상 속에서 과연 그들만의 ‘한 채’를 가질 수 있을까?',0,NULL,2619),
(3679,'X를 담아, 당신에게','2024.12.11',100,'범인은 이 안에 있어? 1920년대, 영국의 작은 해안 마을 리틀 햄튼. 어느 날, 신실하고 보수적인 독신 여성 \'이디스\' 앞으로 충격적인 욕설 편지가 도착한다. 입에 담지도 못할 욕설로 가득한 익명의 편지들로 온 마을이 발칵 뒤집히고, 이 편지 테러 사건은 곧 영국 전역의 뜨거운 관심을 받게 된다. 사람들의 오해가 쌓이며 사건은 전혀 예상치 못한 방향으로 흘러가고, 유력한 용의자로 아일랜드 이민자 출신 \'로즈\'가 떠오르는데… 과연 이 문제의 발신자는 \'로즈\'일까, 아니면 그저 가벼운 장난을 치고 싶던 다른 누군가일까.',0,NULL,2618),
(3680,'폴라로이드 작동법','2024.11.27',6,'좋아한다. 얼굴이 달아오른다. 아무 소리도 들리지 않는다. 무력하다. 슬프다. 폴라로이드 작동법을 배운다',0,NULL,2620),
(3681,'미망','2024.11.20',92,'#재회 ‘여자’는 과거 연인이었던 ‘남자’를 우연히 만난다 #만남 ‘여자’와 ‘남자’는 새로운 인연과 걷는다 #이별 ‘여자’는 친구의 장례식에서 다시 ‘남자’를 마주한다 함께 걷던 거리 위, 남겨둔 마음을 돌아보다',0,NULL,2619),
(3682,'이처럼 사소한 것들','2024.12.11',98,'1985년 아일랜드의 소도시, 빌 펄롱은 석탄을 팔며 아내, 다섯 딸과 함께 소박하게 살아가고 있다. 크리스마스를 앞둔 어느 날, 지역 수녀원에 석탄을 배달하러 간 빌 펄롱은 숨겨져 있던 어떤 진실을 마주하게 된다.',0.5,NULL,2619),
(3683,'인터스텔라','2024.12.11',169,'세계 각국의 정부와 경제가 완전히 붕괴된 미래가 다가온다. 지난 20세기에 범한 잘못이 전 세계적인 식량 부족을 불러왔고, NASA도 해체되었다. 이때 시공간에 불가사의한 틈이 열리고, 남은 자들에게는 이 곳을 탐험해 인류를 구해야 하는 임무가 지워진다. 사랑하는 가족들을 뒤로 한 채 인류라는 더 큰 가족을 위해, 그들은 이제 희망을 찾아 우주로 간다. 그리고 우린 답을 찾을 것이다. 늘 그랬듯이…',0.5,NULL,2619),
(3684,'무간도','2024.12.18',101,'엇갈린 운명, 비극적 영웅... 같은 덫에 걸린 우리는, 더 이상 적이 아니다! 조직에 잠입한 경찰 스파이 홍콩 경찰의 비밀 요원 진영인(양조위). 경찰학교에서 훈련을 받다가 발탁된 그는 범죄 조직 \'삼합회\'에 잠입하여 십 년째 조직원을 위장한 스파이로 살아가고 있다. 전과 8범에 두 번의 형기를 치른 완벽한 범죄자가 되어 있는 그는 현재 보스 한침이 가장 신임하는 심복이기도 하다. 경찰에 잠입한 조직 스파이 \'삼합회\'의 숨은 조직원 유건명(유덕화). 열 여덟 살 때부터 경찰에 잠입해 스파이로 활동해온 그는 현재 경찰 내에서 가장 뛰어난 강력반 요원으로 인정받고 있다. 경찰로서의 경력이 벌써 십 년째에 이르는 그는 이제 그만 조직원으로서의 신분을 버리고 싶어한다. ...어느 새 우리는 같은 덫에 빠져들고 있었다! 유건명과 진영인은 \'삼합회\' 보스의 범죄를 캐내는 대대적인 작전 중에 서로의 존재를 감지한다. 스파이 신분에서 벗어나기 위해 보스를 제거하고 진영인의 비밀 기록을 없애려는 유건명과 유건명의 정체를 밝혀 떳떳한 경찰이 되려는 진영인. 숨막히게 서로를 추적해 가는 두 사람의 운명은 점점 다른 방향으로 엇갈리는데...',0.4,NULL,2619),
(3685,'엔시티 드림 미스터리 랩: 드림 이스케이프 인 시네마','2024.12.11',137,'NCT DREAM의 세 번째 월드 투어 ‘THE DREAM SHOW 3 : DREAM( )SCAPE’ 전 세계를 펄 네오 샴페인 빛으로 물들인 서막이 스크린에서 다시 펼쳐진다! 꿈을 향한 여정에서 마주하는 성장의 비밀을 풀어가며 서로에게 위로의 처방전을 건네는 특별한 실험실, 미스터리 랩의 비밀이 풀린다 그들의 청춘으로 빛났던 환상적인 무대와 치열하게 준비했던 열정 가득한 비하인드까지 그들의 꿈을 향한 탈출과 새로운 여정의 시작을 알리는 무대, NCT DREAM Mystery Lab: DREAM( )SCAPE in Cinemas',0.4,NULL,2620),
(3686,'매트릭스','2024.12.11',136,'진짜보다 더 진짜 같은 가상 현실 ‘매트릭스’ 그 속에서 진정한 현실을 인식할 수 없게 되는 인간들. 그 ‘매트릭스’를 빠져 나오면서 AI에게 가장 위험한 인물이 된 ‘모피어스’는 자신과 함께 인류를 구할 마지막 영웅 ‘그’를 찾아 헤맨다. 마침내 ‘모피어스’는 낮에는 평범한 회사원으로, 밤에는 해커로 활동하는 청년 ‘네오’를 ‘그’로 지목하는데… 꿈에서 깨어난 자들, 이제 그들이 만드는 새로운 세상이 열린다!',0.4,NULL,2619),
(3687,'힘을 낼 시간','2024.12.18',99,'평균 나이 약 26살! 전 재산은 98만 원? 우리는 시끌벅적한 여행을 계획했다! 주목받지 못해 은퇴한 아이돌 ‘러브앤리즈’의 수민과 사랑, ‘파이브 갓 차일드’의 태희. 어디로 가야 할지 무엇을 해야 할지 알 수 없지만 학창 시절에 갈 수 없었던 수학여행을 뒤늦게 떠나 보기로 하는데...',0.4,NULL,2619),
(3688,'스토리업 쇼츠: 칸영화제 특별편','2024.12.13',101,'제16회 스토리업쇼츠: 칸영화제 특별편 2023~2024년 칸영화제 \'라-시네프(La-Cinef)\' 섹션에 선정된 3편의 단편영화와 신인 감독들의 코멘터리 영상을 전국 CGV아트하우스관에서 만나보세요! *칸영화제 라-시네프: 전세계 영화학교 학생 단편영화 경쟁부문 메아리 Forest of Echoes 2024 l 임유리 l 21min 40sec l 단편 l DCP l 스릴러, 판타지 l 한국 l 출연: 정은선, 김평화 술취한 청년들에게 쫓겨 마을 뒤 금지된 숲으로 도망쳐 들어온 옥연, 숲 속에서 몇년 전 옆마을로 시집간 앞집 언니 방울을 만나는데, 여전히 혼례복을 입고 있는 모습이다. 밝혀지는 진실 가운데 옥연은 무슨 선택을 할까? 이씨 가문의 형제들 The Lee Families 2023 l 서정미 l 25min 44sec l 단편 l DCP l 드라마, 코미디 l 한국 l 출연: 정애화, 조윤지, 이주협 할아버지의 유일한 유산인 시골집이 장손에게 넘어갔다. 이 소식을 듣게 된 엄마는 이를 가만히 두고 볼 수 없다. 홀 Hole 2023 l 황혜인 l 23min 51sec l 단편 l DCP l 스릴러 | 한국 l 출연: 임채영, 곽수현, 손지유 아동보호 실태조사차 구시맨숀을 찾은 정미는 그곳에서 어린 남매 준희와 준서를 만나게 된다. 누가 시킨 듯 부모님은 곧 돌아오신다는 말을 되뇌던 아이들은 갑자기 안방으로 들어가 바닥을 가리키는데…',0,NULL,2618),
(3689,'클로즈 유어 아이즈','2024.11.06',169,'노년의 영화 감독이자 작가인 미겔은 한 TV 탐사 프로그램으부터 출연 제안을 받는다. 22년 전 실종된 배우 훌리오 아레나스에 대해 증언해달라는 것. 훌리오는 그의 절친이자 미완의 영화 “작별의 눈빛”의 주연 배우였다. 촬영 도중 홀연히 사라진 배우에 대해 사고인가, 자살인가, 음모인가 온갖 추측만이 무성한 가운데, 미겔은 훌리오의 흔적을 찾으며 잊고 지내던 자신의 과거와 조우한다.',0,NULL,2619),
(3690,'원정빌라','2024.12.04',87,'교외에 위치한 오래된 다세대 주택 원정빌라 203호에 사는 주현은 아픈 어머니와 조카를 돌보며 은행 경비 일과 공인중개사 시험을 병행하는 청년이다. 순한 성격으로 빌라의 모든 이웃들과 스스럼없이 지내지만, 이기적이고 무례한 위층(303호) 여자 신혜와는 주차 문제부터 층간 소음까지 사사건건 부딪힌다. 어느 날, 주현은 303호 우편함에만 불법 전단지를 꽂아 넣는 소심한 복수를 하고, 이는 뜻밖에 위층 여자의 광기를 건드리는 도화선이 되어 이웃은 물론 주현의 가족까지 위험에 빠트리게 된다. “나 때문이에요. 내가 그 종이를 넣으면 안 되는 건데…”',0,NULL,2618),
(3691,'글래디에이터 Ⅱ','2024.11.13',148,'로마의 영웅이자 최고의 검투사였던 ‘막시무스’가 콜로세움에서 죽음을 맞이한 뒤 20여 년이 흐른 후. 쌍둥이 황제 ‘게타’와 ‘카라칼라’의 폭압 아래 시민을 위한 자유로운 나라 ‘로마의 꿈’은 잊힌 지 오래다. 한편 ‘아카시우스’ 장군이 이끄는 로마군에 대패한 후 모든 것을 잃고 노예로 전락한 ‘루시우스’는 강한 권력욕을 지닌 ‘마크리누스’의 눈에 띄어 검투사로 발탁된다. 로마를 향한 걷잡을 수 없는 분노, 타고난 투사의 기질로 콜로세움에 입성하게 된 ‘루시우스’는 결투를 거듭하며 자신이 진짜 누구인지 알게 되고 마침내 로마의 운명을 건 결전을 준비하게 되는데...! “나는 권력을 위해 싸우지 않는다!” 역사로 기억될 새로운 반란이 시작된다!',0,NULL,2621),
(3692,'와일드 로봇','2024.10.01',102,'뉴욕타임즈 베스트셀러 & 아마존 올해의 책! 전 세계를 매료시킨 아동 문학 거장 피터 브라운 소설 첫 영화화! <드래곤 길들이기> 제작진이 선사하는 따뜻한 감성 어드벤처 “이 비행은 너에게 주는 선물이야” 우연한 사고로 거대한 야생에 불시착한 로봇 \'로즈\'는 주변 동물들의 행동을 배우며 낯선 환경 속에 적응해 가던 중, 사고로 세상에 홀로 남겨진 아기 기러기 \'브라이트빌\'의 보호자가 된다. ‘로즈\'는 입력되어 있지 않은 새로운 역할과 관계에 낯선 감정을 마주하고 겨울이 오기 전에 남쪽으로 떠나야 하는 \'브라이트빌\'을 위해 동물들의 도움을 받아 이주를 위한 생존 기술을 가르쳐준다. 그러나 선천적으로 몸집이 작은 \'브라이트빌\'은 짧은 비행도 힘겨워 하는데... 로봇 \'로즈\'와 아기 기러기 \'브라이트빌\'은 특별한 기적을 일으킬 수 있을까?',0,NULL,2620),
(3693,'안녕, 할부지','2024.09.04',95,'선물로 찾아온 만남, 예정된 이별 푸바오의 중국 귀환 일정이 결정되고, 사랑하는 이들의 아쉬움이 커져만 간다 마침내 다가온 이별의 순간, 푸바오의 행복을 위해 애써 담담해 보였던 강바오와 송바오 역시 흔들리기 시작하는데… 헤어질 때를 알기에 매 순간 진심이고 애틋했던 그들 1354일, 그동안의 못다 한 이야기 안녕, 그리고 안녕…',0,NULL,2620),
(3694,'더 크로우','2024.12.11',111,'가장 완벽했던 사랑의 끝, 가장 처절한 복수의 시작! 죽음마저 두려워할 피의 부활이 펼쳐진다! 인생에서 가장 어둡고 외로웠던 순간, 자신과 비슷한 영혼을 가진 \'셸리\'를 만나 영원한 사랑을 약속한 \'에릭\'. 완벽한 행복을 만끽하던 그때, 두 사람은 의문의 괴한들에게 무참히 살해 당하고 \'셸리\'는 과거의 끔찍한 실수로 지옥에 끌려가게 된다. 지옥에서 \'셸리\'를 되찾기 위해 \'에릭\'은 까마귀의 저주를 받아 불사의 몸이 되고 죽여도 죽지 않는 복수의 화신으로 부활하게 되는데…',0,NULL,2621),
(3695,'움베르토 에코. 세계의 도서관','2024.12.11',77,'움베르토 에코의 개인 도서관은 50,000권 이상의 현대 도서와 1,500권의 희귀 및 고대 서적을 보유하고 있는 그 자체로 하나의 세계이다. 다비데 페라리오 감독은 2015년 베네치아 비엔날레에서의 비디오 설치 작업을 위해 움베르토 에코와 함께 촬영했던 영상을 바탕으로 기존의 아카이브 영상과 에코 사후 유가족의 적극적인 협력 덕분에 그의 개인 도서관에 접근하여 촬영한 새로운 영상을 더하여 이 다큐멘터리를 완성한다. 그 결과, 그동안 외부에 공개되지 않았던 에코의 ‘특별한 공간’을 보여줄 뿐 아니라, 에코 자신이 정의한 \'세계의 기억\'으로서의 도서관의 의미를 충실히 전달하는 이 다큐멘터리가 탄생하게 된다.',0,NULL,2620),
(3708,'청설','2024.11.06',109,'손으로 설렘을 말하고 가슴으로 사랑을 느끼는, 청량한 설렘의 순간 대학생활은 끝났지만 하고 싶은 것도, 되고 싶은 것도 없어 고민하던 ‘용준’(홍경). 엄마의 등쌀에 떠밀려 억지로 도시락 배달 알바를 간 ‘용준’은 완벽한 이상형 ‘여름’(노윤서)과 마주친다. 부끄러움은 뒷전, 첫눈에 반한 ‘여름’에게 ‘용준’은 서툴지만 솔직하게 다가가고 여름의 동생 ‘가을’(김민주)은 용준의 용기를 응원한다. 손으로 말하는 ‘여름’과 더 가까워지기 위해 더 잘 듣기보단 더 잘 보고 느끼려 노력하지만, 마침내 가까워졌다 생각하던 찰나 ‘여름’은 왜인지 자꾸 ‘용준’과 멀어지려 하는데…',0,NULL,2620),
(3709,'저니 투 베들레헴','2024.11.20',99,'결혼보다는 교사로서의 꿈을 이루고 싶은 ‘마리아’지만, 그녀의 아버지는 원망스럽게도 ‘요셉’과의 약혼식을 서두른다. 그러던 어느 날, 천사장 ‘가브리엘’이 ‘마리아’에게 찾아와 훗날 구세주이자 왕이 될 아이를 낳게 될 것이니 잘 돌보라 명하게 되고, 한 순간에 너무나 무거운 책임을 지게 된 ‘마리아’는 이 일로 약혼자 ‘요셉’과의 관계도 위태로워진다. 한편, 권력을 탐하는 이기적인 왕 ‘헤롯’은 큰아들 ‘안티파테르’를 앞세워 훗날 왕이 될 ‘마리아’의 아이를 찾아 죽이려 하는데... 과연 ‘마리아’는 자신의 사랑과 아이 모두를 지킬 수 있을까?',0,NULL,2620),
(3724,'모든 것은 아르망에서 시작되었다','2024.12.25',117,'“그건 제 아들이 한 짓이 아니에요” 어린 아들 ‘아르망’의 담임 ‘순나’로부터 갑작스러운 호출을 받게 된 ‘엘리자베스’ 학교에 도착한 그는 ‘아르망’이 불미스러운 사건의 가해자로 지목되었다는 사실을 알게 되는데… 아이들이 남긴 비밀과 어른들이 삼킨 진실은 무엇인가?',0,NULL,2619),
(3725,'[윈터 페어링] 깊이빠져보다： 겨울 쉼표','2024.12.29',123,'\"2024년의 마지막 3일간만 열리는 환상적인 공간!\" 겨울의 소리와 어울리는 와인의 향기에 마음껏 취해보세요! <겨울.> 시리즈 관람과 와인 페어링, 특급 케이터링까지 ★ 몰입감 높은 프리미엄 상영관 ★ 모엣 샹동 임페리얼 브뤼 1잔 ★ 레드, 화이트 화인 무제한 ★ 10종 이상의 핑거푸드 - 대상 상영관: CGV용산아이파크몰 템퍼 시네마, 스트레스리스 시네마, 골드클래스 - 일정: 12/29(일), 12/30(월), 12/31(화) - 이용 시간: 18:00 ~ 20:00 - 가격: 59,000원',0,NULL,2621),
(3726,'KBL x tvN SPORTS 농구영신 뷰잉파티 - 울산 현대모비스 vs 대구 한국가스공사','2024.12.31',210,'‘프로농구 대표 흥행경기 농구영신을 한 편의 영화처럼’ 2016년부터 시작된 ‘농구영신’은 송구영신과 농구의 합성어로 매년 12월 31일 늦은 밤 경기가 편성되어 농구 코트에서 새해를 맞이하는 KBL 대표행사입니다. 경기 시작 전 프리뷰쇼 행사부터 경기 관람까지 즐길 수 있는 농구영신 뷰잉파티! 치열한 순위 다툼을 벌이는 울산 현대모비스와 대구 한국가스공사의 뜨거운 승부를 기대하며 12/31(화) CGV 용산아이파크몰에서 만나요! ※ 이원 생중계 및 스케치 촬영 안내 - 본 이벤트 회차의 경우 tvN SPORTS 이원 생중계 방송 및 KBL 주관 스케치 촬영 예정입니다. 상영관 내 관객의 초상, 행동, 음성 등 (이하 초상)이 중계 방송 및 스케치 촬영본에 포함, 활용될 수 있습니다. - 본 회차 관람 고객은 상영관 내 중계와 촬영, 그 결과물의 상업적 이용에 초상이 포함 될 수 있다는 점의 KBL 귀중의 동의서를 행사 당일 현장에서 작성 및 수취 예정입니다. ※ 꼭 확인하세요 - 해당 콘텐츠는 당일 예매 취소 및 변경 불가로, 생중계 전날 23시 59분까지 취소가 가능합니다. - 본 콘텐츠는 경기 종료와 동시에 극장 생중계 및 행사가 종료됩니다. - 본 콘텐츠는 상영은 주최 측 등의 불가피한 사정에 따라 취소될 수 있습니다. - CGV 홈페이지/모바일APP 예매 시 접속량에 따라 예매가 원활하지 않을 수 있는 점 사전 양해 부탁드립니다. - 본 콘텐츠는 생중계 특성 상, 상영 시간이 지연 및 연장될 수 있습니다. - 본 콘텐츠는 생중계 특성 상, 통신 환경에 따라 일시적인 끊김 현상이 있을 수 있습니다. - 관람 시 타인에게 불쾌감을 주거나 지나친 방해 및 위협을 초래하는 행동은 직원에 의해 제지될 수 있습니다. - 각종 할인 쿠폰, 관람권 사용이 제한됩니다. - 주차할인의 경우 본 콘텐츠의 생중계 시간과 관계없이 각 극장별 기준으로 적용됩니다. - 상영 중 개인 촬영 및 녹음은 불가합니다. - 생중계 예정 극장 및 상영관은 변경되거나 추가될 수 있습니다. - 극장(CGV)의 사정으로 본 콘텐츠의 취소 및 특이사항 발생 시에는 예매 고객께 문자로 안내됩니다. (사용하지 않는 연락처가 기재된 경우 수신이 불가할 수 있습니다.) - 티켓의 임의적인 거래는 불법 행위입니다. 개인 간 직거래 및 불법 사이트 거래를 통한 피해의 책임은 전적으로 당사자에게 있습니다. - 중계 사고(관람 중 화면비 이상, 색감 이상, 사운드 끊김 등) 발생 시 공연법 보상 기준을 준용해 보상하며, 세부 내용은 CGV 공지사항을 참고 부탁드립니다. - 장애인석 예매 후 입장 시 증빙 서류(복지카드 등)를 통한 본인 확인이 진행됩니다. 증빙 서류 미지참 또는 기준과 상이할 시 예매자 및 동반자 입장 제한되며, 예매하신 티켓은 현장에서 취소 및 환불될 수 있습니다.',0,NULL,2620),
(3728,'(라이브뷰잉) 프로젝트 세카이 컬러풀 라이브 4th - Unison (도쿄)','2025.01.26',180,'CGV에서 즐기는 프로젝트 세카이 컬러풀 라이브! 4th! 관람 전/후 티켓 인증 후 특전 수령도 잊지 마세요! [공지사항] -이벤트 경품은 < 프로젝트 세카이 컬러풀 라이브 4th - Unison (도쿄) > 관람 고객을 대상으로 증정됩니다. -관람 당일 티켓으로 관람 지점에서 경품 수령이 가능합니다. (관람일 이후 수령 불가) -공정과정 상 발생하는 미세 스크래치, 흠집 등은 교환의 사유가 될 수 없습니다. -본 경품은 비매품입니다. 판매 목적의 수령은 삼가 부탁드립니다. -본 콘텐츠의 상영은 일본 현지 사정에 따라 취소/변경될 수 있습니다. -본 콘텐츠는 현지 라이브 뷰잉으로 별도의 자막은 지원되지 않습니다. -본 콘텐츠는 현지 사정으로 인해, 상영 시작이 지연될 수 있습니다. -일본 현지 생중계 콘텐츠로, 통신 환경에 따라 상영 중 일시적인 끊김 현상이 있을 수 있습니다. -공연이 예정보다 길어지는 경우, 다음 상영을 위해 중계가 종료될 수 있습니다. -관람 시 타인에게 불쾌감을 주거나 지나친 방해 및 위협을 초래하는 행동은 직원에 의해 제지 될 수 있습니다. -해당 콘텐츠는 당일 예매 취소 및 변경 불가로, 전날 23시 59분까지 취소가 가능합니다. -각종 할인 카드, 쿠폰, 관람권 사용이 제한됩니다. -상영 중 촬영 및 녹음은 불가합니다. -본 이벤트의 취소 및 특이사항 발생시 기존 예매 고객께 문자로 안내됩니다. (사용하지 않는 연락처가 기재되어 있는 경우, 수신이 불가할 수 있습니다.) -중계 사고 (관람 중 화면비 이상, 색감 이상, 사운드 끊임 등) 발생 시, 공연법 보상 기준을 준용하여 보상하며, 세부 내용은 공지사항을 참고 부탁드립니다.',0,NULL,2620),
(3771,'(여자)아이들 월드투어 [아이돌] 인 시네마','2025.01.08',102,'“진짜 제대로 즐길 준비 됐죠?” 2024년 전 세계 14개 도시의 관객을 사로잡은 (여자)아이들의 세 번째 월드 투어 ‘2024 (G)I-DLE WORLD TOUR [iDOL]’ 그 뜨거웠던 축제의 시작, 서울 콘서트의 현장이 스크린에 펼쳐진다! 전율을 선사한 \'Super Lady\'를 시작으로 \'LATATA\', \'퀸카 (Queencard)\', \'TOMBOY\' 무대는 물론 화려한 퍼포먼스와 완벽한 라이브로 꽉 채워진 셋 리스트까지! 모두에게 꿈같았던 그날의 감동을 2025년 1월 4DX, SCREENX, ULTRA 4DX로 더 크게, 더 생생하게 다시 만난다!',0,NULL,2619),
(3839,'빌리와 용감한 녀석들-스노우 베어 구조대','2024.11.07',80,'치킨 히어로 ‘빌리’ 이번엔 꽁꽁 얼어붙은 남극이다! 남극에서 평화롭게 지내던 아기 곰과 펭귄들이 서커스단에 붙잡혀 온다. 몰래 탈출한 이들은 우연히 빌리의 농장으로 오게 되고, 아기 곰의 사연을 알게 된 빌리는 가족을 찾아 주기로 하는데… 다시 한번 뭉친 빌리와 달걀 친구들은 남극으로 떠난다. 마침내 남극에 도착하지만 빙하가 부서지며 서식지를 이동한 가족들을 찾기 위해 남극 내에서 또 다시 모험을 하게 되는데… 과연 ‘빌리’는 아기 곰의 가족들을 찾아 줄 수 있을까? 지금부터 스노우 베어 구조 대작전이 시작된다!',0,NULL,2620),
(3850,'류이치 사카모토-오퍼스','2023.12.27',103,'전 세계인에게 아름다운 선율로 치유와 위안을 선물한 거장 류이치 사카모토. 임종 전, 그의 음악 인생을 아우르는 20곡의 연주가 피아노, 조명만으로 가득한 무대에서 흐르고, 힘겨운 숨결과 함께 거장이 건네는 숨 막히도록 아름다운 마지막 인사가 연주된다.',0.1,NULL,2620),
(3851,'[윈터 페어링] 깊이빠져보다 - 겨울 쉼표','2024.12.29',123,'2024년의 마지막 3일간만 열리는 환상적인 공간! 겨울의 소리와 어울리는 와인의 향기에 마음껏 취해보세요! 겨울 시리즈 관람과 와인 페어링, 특급 케이터링까지 몰입감 높은 프리미엄 상영관 모엣 샹동 임페리얼 브뤼 1잔 레드, 화이트 화인 무제한 10종 이상의 핑거푸드 - 대상 상영관: CGV용산아이파크몰 템퍼 시네마, 스트레스리스 시네마, 골드클래스 - 일정: 12/29(일), 12/30(월), 12/31(화) - 이용 시간: 18:00 ~ 20:00 - 가격: 59,000원',0,NULL,2621),
(3855,'색, 계','2025.01.01',157,'1938년 홍콩. 대학에서 연극에 매료된 왕 치아즈(탕웨이)는 친일파 핵심인물이자 정보부 대장인 이(양조위)를 암살하기 위해 막 부인으로 신분을 위장해 그에게 접근한다. 서로에게 강하게 이끌리는 두 사람, 그러나 이의 상하이 발령으로 암살 계획은 무산된다. 1941년 상하이. 다시 만나게 된 이와 왕 치아즈는 겉잡을 수 없이 서로에게 빠져들고 욕망과 의심을 넘나드는 사랑을 시작하는데…',0.1,NULL,2621),
(3856,'<에이에스엠알> 고요하게, 새벽의 산사','2025.01.01',15,'눈을 감고 들려오는 작은 소리에 집중해보고, 올해 있었던 좋았던 순간들도, 힘들었던 순간들도, 하나씩 떠올려 볼 수 있도록. 잠시 일상을 멈춰 보세요. 비어있는 시간을 즐겨보세요. ☆ 새벽의 맑은 푸름에 잠긴 산 속 작은 사찰 이내 한 차례 바람이 불고, 텅 빈 듯 고요해진다. 성난 바람을 타이르듯 맑은 소리가 울린다.',0,NULL,2620),
(3857,'<에이에스엠알> 따끈따끈, 거품 목욕','2025.01.01',15,'눈을 감고 들려오는 작은 소리에 집중해보고, 올해 있었던 좋았던 순간들도, 힘들었던 순간들도, 하나씩 떠올려 볼 수 있도록. 잠시 일상을 멈춰 보세요. 비어있는 시간을 즐겨보세요. ☆ 유독 바람이 차갑게 느껴지는 날 뜨거운 물로 욕조를 가득 채운다 머리부터 발끝까지 온기가 물들어가고 밀려오는 생각들이 거품처럼 사라진다',0,NULL,2620),
(3858,'카라바조의 그림자','2025.01.01',0,'[성모의 죽음], [메두사], [성 마테오의 소명], [세례 요한의 참수]… 이탈리아를 대표하는 천재 화가 ‘카라바조’ 살해 혐의로 도망자 신세가 된 \'카라바조\'는 로마 교외로 도피 생활을 이어가는 와중에도 그림을 놓지 않는다 한편, 교황청은 그런 그의 사면 자격을 조사하기 위해 비밀리에 ‘그림자’를 파견해 뒤를 쫓는데…',0,NULL,2622),
(3859,'더 퍼스트 슬램덩크','2025.01.04',124,'전국 제패를 꿈꾸는 북산고 농구부 5인방의 꿈과 열정, 멈추지 않는 도전을 그린 영화',0,NULL,2619),
(3860,'노스페라투','2025.01.15',132,'오랜 시간 통제할 수 없는 강력한 힘에 이끌려 악몽과 괴로움에 시달려 온 ‘엘렌’ 남편 ‘토마스’가 거액의 부동산 계약을 위해 머나먼 ‘올록성’으로 떠난 후부터 엘렌은 불안 증세가 심해지고 알 수 없는 말을 되뇌인다. “그가 오고 있어…” 기이한 현상들이 일어나며 마을로 점점 짙게 번져오는 그림자. 영원한 어둠 속에서 깨어난 올록 백작이 찾아오는데…',0,NULL,2621),
(3861,'더 엑소시즘','2025.01.15',95,'공포 영화 ‘조지타운 프로젝트’를 촬영하던 중 끔찍한 사고로 사제를 연기한 배우가 사망하고, 한물간 배우 ‘안소니’(러셀 크로우)가 그 자리를 맡게 된다. 하지만 사제 역할에 몰입하게 될수록 악마가 그의 주변을 맴돌기 시작하는데… 저주받은 작품인가, 저주를 부르는 캐릭터인가! 올해를 압도할 첫 오컬트 공포작!',0,NULL,2618),
(3862,'파문','2025.01.15',121,'남편이 집을 나간 후, 생명수를 숭배하는 사이비 종교에 빠진 ‘요리코’. 매일 생명수에 기도를 올리고 정원을 정리하며 평온한 일상을 보내던 어느 날, 집을 나갔던 남편이 암에 걸려 돌아오며 잔잔했던 ‘요리코’의 마음에 커다란 파문이 일기 시작하는데…',0,NULL,2619),
(3867,'말할 수 없는 비밀','2025.01',0,'',0,NULL,2622),
(3911,'해리 포터와 죽음의 성물2','2025.01.15',131,'모든 것을 끝낼 최후의 전투! 판타지의 아름다운 역사가 드디어 마침표를 찍는다! 덤블도어 교장이 남긴 ‘죽음의 성물’의 단서를 쫓던 해리 포터는 볼드모트가 그토록 찾아 다닌 절대적인 힘을 가진 지팡이의 비밀을 통해 드디어 마지막 퍼즐을 완성한다. 볼드모트의 영혼이 담긴 다섯 번째 ‘호크룩스’를 찾기 위해 마법학교 호그와트로 돌아온 해리와 친구들은 그들을 잡으려는 보안마법에 걸려 위기를 맞지만 덤블도어의 동생인 에버포스의 도움으로 벗어난다. 그리고 그에게서 덤블도어와 어둠의 마법사 그린델왈드에 관한 놀라운 과거에 대해 알게 된다. 한편, 볼드모트는 해리에 의해 호크룩스들이 파괴되었음을 느끼고 호그와트로 향한다. 해리를 주축으로 한 불사조 기사단과 죽음을 먹는 자들 간의 마법전투가 벌어지고 여기에 거대거미 아크로맨투라와 거인족 등 마법 생물들이 볼드모트 편으로 가세하면서 호그와트는 거대한 전쟁터로 변한다. 전쟁의 틈에서 해리는 덤블도어를 죽인 스네이프의 엄청난 비밀과 볼드모트를 죽일 마지막 호크룩스에 대한 단서를 알게 되는데...',0,NULL,2620),
(3912,'극장판 포켓몬스터 AG: 뮤와 파동의 용사 루카리오','2025.01.22',100,'몬스터볼이 없고, 포켓몬들을 이용한 전쟁이 계속되던 먼 옛날, 파동의 용사 아론은 ‘세계가 시작하는 나무‘의 힘으로 전쟁을 끝내고 사라진다. 전설로 내려오는 아론을 기리는 축제가 한창인 로타마을, 치열한 포켓몬 시합에서 지우가 우승하며 받은 아론의 지팡이에서 아론의 파트너인 루카리오가 봉인 해제되고, 뮤는 피카츄를 데리고 ‘세계가 시작하는 나무’로 사라진다! 피카츄를 찾기 위해 루카리오와 함께 떠나는 지우 일행! 그러나 ‘세계가 시작하는 나무‘는 붕괴 위기에 빠지게 되는데…',0,NULL,2620),
(3913,'히트맨 2','2025.01.22',0,'‘HITMAN IS BACK!’ 대한민국을 포복절도하게 만든 암살요원, 이번엔 ‘암살요인 준’으로 돌아왔다! 욱해서 그린 웹툰 \'암살요원 준\'의 성공으로 잠깐 흥행 작가가 된 \'준\'은 시즌2 연재 시작과 동시에 순식간에 \'뇌절작가\'로 전락하고, 오히려 망작이 된 시즌2는 \'준\'을 노리는 글로벌한 악당들의 내한 열풍을 일으킨다. 아무것도 모른 채, 다시 한번 대히트를 꿈꾸며 신작 웹툰 연재에 돌입한 \'준\'. 그러나 그의 웹툰을 모방한 테러가 발생하고, 국정원은 다름 아닌 \'준\'을 범인으로 지목하는데… ‘준’의 웹툰은 현실이 된다?! 2025년 더욱 강력해진 툰생툰사 ‘준’의 대히트를 기대하라!',0,NULL,2622),
(3927,'리얼 페인','2025.01.15',90,'달라도 너무 다른 정반대 사촌과의 여행, 괜찮을까? 생김새부터 성격, 취향까지 모든 것이 다른 두 사촌 \'데이비드\'(제시 아이젠버그)와 \'벤지\'(케이란 컬킨). 돌아가신 할머니를 기리기 위해 오랜만에 재회한다. 한때는 형제처럼 친밀했지만 각자의 삶과 가족 등의 이유로 멀어졌던 둘의 관계는 할머니의 고향인 폴란드를 방문해 투어를 떠나게 되면서 새로운 국면을 맞이한다. 둘의 극과 극 성격은 투어에서도 균열을 만들고, 예상치 못한 일들이 생기면서, 미묘한 감정의 골 또한 더욱 커져만 가는데... 2025년 새해, 당신을 위한 웰메이드 로드 무비가 온다!',0,NULL,2618),
(3928,'성 베드로 대성당과 로마의 교황청 대성당들','2025.01.15',95,'25년만에 돌아오는 은총과 순례의 성년(聖年)을 의미하는 2025년 \'희년\'을 맞아, 전 세계 여행자들이 가장 많이 방문하는 25개 여행 목적지 중 하나인 바티칸의 성 베드로 대성당, 라테라노 성 요한 대성당, 산타 마리아 마조레 대성당, 성 밖 성 바오로 대성당 등 해마다 수천만명의 여행자들과 순례자들이 방문하는 로마의 교황청 소속 4대 대성당과 그곳에 간직되어 있는 위대한 예술 작품들을 안토니오 파올루치(바티칸 박물관 관장), 파올로 포르토게지(건축가), 클라우디오 스트리나티(미술사가), 미콜 포르티(바티칸 박물관 현대 미술 컬렉션 책임자) 등 4명의 세계적인 전문가들의 해설과 함께 미리 볼 절호의 기회!',0,NULL,2620),
(3929,'언데드 다루는 법','2025.01.22',98,'살아있는 시체로 돌아온 나의 사랑이여! 그대는 축복인가, 재앙인가? 손자이자 아들 \'엘리아스\'를 잃고 상실감에 괴로워하는 할아버지 \'말러\'와 엄마 \'안나\', 아내 \'에바\'의 교통사고로 인한 사망 소식을 듣고 슬픔에 오열하는 남편 \'데이빗\', 반려자 \'엘리자베트\'의 장례식을 마치고 텅 빈 집에 돌아온 노부인 \'토라\'. 원인불명의 정전이 오슬로 전역을 덮친 이후, 죽은 이들이 다시 깨어나 사랑하는 가족의 곁으로 돌아가기 시작한다, 무덤에 묻혔던 모습 그대로!',0,NULL,2618),
(3930,'귀신경찰','2025.01',107,'선생님 그때부터였던 것 같아요…. 우리 애가 나가더니, 갑자기 엄마~ 엄마~ 목 터지게 부르는 거야! 그래서, 이 개#@뒈!@#^%놈이 또 무슨 사고 치고 지@#%염@$#나 내가 설거지하다 말고 방망이 들고 옥상에 뛰어나갔더니 글쎄 어머머 벼락을 맞았지 뭐예요?! 그리고 애가 얼마나 놀랬으면 지리는거야 내가 계속 지리라 했어요. 선생님 잘했죠??? 그런데 그날 이후… 하찮은 능력이 생긴 경찰과 그 가족의 웃음벨 코미디가 시작된다!',0,NULL,2622),
(3934,'퇴마록','2025.02',85,'특별한 능력을 가진 퇴마사들이 절대 악(惡)에 맞서는 대서사의 시작을 담은 오컬트 블록버스터',0,NULL,2619),
(3953,'아메바 소녀들과 학교괴담-개교기념일','2024.11.06',90,'영화감독이 꿈인 ‘지연(김도연)’과 친구들은 우연히 방송반 캐비닛에서 1998년에 촬영 된 비디오테이프를 보게 된다. 그 날 이후, ‘지연’과 친구들은 동시에 기이한 현상을 겪고, 비디오테이프의 정체를 쫓다 학교괴담을 알게 되는데… 개교기념일, 저주의 종이 울리면 시작되는 숨바꼭질! 이제 학교괴담은 현실이 되어 이들을 덮친다!',0,NULL,2618),
(3957,'리얼리티+','2025.01.01',23,'\'\'올해 최고의 미친 영화\' <서브스턴스>의 순한맛 단편 영화 가까운 미래의 프랑스 파리, 뇌에 심는 칩 \'리얼리티+\'는 감각을 조작하여 항상 꿈꿔왔던 완벽한 체형을 지닌 모습으로 자신을 볼 수 있게 해준다. 칩을 장착한 사람들 모두가 새로운 외모를 볼 수 있고, 자신 역시 그들의 모습을 볼 수 있다. 하지만 이 칩은 하루에 단 12시간만 활성화할 수 있는데...',0,NULL,2618),
(3974,'꼬마 판다 팡의 아프리카 대모험','2025.01.22',89,'겁 없는 꼬마 판다의 아프리카 대모험이 시작된다! 어리지만 용감한 꼬마 판다 ‘팡’은 아프리카 사자 왕자의 생일 선물로 납치된 꼬마 용 ‘지에롱’을 구하기 위해 머나먼 아프리카로 모험을 떠난다. 사막과 정글로 이루어진 아프리카에서 원숭이 ‘조조’, 하이에나 ‘니알라’, 사자 왕자 ‘아데’를 만나며 절친 ‘지에롱’을 구하기 위한 우정의 모험을 펼쳐나가는데… 꼬마 판다 팡은 지에롱을 구하고 집으로 돌아갈 수 있을까?',0,NULL,2620),
(3978,'브로큰','2025.02.05',0,'어느 날 하나뿐인 동생 \'석태\'가 시체로 돌아왔다. 그리고 동생의 아내 \'문영\'은 자취를 감췄다. 동생이 죽고 진실이 잠든 밤, 분노가 깨어났다 사건의 실마리를 찾던 민태는, 자신과 같은 흔적을 쫓는 소설가 \'호령\'을 만나고 그의 베스트셀러 [야행]에서 동생의 죽음이 예견되었다는 사실을 알게 된다. 얽혀버린 진실 사이에서 혼란스러운 가운데, 형제가 몸담았던 조직과 경찰까지 개입하며 서로가 서로를 쫓고 민태는 동생이 죽은 그날 밤의 진실을 밝히기 위해 분노의 추적을 시작한다.',0,NULL,2622),
(3985,'김재중 20주년 기념 콘서트 : 플라워 가든','2025.01.09',104,'지난 2024년 7월21일 개최된 김재중 데뷔 20주년 기념 콘서트, ‘20TH ANNIVERSARY 2024 KIM JAE JOONG ASIA TOUR CONCERT \"FLOWER GARDEN\" in SEOUL\'의 공연 실황 영화. 새 앨범 FLOWER GARDEN의 타이틀 곡 ‘Glorious Day’는 물론, 도파민 터지는 무대 ‘Devotion’, ‘Dopamine’과 본격적으로 관객과 함께 즐기는 ‘Summer J’ ‘소년에게’ 등 눈으로 보고 귀로 듣는 명품 무대를 통해 장르가 김재중임을 다시 한번 입증한다. 또한 콘서트 리허설 및 연습 과정과 데뷔 20주년을 맞은 그의 솔직한 인터뷰, 여기에 팬들에게 보내는 ‘직접 쓴 음성 편지’까지 만날 수 있다. 김재중과 그의 정원에 가득한 꽃들이 만들어 낸 아름다운 순간이 스크린에 펼쳐진다.',0.4,NULL,2620),
(3986,'문워크','2025.01.22',93,'“엄마의 사춘기는 언제 끝이 날까요?” 16세 정희에게 1년 중 가장 힘든 날은 할머니의 제삿날이다. 이날은 고함치는 고모할머니가 오시기 때문이다. 갑자기 집을 나간 할아버지와 매일 술만 마시는 엄마, 이 모든 상황을 못마땅해하는 고모할머니까지… 정희는 가족의 비밀을 풀기 위해 할아버지를 찾아 모험을 떠나기로 한다.',0,NULL,2618),
(3990,'페르소나: 이상한 여자','2025.01',0,'대학로 작은 극단을 찾은 신입 단원 중 유난히 사람들의 시선을 끄는 ‘혜리’. 서울대를 졸업하고도 그저 재미있어 보인다는 이유로 연극판에 발을 들인 그녀에 대해 사람들은 저마다 오해와 편견이 뒤섞인 이야기를 주고받는다. 한편, 극단의 대표이자 연출인 ‘해영’은 연극협회를 둘러싼 정치, 극단 출연료 문제 따위에 휘둘리며 작품에 오롯이 집중하지 못하는 자신과 달리 순수한 예술적 열정을 드러내는 혜리의 모습에 자꾸만 눈길이 간다. 하지만 날이 갈수록 그녀를 둘러싼 수상한 소문들이 걷잡을 수 없이 불어나자 해영마저 결국 그녀의 실체에 대한 의심에 빠져들고 마는데…. 진실과 허구, 모호함과 명확함, 그리고 던져진 질문 “너, 진짜 정체가 뭐야?”',0,NULL,2622),
(4017,'[토커바웃아트] 미드나잇뮤지엄-일본','2025.01.16',90,'미드나잇 뮤지엄 in 명동역씨네라이브러리 “목요일 저녁 7시 지친 일상을 예술로 달래줄 세계 미술관 투어!” 2025년 극장에서 떠나는 세계 미술관 여행! CGV 명동역씨네라이브러리의 특별한 분위기 속에서 목요일 저녁 7시 여러분을 기다리고 있습니다. ◆ 해외 여행 중 미술관에 꼭 들르는 분! ◆ 바쁜 일상 속 지친 나에게 예술로 생기를 불어넣고 싶은 분! ◆ 세계 미술 여행을 통해 서양미술사를 공부하고 싶으신 분! [회차별 안내] ◇ 일본 : 국립 서양미술관 외 일시 : 1/16 (목) 19:00~20:30 갓 다녀온 일본의 따끈다끈한 소식! 일본의 미술관을 통해 미리 보는 2025년 기대 전시! 근대의 시작 : 클로드 모네 색채의 마술사 : 앙리 마티스 거미로 표현한 내면 : 루이스 부르주아 2025년 국내에서도 만나볼 수 있는 전시 TOP 3 강연자 : 김기완 도슨트 ◇ 스페인 : 프라도 미술관 일시 : 1/23 (목) 19:00~20:30 합스부르크 왕가부터 궁정화가 벨라스케스까지! 왜 프라도 미술관인가? 스페인의 문화적 배경 디에고 벨라스케스, 프란시스 고야, 엘 그레코 놓치면 안되는 프라도 미술관의 주요 작품 프라도 미술관이 전하는 예술의 이유 강연자 : 심성아 도슨트 ◇ 이탈리아 : 보르게세 미술관 외 일시 : 2/6 (목) 19:00~20:30 2024년 이탈리아를 반드시 가야 하는 이유 2025년 ‘희년’을 맞이한 이탈리아 : 희년에 대해 베드로 대성당 : 천재들의 숨은 이야기 미켈란젤로, 라파엘로, 베르니니 보르게세 미술관 : 욕심이 만들어낸 최고의 컬렉션 2025 희년에 방문하면 좋은 여행지 강연자 : 김기완 도슨트 ◇ 프랑스 : 오르세 미술관 외 일시 : 2/20 (목) 19:00~20:30 우리가 가장 사랑하는 파리의 미술관 오르세 미술관의 탄생 1874년의 봄 대표적인 인상주의 화가들 놓치면 안 되는 오르세 미술관의 작품들 오르세 미술관이 전하는 예술의 이유 강연자 : 심성아 도슨트 매주 목요일 저녁 7시 CGV 명동역씨네라이브러리에서 특별한 해외예술여행을 떠나보아요. 미드나잇뮤지엄을 만나고 집으로 돌아가는 길은 분명 다른 밤보다 더 빛날 거예요.',0,NULL,2618),
(4018,'[씨네뮤지엄] 빈센트 반 고흐','2025.01.22',110,'●콘텐츠명: [스페셜 에디션] 불멸의 화가, 빈센트 반 고흐 ※본 콘텐츠는 유럽을 무대로 활동하는 아트가이드와 함께 유럽의 역사, 문화, 예술을 아우르는 인문학 여행프로그램 ‘씨네뮤지엄’입니다. 수 년간 유럽에서 쌓아온 아트가이드들의 노하우를 담아 스크린을 통해 유럽의 이야기를 만나봅니다. ★[스페셜 에디션] 불멸의 화가, 빈센트 반 고흐★ 이번 강의는 예술의 전당 한가람 미술관에서 열리는 <불멸의 화가, 반 고흐> 전시를 중심으로 한 특별한 씨네뮤지엄 입니다. 단순한 전시의 연장선이 아닌, 전시에서 들을 수 없는 반 고흐의 깊이 있는 이야기를 담았습니다. 그의 예술혼을 더욱 진하게 느끼고 싶은 전시 관람자와 반 고흐를 새롭게 알아가고 싶은 분들께 강력히 추천합니다. [스토리 흐름] 네덜란드에서 파리로 외로움 속에서 신앙과 그림을 통해 삶의 의미를 찾던 청년 시절의 고흐. 그의 내면적 여정을 살펴봅니다. 파리에서 아를로 예술의 도시 파리를 떠나, 태양빛의 도시 아를에서 자신의 화풍을 탐구한 그의 여정. \"여기서 우리만의 전시회를 열어보자.\" 그의 열정과 도전의 순간을 함께 느껴봅니다. 아를에서 오베르 쉬르 우아즈 \"나는 언제쯤 별이 빛나는 밤을 그릴 수 있을까?\" 예술적 정점에 도달했지만 동시에 고뇌로 가득했던 시기... 화려하게 타올라 고독하게 사스라져 갔던 고흐의 마지막 날들을 돌아봅니다. [스페셜 에디션 포인트] 전시 해설과 함께하는 깊이 있는 탐구 국내 단독 회고전으로 열린 이번 전시에서는 네덜란드 오털루의 그뢸러 뮐러 미술관 소장 원화 70여 점의 걸작이 공개됩니다. 대표작: 자화상, 영원의 문에서 명화와 함께하는 반 고흐의 발자취 연대기적 구성으로 그의 주요 시기를 다룹니다: 네덜란드 시기: 감자 먹는 사람들 파리 시기: 자화상 아를 시기: 씨 뿌리는 사람 생레미 시기: 영원의 문에서 오베르 쉬르 우아즈 시기: 가셰 박사의 초상(파이프를 든 남자) \"언젠가 가장 어두운 밤도 끝이 나고 해가 떠오를 것이다.\" – 빈센트 반 고흐 짧은 인생을 예술에 바친 천재 화가 반 고흐의 삶과 작품을 통해, 그의 열정과 인간적 고뇌를 공감하고 위로를 받는 시간을 선사합니다. 그의 예술혼이 담긴 붓질 속에서, 별이 된 그의 이야기를 만나보세요. ●아트가이드 소개: 이용규 아트가이드 現 트래블레이블(구 한국자전거나라) 대표 前 대통령 직속 국가균형발전위원회 문화관광 전문 위원 前 2005-2016 프랑스자전거나라 루브르 박물관, 오르세 미술관 아트가이드 [저서] 90일 밤의 미술관 대표저자 90일 밤의 미술관 루브르 박물관편 기획자 90일 밤의 미술관 이탈리아편 기획자 당일치기 조선여행 공동저자',0,NULL,2618),
(4019,'[토커바웃아트] 미드나잇뮤지엄-스페인','2025.01.23',90,'미드나잇 뮤지엄 in 명동역씨네라이브러리 “목요일 저녁 7시 지친 일상을 예술로 달래줄 세계 미술관 투어!” 2025년 극장에서 떠나는 세계 미술관 여행! CGV 명동역씨네라이브러리의 특별한 분위기 속에서 목요일 저녁 7시 여러분을 기다리고 있습니다. ◆ 해외 여행 중 미술관에 꼭 들르는 분! ◆ 바쁜 일상 속 지친 나에게 예술로 생기를 불어넣고 싶은 분! ◆ 세계 미술 여행을 통해 서양미술사를 공부하고 싶으신 분! [회차별 안내] ◇ 일본 : 국립 서양미술관 외 일시 : 1/16 (목) 19:00~20:30 갓 다녀온 일본의 따끈다끈한 소식! 일본의 미술관을 통해 미리 보는 2025년 기대 전시! 근대의 시작 : 클로드 모네 색채의 마술사 : 앙리 마티스 거미로 표현한 내면 : 루이스 부르주아 2025년 국내에서도 만나볼 수 있는 전시 TOP 3 강연자 : 김기완 도슨트 ◇ 스페인 : 프라도 미술관 일시 : 1/23 (목) 19:00~20:30 합스부르크 왕가부터 궁정화가 벨라스케스까지! 왜 프라도 미술관인가? 스페인의 문화적 배경 디에고 벨라스케스, 프란시스 고야, 엘 그레코 놓치면 안되는 프라도 미술관의 주요 작품 프라도 미술관이 전하는 예술의 이유 강연자 : 심성아 도슨트 ◇ 이탈리아 : 보르게세 미술관 외 일시 : 2/6 (목) 19:00~20:30 2024년 이탈리아를 반드시 가야 하는 이유 2025년 ‘희년’을 맞이한 이탈리아 : 희년에 대해 베드로 대성당 : 천재들의 숨은 이야기 미켈란젤로, 라파엘로, 베르니니 보르게세 미술관 : 욕심이 만들어낸 최고의 컬렉션 2025 희년에 방문하면 좋은 여행지 강연자 : 김기완 도슨트 ◇ 프랑스 : 오르세 미술관 외 일시 : 2/20 (목) 19:00~20:30 우리가 가장 사랑하는 파리의 미술관 오르세 미술관의 탄생 1874년의 봄 대표적인 인상주의 화가들 놓치면 안 되는 오르세 미술관의 작품들 오르세 미술관이 전하는 예술의 이유 강연자 : 심성아 도슨트 매주 목요일 저녁 7시 CGV 명동역씨네라이브러리에서 특별한 해외예술여행을 떠나보아요. 미드나잇뮤지엄을 만나고 집으로 돌아가는 길은 분명 다른 밤보다 더 빛날 거예요.',0,NULL,2618),
(4020,'[토커바웃아트] 미드나잇뮤지엄-이탈리아','2025.02.06',90,'미드나잇 뮤지엄 in 명동역씨네라이브러리 “목요일 저녁 7시 지친 일상을 예술로 달래줄 세계 미술관 투어!” 2025년 극장에서 떠나는 세계 미술관 여행! CGV 명동역씨네라이브러리의 특별한 분위기 속에서 목요일 저녁 7시 여러분을 기다리고 있습니다. ◆ 해외 여행 중 미술관에 꼭 들르는 분! ◆ 바쁜 일상 속 지친 나에게 예술로 생기를 불어넣고 싶은 분! ◆ 세계 미술 여행을 통해 서양미술사를 공부하고 싶으신 분! [회차별 안내] ◇ 일본 : 국립 서양미술관 외 일시 : 1/16 (목) 19:00~20:30 갓 다녀온 일본의 따끈다끈한 소식! 일본의 미술관을 통해 미리 보는 2025년 기대 전시! 근대의 시작 : 클로드 모네 색채의 마술사 : 앙리 마티스 거미로 표현한 내면 : 루이스 부르주아 2025년 국내에서도 만나볼 수 있는 전시 TOP 3 강연자 : 김기완 도슨트 ◇ 스페인 : 프라도 미술관 일시 : 1/23 (목) 19:00~20:30 합스부르크 왕가부터 궁정화가 벨라스케스까지! 왜 프라도 미술관인가? 스페인의 문화적 배경 디에고 벨라스케스, 프란시스 고야, 엘 그레코 놓치면 안되는 프라도 미술관의 주요 작품 프라도 미술관이 전하는 예술의 이유 강연자 : 심성아 도슨트 ◇ 이탈리아 : 보르게세 미술관 외 일시 : 2/6 (목) 19:00~20:30 2024년 이탈리아를 반드시 가야 하는 이유 2025년 ‘희년’을 맞이한 이탈리아 : 희년에 대해 베드로 대성당 : 천재들의 숨은 이야기 미켈란젤로, 라파엘로, 베르니니 보르게세 미술관 : 욕심이 만들어낸 최고의 컬렉션 2025 희년에 방문하면 좋은 여행지 강연자 : 김기완 도슨트 ◇ 프랑스 : 오르세 미술관 외 일시 : 2/20 (목) 19:00~20:30 우리가 가장 사랑하는 파리의 미술관 오르세 미술관의 탄생 1874년의 봄 대표적인 인상주의 화가들 놓치면 안 되는 오르세 미술관의 작품들 오르세 미술관이 전하는 예술의 이유 강연자 : 심성아 도슨트 매주 목요일 저녁 7시 CGV 명동역씨네라이브러리에서 특별한 해외예술여행을 떠나보아요. 미드나잇뮤지엄을 만나고 집으로 돌아가는 길은 분명 다른 밤보다 더 빛날 거예요.',0,NULL,2618),
(4021,'[토커바웃아트] 미드나잇뮤지엄-프랑스','2025.02.20',90,'미드나잇 뮤지엄 in 명동역씨네라이브러리 “목요일 저녁 7시 지친 일상을 예술로 달래줄 세계 미술관 투어!” 2025년 극장에서 떠나는 세계 미술관 여행! CGV 명동역씨네라이브러리의 특별한 분위기 속에서 목요일 저녁 7시 여러분을 기다리고 있습니다. ◆ 해외 여행 중 미술관에 꼭 들르는 분! ◆ 바쁜 일상 속 지친 나에게 예술로 생기를 불어넣고 싶은 분! ◆ 세계 미술 여행을 통해 서양미술사를 공부하고 싶으신 분! [회차별 안내] ◇ 일본 : 국립 서양미술관 외 일시 : 1/16 (목) 19:00~20:30 갓 다녀온 일본의 따끈다끈한 소식! 일본의 미술관을 통해 미리 보는 2025년 기대 전시! 근대의 시작 : 클로드 모네 색채의 마술사 : 앙리 마티스 거미로 표현한 내면 : 루이스 부르주아 2025년 국내에서도 만나볼 수 있는 전시 TOP 3 강연자 : 김기완 도슨트 ◇ 스페인 : 프라도 미술관 일시 : 1/23 (목) 19:00~20:30 합스부르크 왕가부터 궁정화가 벨라스케스까지! 왜 프라도 미술관인가? 스페인의 문화적 배경 디에고 벨라스케스, 프란시스 고야, 엘 그레코 놓치면 안되는 프라도 미술관의 주요 작품 프라도 미술관이 전하는 예술의 이유 강연자 : 심성아 도슨트 ◇ 이탈리아 : 보르게세 미술관 외 일시 : 2/6 (목) 19:00~20:30 2024년 이탈리아를 반드시 가야 하는 이유 2025년 ‘희년’을 맞이한 이탈리아 : 희년에 대해 베드로 대성당 : 천재들의 숨은 이야기 미켈란젤로, 라파엘로, 베르니니 보르게세 미술관 : 욕심이 만들어낸 최고의 컬렉션 2025 희년에 방문하면 좋은 여행지 강연자 : 김기완 도슨트 ◇ 프랑스 : 오르세 미술관 외 일시 : 2/20 (목) 19:00~20:30 우리가 가장 사랑하는 파리의 미술관 오르세 미술관의 탄생 1874년의 봄 대표적인 인상주의 화가들 놓치면 안 되는 오르세 미술관의 작품들 오르세 미술관이 전하는 예술의 이유 강연자 : 심성아 도슨트 매주 목요일 저녁 7시 CGV 명동역씨네라이브러리에서 특별한 해외예술여행을 떠나보아요. 미드나잇뮤지엄을 만나고 집으로 돌아가는 길은 분명 다른 밤보다 더 빛날 거예요.',0,NULL,2618),
(4022,'부모 바보','2025.01.08',100,'사회복무요원 ‘영진’과 그의 담당자 사회복지사 ‘진현’. 매일 똑같은 옷을 입고 다니는 영진은 지각이 잦다. 며칠 후 진현은 출근길에 다리 밑에서 나오는 영진과 마주친다. 자초지종을 들어보니 아버지의 집에 본인의 방이 없어, 다리 밑에서 노숙을 하고 있다는 영진. 우선 영진을 자신의 집에서 지내게 한다. 진현은 영진과 지내는 시간이 많아지면서 진현은 점점 마음이 동한다.',0.1,NULL,2618),
(4023,'히트맨2','2025.01.22',118,'‘HITMAN IS BACK!’ 대한민국을 포복절도하게 만든 암살요원, 이번엔 ‘암살요인 준’으로 돌아왔다! 욱해서 그린 웹툰 \'암살요원 준\'의 성공으로 잠깐 흥행 작가가 된 \'준\'은 시즌2 연재 시작과 동시에 순식간에 \'뇌절작가\'로 전락하고, 오히려 망작이 된 시즌2는 \'준\'을 노리는 글로벌한 악당들의 내한 열풍을 일으킨다. 아무것도 모른 채, 다시 한번 대히트를 꿈꾸며 신작 웹툰 연재에 돌입한 \'준\'. 그러나 그의 웹툰을 모방한 테러가 발생하고, 국정원은 다름 아닌 \'준\'을 범인으로 지목하는데… ‘준’의 웹툰은 현실이 된다?! 2025년 더욱 강력해진 툰생툰사 ‘준’의 대히트를 기대하라!',0,NULL,2622);
/*!40000 ALTER TABLE `movie` ENABLE KEYS */;
UNLOCK TABLES;

--
-- Table structure for table `movie_charactor`
--

DROP TABLE IF EXISTS `movie_charactor`;
/*!40101 SET @saved_cs_client     = @@character_set_client */;
/*!40101 SET character_set_client = utf8 */;
CREATE TABLE `movie_charactor` (
  `ch_num` int(10) unsigned NOT NULL,
  `mo_num` int(10) unsigned NOT NULL,
  KEY `ch_num` (`ch_num`),
  KEY `mo_num` (`mo_num`),
  CONSTRAINT `movie_charactor_ibfk_1` FOREIGN KEY (`ch_num`) REFERENCES `charactor` (`ch_num`) ON DELETE CASCADE ON UPDATE CASCADE,
  CONSTRAINT `movie_charactor_ibfk_2` FOREIGN KEY (`mo_num`) REFERENCES `movie` (`mo_num`) ON DELETE CASCADE ON UPDATE CASCADE
) ENGINE=InnoDB DEFAULT CHARSET=utf8mb4 COLLATE=utf8mb4_general_ci;
/*!40101 SET character_set_client = @saved_cs_client */;

--
-- Dumping data for table `movie_charactor`
--

LOCK TABLES `movie_charactor` WRITE;
/*!40000 ALTER TABLE `movie_charactor` DISABLE KEYS */;
INSERT INTO `movie_charactor` VALUES
(2242,3601),
(2243,3601),
(2244,3601),
(2245,3601),
(2246,3601),
(2353,3602),
(2354,3602),
(2256,3602),
(2355,3602),
(2242,3603),
(2250,3603),
(2244,3603),
(2251,3603),
(2252,3603),
(2253,3603),
(2464,3607),
(2465,3607),
(2466,3607),
(2467,3608),
(2468,3608),
(2469,3608),
(2461,3608),
(2470,3608),
(2471,3608),
(2472,3609),
(2473,3609),
(2375,3609),
(2474,3610),
(2475,3610),
(2476,3610),
(2477,3610),
(2254,3611),
(2255,3611),
(2256,3611),
(2257,3611),
(2258,3611),
(2259,3611),
(2260,3611),
(2261,3611),
(2262,3611),
(2263,3612),
(2264,3612),
(2265,3612),
(2266,3613),
(2267,3613),
(2268,3613),
(2269,3613),
(2270,3613),
(2271,3613),
(2272,3613),
(2273,3613),
(2362,3614),
(2363,3614),
(2364,3618),
(2365,3618),
(2366,3618),
(2367,3618),
(2368,3619),
(2369,3619),
(2370,3619),
(2371,3620),
(2372,3620),
(2373,3620),
(2374,3621),
(2375,3621),
(2376,3621),
(2377,3622),
(2378,3622),
(2379,3622),
(2380,3622),
(2381,3622),
(2382,3622),
(2383,3622),
(2384,3623),
(2385,3623),
(2386,3623),
(2387,3623),
(2388,3623),
(2389,3623),
(2390,3623),
(2393,3625),
(2394,3625),
(2395,3625),
(2396,3625),
(2397,3625),
(2398,3625),
(2399,3625),
(2400,3625),
(2401,3625),
(2402,3625),
(2403,3625),
(2404,3625),
(2405,3625),
(2406,3626),
(2407,3626),
(2408,3626),
(2409,3626),
(2420,3627),
(2421,3627),
(2260,3627),
(2422,3627),
(2270,3627),
(2423,3627),
(2424,3627),
(2425,3628),
(2426,3631),
(2427,3631),
(2428,3631),
(2429,3631),
(2430,3632),
(2431,3632),
(2432,3632),
(2433,3632),
(2434,3632),
(2435,3632),
(2346,3632),
(2436,3633),
(2437,3633),
(2438,3633),
(2439,3634),
(2440,3634),
(2441,3634),
(2442,3634),
(2443,3634),
(2444,3634),
(2445,3634),
(2446,3634),
(2447,3635),
(2448,3635),
(2449,3635),
(2450,3635),
(2451,3635),
(2452,3635),
(2453,3635),
(2454,3635),
(2455,3635),
(2331,3635),
(2456,3635),
(2457,3635),
(2458,3635),
(2459,3635),
(2460,3636),
(2461,3636),
(2462,3636),
(2463,3636),
(2497,3637),
(2498,3637),
(2364,3639),
(2365,3639),
(2366,3639),
(2367,3639),
(2499,3640),
(2500,3640),
(2501,3640),
(2502,3640),
(2503,3640),
(2504,3640),
(2505,3640),
(2506,3641),
(2507,3641),
(2508,3641),
(2509,3641),
(2510,3641),
(2511,3641),
(2512,3642),
(2339,3642),
(2513,3642),
(2514,3643),
(2515,3643),
(2516,3643),
(2517,3643),
(2528,3648),
(2274,3649),
(2275,3649),
(2276,3649),
(2277,3649),
(2278,3649),
(2279,3649),
(2280,3649),
(2281,3649),
(2282,3649),
(2283,3649),
(2284,3650),
(2285,3651),
(2286,3651),
(2287,3651),
(2260,3651),
(2288,3651),
(2289,3651),
(2290,3651),
(2291,3651),
(2292,3651),
(2540,3653),
(2541,3653),
(2542,3653),
(2543,3653),
(2544,3653),
(2545,3653),
(2546,3654),
(2547,3654),
(2548,3654),
(2549,3654),
(2550,3654),
(2551,3654),
(2552,3655),
(2553,3655),
(2554,3655),
(2555,3655),
(2556,3655),
(2557,3655),
(2558,3655),
(2559,3655),
(2560,3655),
(2561,3655),
(2562,3655),
(2563,3655),
(2484,3656),
(2478,3657),
(2479,3657),
(2480,3657),
(2481,3657),
(2482,3657),
(2483,3657),
(2242,3658),
(2485,3658),
(2245,3658),
(2486,3658),
(2487,3658),
(2244,3658),
(2418,3658),
(2488,3658),
(2250,3658),
(2489,3658),
(2490,3658),
(2491,3658),
(2492,3658),
(2493,3658),
(2247,3659),
(2248,3659),
(2244,3659),
(2249,3659),
(2496,3659),
(2494,3660),
(2244,3660),
(2495,3660),
(2242,3661),
(2580,3661),
(2243,3661),
(2250,3661),
(2487,3661),
(2244,3661),
(2581,3661),
(2416,3661),
(2582,3661),
(2583,3662),
(2584,3662),
(2585,3663),
(2243,3663),
(2244,3663),
(2245,3663),
(2246,3663),
(2564,3664),
(2565,3664),
(2566,3664),
(2567,3664),
(2568,3664),
(2569,3664),
(2570,3665),
(2571,3665),
(2572,3665),
(2573,3665),
(2574,3665),
(2575,3665),
(2576,3665),
(2577,3665),
(2578,3665),
(2579,3665),
(2293,3666),
(2294,3666),
(2295,3666),
(2296,3666),
(2297,3667),
(2298,3667),
(2299,3667),
(2300,3667),
(2301,3668),
(2302,3668),
(2303,3668),
(2304,3668),
(2305,3668),
(2306,3668),
(2307,3668),
(2308,3669),
(2309,3669),
(2310,3669),
(2311,3670),
(2312,3670),
(2313,3670),
(2314,3670),
(2315,3670),
(2316,3670),
(2317,3670),
(2318,3670),
(2319,3670),
(2320,3670),
(2321,3670),
(2322,3672),
(2323,3672),
(2324,3672),
(2325,3672),
(2326,3672),
(2327,3673),
(2328,3673),
(2329,3673),
(2330,3673),
(2331,3673),
(2332,3673),
(2333,3673),
(2334,3673),
(2335,3674),
(2336,3674),
(2586,3676),
(2587,3676),
(2588,3676),
(2589,3677),
(2590,3677),
(2591,3677),
(2592,3678),
(2593,3678),
(2594,3678),
(2595,3678),
(2596,3678),
(2597,3678),
(2598,3678),
(2599,3679),
(2600,3679),
(2601,3679),
(2602,3680),
(2603,3680),
(2604,3681),
(2605,3681),
(2606,3681),
(2607,3681),
(2608,3681),
(2609,3681),
(2350,3682),
(2351,3682),
(2352,3682),
(2337,3683),
(2338,3683),
(2339,3683),
(2340,3683),
(2341,3683),
(2342,3683),
(2343,3683),
(2247,3684),
(2248,3684),
(2244,3684),
(2249,3684),
(2360,3685),
(2361,3685),
(2344,3686),
(2345,3686),
(2346,3686),
(2347,3686),
(2348,3686),
(2349,3686),
(2356,3687),
(2357,3687),
(2358,3687),
(2359,3687),
(2610,3688),
(2611,3688),
(2612,3688),
(2613,3689),
(2614,3689),
(2615,3689),
(2616,3689),
(2618,3690),
(2619,3690),
(2620,3690),
(2372,3690),
(2621,3691),
(2622,3691),
(2623,3691),
(2624,3691),
(2625,3691),
(2626,3691),
(2627,3691),
(2628,3692),
(2629,3692),
(2623,3692),
(2630,3692),
(2631,3692),
(2632,3692),
(2633,3692),
(2634,3692),
(2635,3692),
(2636,3692),
(2637,3692),
(2638,3692),
(2639,3692),
(2640,3692),
(2641,3692),
(2642,3692),
(2643,3693),
(2644,3693),
(2645,3693),
(2646,3693),
(2647,3693),
(2648,3693),
(2649,3693),
(2650,3693),
(2651,3693),
(2652,3693),
(2653,3693),
(2654,3694),
(2655,3694),
(2656,3694),
(2617,3695),
(2669,3708),
(2670,3708),
(2671,3708),
(2672,3708),
(2673,3709),
(2674,3709),
(2675,3709),
(2676,3709),
(2677,3709),
(2664,3674),
(2391,3724),
(2392,3724),
(2361,3771),
(2690,3839),
(2691,3839),
(2692,3839),
(2693,3839),
(2694,3839),
(2695,3839),
(2696,3850),
(2697,3850),
(2518,3855),
(2244,3855),
(2519,3855),
(2698,3858),
(2699,3858),
(2700,3858),
(2701,3858),
(2702,3859),
(2703,3860),
(2704,3860),
(2705,3860),
(2655,3860),
(2706,3860),
(2707,3860),
(2708,3860),
(2709,3861),
(2710,3861),
(2711,3861),
(2712,3861),
(2713,3862),
(2714,3862),
(2715,3862),
(2718,3867),
(2719,3867),
(2720,3867),
(2721,3867),
(2364,3911),
(2365,3911),
(2366,3911),
(2367,3911),
(2521,3912),
(2522,3912),
(2523,3912),
(2524,3912),
(2525,3912),
(2533,3913),
(2534,3913),
(2535,3913),
(2536,3913),
(2537,3913),
(2538,3913),
(2539,3913),
(2526,3927),
(2689,3927),
(2527,3927),
(2722,3928),
(2723,3928),
(2724,3928),
(2725,3929),
(2392,3929),
(2726,3929),
(2727,3929),
(2520,3930),
(2728,3934),
(2729,3934),
(2730,3934),
(2731,3934),
(2732,3934),
(2733,3953),
(2734,3953),
(2735,3953),
(2736,3953),
(2737,3953),
(2297,3957),
(2716,3974),
(2717,3974),
(2739,3978),
(2740,3978),
(2741,3978),
(2742,3978),
(2743,3978),
(2744,3978),
(2745,3986),
(2746,3986),
(2747,3986),
(2748,3986),
(2749,3986),
(2750,3990),
(2751,3990),
(2752,3990),
(2753,3990),
(2754,3990),
(2410,3605),
(2411,3605),
(2412,3605),
(2529,3638),
(2530,3638),
(2531,3638),
(2532,3638),
(2755,4022),
(2756,4022),
(2757,4022),
(2758,4022),
(2533,4023),
(2534,4023),
(2535,4023),
(2536,4023),
(2537,4023),
(2538,4023),
(2539,4023);
/*!40000 ALTER TABLE `movie_charactor` ENABLE KEYS */;
UNLOCK TABLES;

--
-- Table structure for table `movie_country`
--

DROP TABLE IF EXISTS `movie_country`;
/*!40101 SET @saved_cs_client     = @@character_set_client */;
/*!40101 SET character_set_client = utf8 */;
CREATE TABLE `movie_country` (
  `co_num` int(10) unsigned NOT NULL,
  `mo_num` int(10) unsigned NOT NULL,
  KEY `co_num` (`co_num`),
  KEY `mo_num` (`mo_num`),
  CONSTRAINT `movie_country_ibfk_1` FOREIGN KEY (`co_num`) REFERENCES `country` (`co_num`) ON DELETE CASCADE ON UPDATE CASCADE,
  CONSTRAINT `movie_country_ibfk_2` FOREIGN KEY (`mo_num`) REFERENCES `movie` (`mo_num`) ON DELETE CASCADE ON UPDATE CASCADE
) ENGINE=InnoDB DEFAULT CHARSET=utf8mb4 COLLATE=utf8mb4_general_ci;
/*!40101 SET character_set_client = @saved_cs_client */;

--
-- Dumping data for table `movie_country`
--

LOCK TABLES `movie_country` WRITE;
/*!40000 ALTER TABLE `movie_country` DISABLE KEYS */;
INSERT INTO `movie_country` VALUES
(479,3601),
(481,3602),
(480,3603),
(479,3603),
(486,3606),
(493,3607),
(491,3607),
(481,3608),
(494,3609),
(480,3609),
(481,3610),
(481,3611),
(482,3612),
(483,3613),
(484,3613),
(481,3614),
(481,3616),
(482,3618),
(485,3618),
(481,3619),
(481,3620),
(480,3621),
(481,3622),
(485,3623),
(481,3625),
(486,3626),
(481,3627),
(481,3628),
(481,3629),
(481,3630),
(492,3631),
(485,3632),
(485,3634),
(486,3635),
(481,3636),
(485,3637),
(485,3639),
(482,3639),
(481,3640),
(481,3641),
(485,3642),
(480,3643),
(481,3648),
(485,3649),
(481,3650),
(481,3651),
(482,3653),
(485,3654),
(485,3655),
(486,3657),
(479,3658),
(479,3659),
(479,3660),
(492,3661),
(479,3661),
(481,3662),
(479,3663),
(481,3664),
(485,3665),
(486,3666),
(482,3667),
(485,3668),
(485,3669),
(487,3669),
(481,3670),
(486,3671),
(485,3672),
(486,3673),
(488,3674),
(481,3675),
(481,3676),
(486,3677),
(481,3678),
(482,3679),
(481,3680),
(481,3681),
(485,3682),
(485,3683),
(479,3684),
(481,3685),
(485,3686),
(481,3687),
(496,3689),
(481,3690),
(485,3691),
(482,3691),
(485,3692),
(481,3693),
(480,3694),
(494,3695),
(481,3708),
(485,3709),
(489,3724),
(490,3724),
(483,3724),
(491,3724),
(481,3725),
(481,3771),
(497,3839),
(486,3850),
(481,3851),
(485,3855),
(481,3856),
(481,3857),
(494,3858),
(486,3859),
(485,3860),
(485,3861),
(486,3862),
(481,3867),
(485,3911),
(482,3911),
(486,3912),
(481,3913),
(485,3927),
(495,3927),
(494,3928),
(490,3929),
(481,3930),
(481,3934),
(481,3953),
(480,3957),
(489,3974),
(481,3978),
(481,3985),
(481,3986),
(481,3990),
(498,3605),
(481,4021),
(485,3638),
(482,3638),
(494,3638),
(479,3604),
(481,4022),
(481,4023);
/*!40000 ALTER TABLE `movie_country` ENABLE KEYS */;
UNLOCK TABLES;

--
-- Table structure for table `movie_genere`
--

DROP TABLE IF EXISTS `movie_genere`;
/*!40101 SET @saved_cs_client     = @@character_set_client */;
/*!40101 SET character_set_client = utf8 */;
CREATE TABLE `movie_genere` (
  `ge_num` int(10) unsigned NOT NULL,
  `mo_num` int(10) unsigned NOT NULL,
  KEY `ge_num` (`ge_num`),
  KEY `mo_num` (`mo_num`),
  CONSTRAINT `movie_genere_ibfk_1` FOREIGN KEY (`ge_num`) REFERENCES `genre` (`ge_num`) ON DELETE CASCADE ON UPDATE CASCADE,
  CONSTRAINT `movie_genere_ibfk_2` FOREIGN KEY (`mo_num`) REFERENCES `movie` (`mo_num`) ON DELETE CASCADE ON UPDATE CASCADE
) ENGINE=InnoDB DEFAULT CHARSET=utf8mb4 COLLATE=utf8mb4_general_ci;
/*!40101 SET character_set_client = @saved_cs_client */;

--
-- Dumping data for table `movie_genere`
--

LOCK TABLES `movie_genere` WRITE;
/*!40000 ALTER TABLE `movie_genere` DISABLE KEYS */;
INSERT INTO `movie_genere` VALUES
(986,3601),
(987,3601),
(988,3601),
(986,3602),
(986,3603),
(987,3603),
(988,3603),
(991,3606),
(986,3607),
(994,3608),
(986,3609),
(986,3610),
(991,3611),
(986,3612),
(992,3612),
(993,3613),
(989,3614),
(994,3614),
(986,3615),
(991,3616),
(986,3617),
(996,3617),
(992,3617),
(1000,3618),
(992,3618),
(998,3619),
(987,3620),
(988,3620),
(986,3621),
(990,3622),
(986,3622),
(989,3623),
(1001,3623),
(986,3623),
(986,3625),
(993,3626),
(999,3627),
(993,3628),
(991,3629),
(991,3630),
(986,3631),
(993,3632),
(986,3633),
(996,3633),
(993,3634),
(993,3635),
(999,3635),
(996,3636),
(986,3637),
(992,3639),
(1000,3639),
(986,3640),
(986,3641),
(990,3641),
(986,3642),
(992,3643),
(994,3643),
(998,3648),
(986,3649),
(991,3650),
(986,3651),
(996,3653),
(987,3653),
(988,3653),
(1002,3654),
(999,3654),
(986,3654),
(989,3655),
(1002,3655),
(992,3655),
(986,3656),
(992,3656),
(993,3657),
(986,3658),
(986,3659),
(990,3660),
(994,3660),
(989,3661),
(986,3661),
(998,3662),
(986,3663),
(1003,3664),
(996,3664),
(986,3664),
(993,3665),
(990,3665),
(989,3665),
(993,3666),
(994,3667),
(992,3668),
(995,3668),
(993,3669),
(986,3670),
(996,3670),
(991,3671),
(989,3672),
(997,3672),
(992,3672),
(993,3673),
(986,3674),
(998,3675),
(986,3676),
(993,3677),
(999,3677),
(986,3678),
(996,3679),
(986,3679),
(987,3680),
(988,3680),
(986,3681),
(986,3682),
(999,3683),
(989,3684),
(990,3684),
(991,3685),
(999,3686),
(989,3686),
(986,3687),
(986,3688),
(986,3689),
(997,3690),
(994,3690),
(989,3691),
(1004,3691),
(993,3692),
(998,3693),
(993,3693),
(989,3694),
(992,3694),
(998,3695),
(986,3708),
(1003,3709),
(995,3709),
(994,3724),
(991,3725),
(991,3726),
(991,3728),
(991,3771),
(993,3839),
(998,3850),
(991,3851),
(987,3855),
(988,3855),
(991,3856),
(991,3857),
(986,3858),
(993,3859),
(997,3860),
(997,3861),
(1000,3861),
(986,3862),
(992,3867),
(987,3867),
(988,3867),
(992,3911),
(1000,3911),
(993,3912),
(996,3913),
(986,3927),
(998,3928),
(986,3929),
(997,3929),
(1000,3929),
(996,3930),
(993,3934),
(996,3953),
(999,3957),
(993,3974),
(990,3978),
(986,3978),
(991,3985),
(986,3986),
(986,3990),
(1005,3605),
(991,4017),
(991,4018),
(991,4019),
(991,4020),
(991,4021),
(986,3638),
(989,3638),
(986,3604),
(989,3604),
(986,4022),
(996,4023);
/*!40000 ALTER TABLE `movie_genere` ENABLE KEYS */;
UNLOCK TABLES;

--
-- Table structure for table `movie_image`
--

DROP TABLE IF EXISTS `movie_image`;
/*!40101 SET @saved_cs_client     = @@character_set_client */;
/*!40101 SET character_set_client = utf8 */;
CREATE TABLE `movie_image` (
  `m_img_num` int(10) unsigned NOT NULL AUTO_INCREMENT,
  `m_img_url` varchar(255) NOT NULL,
  `mo_num` int(10) unsigned NOT NULL,
  PRIMARY KEY (`m_img_num`),
  KEY `mo_num` (`mo_num`),
  CONSTRAINT `movie_image_ibfk_1` FOREIGN KEY (`mo_num`) REFERENCES `movie` (`mo_num`) ON DELETE CASCADE ON UPDATE CASCADE
) ENGINE=InnoDB AUTO_INCREMENT=3259 DEFAULT CHARSET=utf8mb4 COLLATE=utf8mb4_general_ci;
/*!40101 SET character_set_client = @saved_cs_client */;

--
-- Dumping data for table `movie_image`
--

LOCK TABLES `movie_image` WRITE;
/*!40000 ALTER TABLE `movie_image` DISABLE KEYS */;
INSERT INTO `movie_image` VALUES
(2836,'https://img.cgv.co.kr/Movie/Thumbnail/Poster/000084/84262/84262_320.jpg',3601),
(2837,'https://img.cgv.co.kr/Movie/Thumbnail/Poster/000089/89075/89075_320.jpg',3602),
(2838,'https://img.cgv.co.kr/Movie/Thumbnail/Poster/000083/83963/83963_320.jpg',3603),
(2839,'https://img.cgv.co.kr/Movie/Thumbnail/Poster/000084/84277/84277_320.jpg',3604),
(2840,'https://img.cgv.co.kr/Movie/Thumbnail/Poster/000077/77925/77925_320.jpg',3605),
(2841,'https://img.cgv.co.kr/Movie/Thumbnail/Poster/000089/89288/89288_320.jpg',3606),
(2842,'https://img.cgv.co.kr/Movie/Thumbnail/Poster/000089/89102/89102_320.jpg',3607),
(2843,'https://img.cgv.co.kr/Movie/Thumbnail/Poster/000088/88920/88920_320.jpg',3608),
(2844,'https://img.cgv.co.kr/Movie/Thumbnail/Poster/000089/89307/89307_320.jpg',3609),
(2845,'https://img.cgv.co.kr/Movie/Thumbnail/Poster/000089/89063/89063_320.jpg',3610),
(2846,'https://img.cgv.co.kr/Movie/Thumbnail/Poster/000088/88797/88797_320.jpg',3611),
(2847,'https://img.cgv.co.kr/Movie/Thumbnail/Poster/000089/89286/89286_320.jpg',3612),
(2848,'https://img.cgv.co.kr/Movie/Thumbnail/Poster/000089/89112/89112_320.jpg',3613),
(2849,'https://img.cgv.co.kr/Movie/Thumbnail/Poster/000089/89319/89319_320.jpg',3614),
(2850,'https://img.cgv.co.kr/Movie/Thumbnail/Poster/000089/89358/89358_320.jpg',3615),
(2851,'https://img.cgv.co.kr/Movie/Thumbnail/Poster/000089/89360/89360_320.jpg',3616),
(2852,'https://img.cgv.co.kr/Movie/Thumbnail/Poster/000089/89325/89325_320.jpg',3617),
(2853,'https://img.cgv.co.kr/Movie/Thumbnail/Poster/000039/39375/39375_320.jpg',3618),
(2854,'https://img.cgv.co.kr/Movie/Thumbnail/Poster/000089/89328/89328_320.jpg',3619),
(2855,'https://img.cgv.co.kr/Movie/Thumbnail/Poster/000089/89363/89363_320.jpg',3620),
(2856,'https://img.cgv.co.kr/Movie/Thumbnail/Poster/000089/89320/89320_320.jpg',3621),
(2857,'https://img.cgv.co.kr/Movie/Thumbnail/Poster/000089/89330/89330_320.jpg',3622),
(2858,'https://img.cgv.co.kr/Movie/Thumbnail/Poster/000089/89311/89311_320.jpg',3623),
(2860,'https://img.cgv.co.kr/Movie/Thumbnail/Poster/000089/89108/89108_320.jpg',3625),
(2861,'https://img.cgv.co.kr/Movie/Thumbnail/Poster/000088/88712/88712_320.jpg',3626),
(2862,'https://img.cgv.co.kr/Movie/Thumbnail/Poster/000088/88039/88039_320.jpg',3627),
(2863,'https://img.cgv.co.kr/Movie/Thumbnail/Poster/000089/89099/89099_320.jpg',3628),
(2864,'https://img.cgv.co.kr/Movie/Thumbnail/Poster/000089/89372/89372_320.jpg',3629),
(2865,'https://img.cgv.co.kr/Movie/Thumbnail/Poster/000089/89373/89373_320.jpg',3630),
(2866,'https://img.cgv.co.kr/Movie/Thumbnail/Poster/000089/89364/89364_320.jpg',3631),
(2867,'https://img.cgv.co.kr/Movie/Thumbnail/Poster/000089/89323/89323_320.jpg',3632),
(2868,'https://img.cgv.co.kr/Movie/Thumbnail/Poster/000089/89314/89314_320.jpg',3633),
(2869,'https://img.cgv.co.kr/Movie/Thumbnail/Poster/000089/89321/89321_320.jpg',3634),
(2870,'https://img.cgv.co.kr/Movie/Thumbnail/Poster/000089/89322/89322_320.jpg',3635),
(2871,'https://img.cgv.co.kr/Movie/Thumbnail/Poster/000089/89336/89336_320.jpg',3636),
(2872,'https://img.cgv.co.kr/Movie/Thumbnail/Poster/000089/89365/89365_320.jpg',3637),
(2873,'https://img.cgv.co.kr/Movie/Thumbnail/Poster/000089/89361/89361_320.jpg',3638),
(2874,'https://img.cgv.co.kr/Movie/Thumbnail/Poster/000039/39614/39614_320.jpg',3639),
(2875,'https://img.cgv.co.kr/Movie/Thumbnail/Poster/000089/89356/89356_320.jpg',3640),
(2876,'https://img.cgv.co.kr/Movie/Thumbnail/Poster/000089/89368/89368_320.jpg',3641),
(2877,'https://img.cgv.co.kr/Movie/Thumbnail/Poster/000089/89366/89366_320.jpg',3642),
(2878,'https://img.cgv.co.kr/Movie/Thumbnail/Poster/000087/87984/87984_320.jpg',3643),
(2883,'https://img.cgv.co.kr/Movie/Thumbnail/Poster/000089/89308/89308_320.jpg',3648),
(2884,'https://img.cgv.co.kr/Movie/Thumbnail/Poster/000089/89329/89329_320.jpg',3649),
(2885,'https://img.cgv.co.kr/Movie/Thumbnail/Poster/000089/89292/89292_320.jpg',3650),
(2886,'https://img.cgv.co.kr/Movie/Thumbnail/Poster/000088/88992/88992_320.jpg',3651),
(2888,'https://img.cgv.co.kr/Movie/Thumbnail/Poster/000089/89362/89362_320.jpg',3653),
(2889,'https://img.cgv.co.kr/Movie/Thumbnail/Poster/000089/89058/89058_320.jpg',3654),
(2890,'https://img.cgv.co.kr/Movie/Thumbnail/Poster/000089/89315/89315_320.jpg',3655),
(2891,'https://img.cgv.co.kr/Movie/Thumbnail/Poster/000089/89317/89317_320.jpg',3656),
(2892,'https://img.cgv.co.kr/Movie/Thumbnail/Poster/000089/89066/89066_320.jpg',3657),
(2893,'https://img.cgv.co.kr/Movie/Thumbnail/Poster/000084/84281/84281_320.jpg',3658),
(2894,'https://img.cgv.co.kr/Movie/Thumbnail/Poster/000089/89303/89303_320.jpg',3659),
(2895,'https://img.cgv.co.kr/Movie/Thumbnail/Poster/000089/89301/89301_320.jpg',3660),
(2896,'https://img.cgv.co.kr/Movie/Thumbnail/Poster/000083/83318/83318_320.jpg',3661),
(2897,'https://img.cgv.co.kr/Movie/Thumbnail/Poster/000089/89273/89273_320.jpg',3662),
(2898,'https://img.cgv.co.kr/Movie/Thumbnail/Poster/000084/84284/84284_320.jpg',3663),
(2899,'https://img.cgv.co.kr/Movie/Thumbnail/Poster/000089/89304/89304_320.jpg',3664),
(2900,'https://img.cgv.co.kr/Movie/Thumbnail/Poster/000089/89334/89334_320.jpg',3665),
(2901,'https://img.cgv.co.kr/Movie/Thumbnail/Poster/000089/89106/89106_320.jpg',3666),
(2902,'https://img.cgv.co.kr/Movie/Thumbnail/Poster/000088/88985/88985_320.jpg',3667),
(2903,'https://img.cgv.co.kr/Movie/Thumbnail/Poster/000088/88076/88076_320.jpg',3668),
(2904,'https://img.cgv.co.kr/Movie/Thumbnail/Poster/000088/88381/88381_320.jpg',3669),
(2905,'https://img.cgv.co.kr/Movie/Thumbnail/Poster/000089/89072/89072_320.jpg',3670),
(2906,'https://img.cgv.co.kr/Movie/Thumbnail/Poster/000088/88993/88993_320.jpg',3671),
(2907,'https://img.cgv.co.kr/Movie/Thumbnail/Poster/000089/89103/89103_320.jpg',3672),
(2908,'https://img.cgv.co.kr/Movie/Thumbnail/Poster/000085/85603/85603_320.jpg',3673),
(2909,'https://img.cgv.co.kr/Movie/Thumbnail/Poster/000080/80096/80096_320.jpg',3674),
(2910,'https://img.cgv.co.kr/Movie/Thumbnail/Poster/000089/89335/89335_320.jpg',3675),
(2911,'https://img.cgv.co.kr/Movie/Thumbnail/Poster/000088/88989/88989_320.jpg',3676),
(2912,'https://img.cgv.co.kr/Movie/Thumbnail/Poster/000089/89313/89313_320.jpg',3677),
(2913,'https://img.cgv.co.kr/Movie/Thumbnail/Poster/000088/88988/88988_320.jpg',3678),
(2914,'https://img.cgv.co.kr/Movie/Thumbnail/Poster/000089/89312/89312_320.jpg',3679),
(2915,'https://img.cgv.co.kr/Movie/Thumbnail/Poster/000089/89294/89294_320.jpg',3680),
(2916,'https://img.cgv.co.kr/Movie/Thumbnail/Poster/000088/88872/88872_320.jpg',3681),
(2917,'https://img.cgv.co.kr/Movie/Thumbnail/Poster/000089/89105/89105_320.jpg',3682),
(2918,'https://img.cgv.co.kr/Movie/Thumbnail/Poster/000077/77372/77372_320.jpg',3683),
(2919,'https://img.cgv.co.kr/Movie/Thumbnail/Poster/000089/89302/89302_320.jpg',3684),
(2920,'https://img.cgv.co.kr/Movie/Thumbnail/Poster/000089/89295/89295_320.jpg',3685),
(2921,'https://img.cgv.co.kr/Movie/Thumbnail/Poster/000085/85541/85541_320.jpg',3686),
(2922,'https://img.cgv.co.kr/Movie/Thumbnail/Poster/000089/89289/89289_320.jpg',3687),
(2923,'https://img.cgv.co.kr/Movie/Thumbnail/Poster/000089/89326/89326_320.jpg',3688),
(2924,'https://img.cgv.co.kr/Movie/Thumbnail/Poster/000088/88844/88844_320.jpg',3689),
(2925,'https://img.cgv.co.kr/Movie/Thumbnail/Poster/000089/89097/89097_320.jpg',3690),
(2926,'https://img.cgv.co.kr/Movie/Thumbnail/Poster/000088/88459/88459_320.jpg',3691),
(2927,'https://img.cgv.co.kr/Movie/Thumbnail/Poster/000088/88137/88137_320.jpg',3692),
(2928,'https://img.cgv.co.kr/Movie/Thumbnail/Poster/000088/88628/88628_320.jpg',3693),
(2929,'https://img.cgv.co.kr/Movie/Thumbnail/Poster/000089/89310/89310_320.jpg',3694),
(2930,'https://img.cgv.co.kr/Movie/Thumbnail/Poster/000089/89300/89300_320.jpg',3695),
(2943,'https://img.cgv.co.kr/Movie/Thumbnail/Poster/000088/88847/88847_320.jpg',3708),
(2944,'https://img.cgv.co.kr/Movie/Thumbnail/Poster/000088/88816/88816_320.jpg',3709),
(2959,'https://img.cgv.co.kr/Movie/Thumbnail/Poster/000089/89217/89217_320.jpg',3724),
(2960,'https://img.cgv.co.kr/Movie/Thumbnail/Poster/000089/89377/89377_320.jpg',3725),
(2961,'https://img.cgv.co.kr/Movie/Thumbnail/Poster/000089/89376/89376_320.jpg',3726),
(2963,'https://img.cgv.co.kr/Movie/Thumbnail/Poster/000089/89092/89092_320.jpg',3728),
(3006,'https://img.cgv.co.kr/Movie/Thumbnail/Poster/000089/89383/89383_320.jpg',3771),
(3074,'https://img.cgv.co.kr/Movie/Thumbnail/Poster/000088/88812/88812_320.jpg',3839),
(3085,'https://img.cgv.co.kr/Movie/Thumbnail/Poster/000087/87902/87902_320.jpg',3850),
(3086,'https://img.cgv.co.kr/Movie/Thumbnail/Poster/000089/89377/89377_320.jpg',3851),
(3090,'https://img.cgv.co.kr/Movie/Thumbnail/Poster/000089/89324/89324_320.jpg',3855),
(3091,'https://img.cgv.co.kr/Movie/Thumbnail/Poster/000089/89372/89372_320.jpg',3856),
(3092,'https://img.cgv.co.kr/Movie/Thumbnail/Poster/000089/89373/89373_320.jpg',3857),
(3093,'https://img.cgv.co.kr/Movie/Thumbnail/Poster/000089/89381/89381_320.jpg',3858),
(3094,'https://img.cgv.co.kr/Movie/Thumbnail/Poster/000086/86720/86720_320.jpg',3859),
(3095,'https://img.cgv.co.kr/Movie/Thumbnail/Poster/000089/89380/89380_320.jpg',3860),
(3096,'https://img.cgv.co.kr/Movie/Thumbnail/Poster/000089/89379/89379_320.jpg',3861),
(3097,'https://img.cgv.co.kr/Movie/Thumbnail/Poster/000089/89374/89374_320.jpg',3862),
(3102,'https://img.cgv.co.kr/Movie/Thumbnail/Poster/000089/89375/89375_320.jpg',3867),
(3146,'https://img.cgv.co.kr/Movie/Thumbnail/Poster/000039/39614/39614_320.jpg',3911),
(3147,'https://img.cgv.co.kr/Movie/Thumbnail/Poster/000089/89332/89332_320.jpg',3912),
(3148,'https://img.cgv.co.kr/Movie/Thumbnail/Poster/000089/89367/89367_320.jpg',3913),
(3162,'https://img.cgv.co.kr/Movie/Thumbnail/Poster/000089/89056/89056_320.jpg',3927),
(3163,'https://img.cgv.co.kr/Movie/Thumbnail/Poster/000089/89385/89385_320.jpg',3928),
(3164,'https://img.cgv.co.kr/Movie/Thumbnail/Poster/000089/89384/89384_320.jpg',3929),
(3165,'https://img.cgv.co.kr/Movie/Thumbnail/Poster/000089/89357/89357_320.jpg',3930),
(3169,'https://img.cgv.co.kr/Movie/Thumbnail/Poster/000089/89386/89386_320.jpg',3934),
(3188,'https://img.cgv.co.kr/Movie/Thumbnail/Poster/000088/88876/88876_320.jpg',3953),
(3192,'https://img.cgv.co.kr/Movie/Thumbnail/Poster/000089/89388/89388_320.jpg',3957),
(3209,'https://img.cgv.co.kr/Movie/Thumbnail/Poster/000089/89378/89378_320.jpg',3974),
(3213,'https://img.cgv.co.kr/Movie/Thumbnail/Poster/000089/89389/89389_320.jpg',3978),
(3220,'https://img.cgv.co.kr/Movie/Thumbnail/Poster/000089/89387/89387_320.jpg',3985),
(3221,'https://img.cgv.co.kr/Movie/Thumbnail/Poster/000089/89391/89391_320.jpg',3986),
(3225,'https://img.cgv.co.kr/Movie/Thumbnail/Poster/000089/89392/89392_320.jpg',3990),
(3252,'https://img.cgv.co.kr/Movie/Thumbnail/Poster/000089/89393/89393_320.jpg',4017),
(3253,'https://img.cgv.co.kr/Movie/Thumbnail/Poster/000086/86142/86142_320.jpg',4018),
(3254,'https://img.cgv.co.kr/Movie/Thumbnail/Poster/000089/89394/89394_320.jpg',4019),
(3255,'https://img.cgv.co.kr/Movie/Thumbnail/Poster/000089/89395/89395_320.jpg',4020),
(3256,'https://img.cgv.co.kr/Movie/Thumbnail/Poster/000089/89396/89396_320.jpg',4021),
(3257,'https://img.cgv.co.kr/Movie/Thumbnail/Poster/000089/89397/89397_320.jpg',4022),
(3258,'https://img.cgv.co.kr/Movie/Thumbnail/Poster/000089/89367/89367_320.jpg',4023);
/*!40000 ALTER TABLE `movie_image` ENABLE KEYS */;
UNLOCK TABLES;

--
-- Table structure for table `payment`
--

DROP TABLE IF EXISTS `payment`;
/*!40101 SET @saved_cs_client     = @@character_set_client */;
/*!40101 SET character_set_client = utf8 */;
CREATE TABLE `payment` (
  `pa_num` int(10) unsigned NOT NULL AUTO_INCREMENT,
  `pa_price` int(10) unsigned NOT NULL,
  `pa_state` tinyint(1) NOT NULL,
  `pa_created_at` datetime NOT NULL DEFAULT current_timestamp(),
  `pa_deleted_at` datetime DEFAULT NULL,
  `us_num` int(10) unsigned NOT NULL,
  `me_num` int(10) unsigned NOT NULL,
  PRIMARY KEY (`pa_num`),
  KEY `us_num` (`us_num`),
  KEY `me_num` (`me_num`),
  CONSTRAINT `payment_ibfk_1` FOREIGN KEY (`us_num`) REFERENCES `user` (`us_num`) ON DELETE CASCADE ON UPDATE CASCADE,
  CONSTRAINT `payment_ibfk_2` FOREIGN KEY (`me_num`) REFERENCES `method` (`me_num`) ON DELETE CASCADE ON UPDATE CASCADE
) ENGINE=InnoDB AUTO_INCREMENT=287 DEFAULT CHARSET=utf8mb4 COLLATE=utf8mb4_general_ci;
/*!40101 SET character_set_client = @saved_cs_client */;

--
-- Dumping data for table `payment`
--

LOCK TABLES `payment` WRITE;
/*!40000 ALTER TABLE `payment` DISABLE KEYS */;
INSERT INTO `payment` VALUES
(30,42000,1,'2024-12-19 17:47:07',NULL,9999,3),
(31,28000,1,'2024-12-20 11:00:31',NULL,9999,4),
(32,28000,1,'2024-12-20 11:54:33',NULL,9999,3),
(33,28000,1,'2024-12-20 11:54:33',NULL,9999,3),
(35,28000,1,'2024-12-20 12:14:18',NULL,9999,3),
(36,42000,1,'2024-12-20 12:17:14',NULL,9999,3),
(37,42000,1,'2024-12-20 14:22:10',NULL,9999,3),
(38,28000,1,'2024-12-20 14:25:03',NULL,9999,4),
(39,28000,1,'2024-12-20 14:47:19',NULL,9999,3),
(40,28000,1,'2024-12-20 14:47:19',NULL,9999,3),
(41,70000,1,'2024-12-20 14:50:22',NULL,9999,5),
(42,70000,1,'2024-12-20 14:50:22',NULL,9999,5),
(43,28000,1,'2024-12-20 14:57:14',NULL,9999,4),
(236,14000,1,'2024-12-26 12:36:39',NULL,2,1),
(237,14000,1,'2024-12-26 12:37:57',NULL,2,1),
(238,112000,1,'2024-12-26 13:50:28',NULL,2,5),
(239,14000,1,'2024-12-26 17:54:05',NULL,39,3),
(240,14000,1,'2024-12-26 17:54:07',NULL,39,3),
(241,28000,1,'2024-12-27 16:41:09',NULL,2,1),
(242,42000,1,'2024-12-27 16:43:27',NULL,2,1),
(243,28000,1,'2024-12-27 16:47:16',NULL,2,1),
(244,28000,1,'2024-12-27 16:50:03',NULL,2,1),
(245,28000,1,'2024-12-27 16:54:29',NULL,2,3),
(246,14000,1,'2024-12-27 16:55:53',NULL,2,1),
(247,28000,1,'2024-12-27 16:59:38',NULL,2,1),
(250,28000,1,'2024-12-27 17:03:00',NULL,2,1),
(251,28000,1,'2024-12-27 17:04:52',NULL,2,1),
(252,28000,1,'2024-12-27 17:09:24',NULL,2,1),
(253,28000,0,'2024-12-28 14:43:00','2024-12-30 17:07:07',2,3),
(254,28000,1,'2024-12-28 18:19:09',NULL,40,5),
(255,38000,1,'2024-12-28 18:37:42',NULL,2,1),
(256,14000,1,'2024-12-30 12:32:03',NULL,39,1),
(257,28000,0,'2024-12-30 15:19:45','2024-12-30 17:08:52',2,3),
(258,28000,0,'2024-12-30 16:18:23','2024-12-30 17:10:35',2,3),
(259,56000,0,'2024-12-31 10:39:04','2024-12-31 10:45:47',39,2),
(260,28000,1,'2024-12-31 10:42:49',NULL,39,2),
(261,14000,1,'2024-12-31 10:45:28',NULL,39,2),
(262,42000,1,'2024-12-31 11:06:45',NULL,2,2),
(263,28000,0,'2025-01-02 16:08:46','2025-01-02 17:16:35',9999,2),
(264,28000,0,'2025-01-02 16:15:18','2025-01-02 16:23:39',9999,1),
(265,70000,0,'2025-01-02 17:04:39','2025-01-02 17:14:27',9999,3),
(266,70000,0,'2025-01-02 17:17:19','2025-01-02 17:17:59',9999,1),
(267,70000,1,'2025-01-02 17:33:05',NULL,9999,4),
(268,56000,1,'2025-01-02 17:37:42',NULL,9999,4),
(269,56000,1,'2025-01-02 17:41:37',NULL,9999,4),
(270,28000,1,'2025-01-02 17:42:09',NULL,9999,4),
(271,28000,1,'2025-01-02 17:42:53',NULL,9999,3),
(272,28000,1,'2025-01-02 17:43:23',NULL,9999,5),
(273,70000,0,'2025-01-02 17:43:57','2025-01-02 17:44:20',9999,4),
(274,70000,0,'2025-01-02 17:45:08','2025-01-02 17:45:48',9999,4),
(275,70000,1,'2025-01-02 17:46:19',NULL,9999,4),
(276,34000,1,'2025-01-02 17:47:43',NULL,9999,3),
(277,28000,1,'2025-01-02 17:55:59',NULL,39,2),
(278,28000,1,'2025-01-02 17:57:25',NULL,39,2),
(279,42000,1,'2025-01-02 17:59:29',NULL,39,3),
(280,70000,1,'2025-01-02 18:00:40',NULL,39,3),
(281,28000,1,'2025-01-02 18:01:56',NULL,39,3),
(282,28000,1,'2025-01-02 18:04:38',NULL,39,2),
(283,14000,1,'2025-01-03 12:00:14',NULL,39,1),
(284,14000,0,'2025-01-03 12:10:29','2025-01-03 12:14:58',39,1),
(285,14000,1,'2025-01-03 14:33:53',NULL,39,2),
(286,14000,1,'2025-01-03 15:20:27',NULL,39,1);
/*!40000 ALTER TABLE `payment` ENABLE KEYS */;
UNLOCK TABLES;

--
-- Table structure for table `rating`
--

DROP TABLE IF EXISTS `rating`;
/*!40101 SET @saved_cs_client     = @@character_set_client */;
/*!40101 SET character_set_client = utf8 */;
CREATE TABLE `rating` (
  `ra_num` int(10) unsigned NOT NULL AUTO_INCREMENT,
  `ra_grade` varchar(10) NOT NULL,
  PRIMARY KEY (`ra_num`)
) ENGINE=InnoDB AUTO_INCREMENT=2623 DEFAULT CHARSET=utf8mb4 COLLATE=utf8mb4_general_ci;
/*!40101 SET character_set_client = @saved_cs_client */;

--
-- Dumping data for table `rating`
--

LOCK TABLES `rating` WRITE;
/*!40000 ALTER TABLE `rating` DISABLE KEYS */;
INSERT INTO `rating` VALUES
(2618,'15세이상관람가'),
(2619,'12세이상관람가'),
(2620,'전체관람가'),
(2621,'청소년관람불가'),
(2622,'미정');
/*!40000 ALTER TABLE `rating` ENABLE KEYS */;
UNLOCK TABLES;

--
-- Table structure for table `region`
--

DROP TABLE IF EXISTS `region`;
/*!40101 SET @saved_cs_client     = @@character_set_client */;
/*!40101 SET character_set_client = utf8 */;
CREATE TABLE `region` (
  `reg_num` int(10) unsigned NOT NULL AUTO_INCREMENT,
  `reg_name` varchar(10) NOT NULL,
  PRIMARY KEY (`reg_num`)
) ENGINE=InnoDB AUTO_INCREMENT=10 DEFAULT CHARSET=utf8mb4 COLLATE=utf8mb4_general_ci;
/*!40101 SET character_set_client = @saved_cs_client */;

--
-- Dumping data for table `region`
--

LOCK TABLES `region` WRITE;
/*!40000 ALTER TABLE `region` DISABLE KEYS */;
INSERT INTO `region` VALUES
(1,'서울'),
(2,'경기'),
(3,'인천'),
(4,'강원'),
(5,'대전/충청'),
(6,'대구'),
(7,'부산/울산'),
(8,'경상'),
(9,'광주/전라/제주');
/*!40000 ALTER TABLE `region` ENABLE KEYS */;
UNLOCK TABLES;

--
-- Table structure for table `reservation`
--

DROP TABLE IF EXISTS `reservation`;
/*!40101 SET @saved_cs_client     = @@character_set_client */;
/*!40101 SET character_set_client = utf8 */;
CREATE TABLE `reservation` (
  `re_num` int(10) unsigned NOT NULL AUTO_INCREMENT,
  `sc_num` int(10) unsigned NOT NULL,
  `se_num` int(10) unsigned NOT NULL,
  `pa_num` int(10) unsigned NOT NULL,
  PRIMARY KEY (`re_num`),
  KEY `sc_num` (`sc_num`),
  KEY `se_num` (`se_num`),
  KEY `pa_num` (`pa_num`),
  CONSTRAINT `reservation_ibfk_1` FOREIGN KEY (`sc_num`) REFERENCES `screen` (`sc_num`) ON DELETE CASCADE ON UPDATE CASCADE,
  CONSTRAINT `reservation_ibfk_2` FOREIGN KEY (`se_num`) REFERENCES `seat` (`se_num`) ON DELETE CASCADE ON UPDATE CASCADE,
  CONSTRAINT `reservation_ibfk_3` FOREIGN KEY (`pa_num`) REFERENCES `payment` (`pa_num`) ON DELETE CASCADE ON UPDATE CASCADE
) ENGINE=InnoDB AUTO_INCREMENT=350 DEFAULT CHARSET=utf8mb4 COLLATE=utf8mb4_general_ci;
/*!40101 SET character_set_client = @saved_cs_client */;

--
-- Dumping data for table `reservation`
--

LOCK TABLES `reservation` WRITE;
/*!40000 ALTER TABLE `reservation` DISABLE KEYS */;
INSERT INTO `reservation` VALUES
(40,4551,989,30),
(41,4551,988,30),
(42,4551,973,30),
(43,3857,12,31),
(44,3857,28,31),
(45,3856,303,32),
(47,3856,299,32),
(49,3876,72,33),
(50,3876,60,33),
(51,4198,497,35),
(52,4198,509,35),
(53,4020,61,36),
(54,4020,45,36),
(55,4020,59,36),
(56,3876,53,37),
(57,3876,69,37),
(58,3876,47,37),
(59,3876,52,38),
(60,3876,41,38),
(61,3876,51,39),
(62,3876,43,39),
(63,3876,42,41),
(64,3876,44,41),
(65,3876,45,41),
(66,3876,46,41),
(67,3876,48,41),
(68,3876,49,43),
(69,3876,50,43),
(70,3876,54,40),
(85,3876,68,42),
(86,3876,70,42),
(87,3876,71,42),
(223,7932,1321,236),
(224,6158,1081,237),
(225,5267,1953,238),
(226,5267,1954,238),
(227,5267,1955,238),
(228,5267,1956,238),
(229,5267,1957,238),
(230,5267,1958,238),
(231,5267,1959,238),
(232,5267,1960,238),
(233,4050,41,239),
(234,4050,41,240),
(235,8817,1391,241),
(236,8817,1373,241),
(237,7914,893,242),
(238,7914,900,242),
(239,7914,916,242),
(240,7367,901,243),
(241,7367,900,243),
(242,9028,1701,244),
(243,9028,1684,244),
(244,8022,2171,245),
(245,8022,2175,245),
(246,8394,2174,246),
(247,6830,1018,247),
(248,6830,1013,247),
(253,7931,1243,250),
(254,7931,1254,250),
(255,6907,1411,251),
(256,6907,1430,251),
(257,9107,2172,252),
(258,9107,2190,252),
(259,8248,708,253),
(260,8248,709,253),
(261,8749,1131,254),
(262,8749,1132,254),
(263,8186,763,255),
(264,8186,780,255),
(265,8587,401,256),
(266,9130,2171,257),
(267,9130,2175,257),
(268,9895,981,258),
(269,9895,1000,258),
(270,8521,58,259),
(271,8521,67,259),
(272,8521,76,259),
(273,8521,49,259),
(274,9570,282,260),
(275,9570,291,260),
(276,8521,51,261),
(277,9434,1173,262),
(278,9434,1182,262),
(279,9434,1189,262),
(280,10984,1022,263),
(281,10984,1019,263),
(282,10683,932,264),
(283,10683,952,264),
(284,9803,557,265),
(285,9803,523,265),
(286,9803,526,265),
(287,9803,539,265),
(288,9803,551,265),
(289,9803,540,266),
(290,9803,534,266),
(291,9803,559,266),
(292,9803,529,266),
(293,9803,522,266),
(294,9803,531,267),
(295,9803,543,267),
(296,9803,559,267),
(297,9803,555,267),
(298,9803,534,267),
(299,9803,521,268),
(300,9803,523,268),
(301,9803,524,268),
(302,9803,522,268),
(303,9803,525,269),
(304,9803,526,269),
(305,9803,527,269),
(306,9803,528,269),
(307,9803,530,270),
(308,9803,529,270),
(309,9803,532,271),
(310,9803,533,271),
(311,9803,535,272),
(312,9803,536,272),
(313,9803,537,273),
(314,9803,538,273),
(315,9803,539,273),
(316,9803,540,273),
(317,9803,541,273),
(318,9803,538,274),
(319,9803,537,274),
(320,9803,539,274),
(321,9803,540,274),
(322,9803,541,274),
(323,9803,537,275),
(324,9803,538,275),
(325,9803,539,275),
(326,9803,540,275),
(327,9803,541,275),
(328,11106,1507,276),
(329,11106,1493,276),
(330,9803,542,277),
(331,9803,544,277),
(332,9803,547,278),
(333,9803,548,278),
(334,9803,545,279),
(335,9803,546,279),
(336,9803,553,279),
(337,10585,530,280),
(338,10585,539,280),
(339,10585,548,280),
(340,10585,550,280),
(341,10585,557,280),
(342,9803,554,281),
(343,9803,556,281),
(344,9387,561,282),
(345,9387,562,282),
(346,10455,281,283),
(347,10455,282,284),
(348,10613,681,285),
(349,9272,41,286);
/*!40000 ALTER TABLE `reservation` ENABLE KEYS */;
UNLOCK TABLES;

--
-- Table structure for table `review`
--

DROP TABLE IF EXISTS `review`;
/*!40101 SET @saved_cs_client     = @@character_set_client */;
/*!40101 SET character_set_client = utf8 */;
CREATE TABLE `review` (
  `re_num` int(10) unsigned NOT NULL AUTO_INCREMENT,
  `re_content` varchar(300) NOT NULL,
  `re_created_at` datetime NOT NULL,
  `re_updated_at` datetime DEFAULT NULL,
  `re_deleted_at` datetime DEFAULT NULL,
  `mo_num` int(10) unsigned NOT NULL,
  `us_num` int(10) unsigned NOT NULL,
  `re_liked` int(11) NOT NULL DEFAULT 0,
  PRIMARY KEY (`re_num`),
  KEY `mo_num` (`mo_num`),
  KEY `us_num` (`us_num`),
  CONSTRAINT `review_ibfk_1` FOREIGN KEY (`mo_num`) REFERENCES `movie` (`mo_num`),
  CONSTRAINT `review_ibfk_2` FOREIGN KEY (`us_num`) REFERENCES `user` (`us_num`)
) ENGINE=InnoDB AUTO_INCREMENT=31 DEFAULT CHARSET=utf8mb4 COLLATE=utf8mb4_general_ci;
/*!40101 SET character_set_client = @saved_cs_client */;

--
-- Dumping data for table `review`
--

LOCK TABLES `review` WRITE;
/*!40000 ALTER TABLE `review` DISABLE KEYS */;
INSERT INTO `review` VALUES
(21,'ㅎㅇ','2024-12-31 09:35:58','2025-01-03 15:03:21',NULL,3611,39,1),
(22,'정말 잘 봤습니다 ^^','2024-12-31 09:37:54',NULL,NULL,3611,2,0),
(23,'하잉 테스트 만세','2025-01-02 01:40:44',NULL,NULL,3611,9999,0),
(24,'아파트 아파트 아파트 아파트 아파트 아파트 어! 어어어어!','2025-01-02 02:03:07',NULL,NULL,3651,9999,0),
(25,'숨겨진 얼굴! 말 그대로 숨기고싶군요','2025-01-02 02:03:34',NULL,NULL,3608,9999,0),
(26,'이거 보니깐 갑자기 무파마 먹고싶네? 편의점갑니다.','2025-01-02 02:04:23',NULL,NULL,3649,9999,0),
(27,'이거 나 안ㅇ봤음 ㅋㅋ','2025-01-02 02:05:22',NULL,NULL,3650,9999,0),
(28,'페이징 몇개 댓글달아 생김??','2025-01-02 02:06:15',NULL,NULL,3666,9999,0),
(29,'이거 뭔지모름','2025-01-02 02:07:39',NULL,NULL,3604,9999,0),
(30,'재중씨 너무 멋져요~','2025-01-03 15:40:05',NULL,NULL,3985,40,0);
/*!40000 ALTER TABLE `review` ENABLE KEYS */;
UNLOCK TABLES;

--
-- Table structure for table `screen`
--

DROP TABLE IF EXISTS `screen`;
/*!40101 SET @saved_cs_client     = @@character_set_client */;
/*!40101 SET character_set_client = utf8 */;
CREATE TABLE `screen` (
  `sc_num` int(10) unsigned NOT NULL AUTO_INCREMENT,
  `sc_start_date` datetime NOT NULL,
  `is_deleted` tinyint(1) NOT NULL DEFAULT 0,
  `mo_num` int(10) unsigned NOT NULL,
  `ci_num` int(10) unsigned NOT NULL,
  PRIMARY KEY (`sc_num`),
  KEY `ci_num` (`ci_num`),
  KEY `mo_num` (`mo_num`),
  CONSTRAINT `screen_ibfk_1` FOREIGN KEY (`ci_num`) REFERENCES `cinema` (`ci_num`) ON DELETE CASCADE ON UPDATE CASCADE,
  CONSTRAINT `screen_ibfk_2` FOREIGN KEY (`mo_num`) REFERENCES `movie` (`mo_num`) ON DELETE CASCADE ON UPDATE CASCADE
) ENGINE=InnoDB AUTO_INCREMENT=13119 DEFAULT CHARSET=utf8mb4 COLLATE=utf8mb4_general_ci;
/*!40101 SET character_set_client = @saved_cs_client */;

--
-- Dumping data for table `screen`
--

LOCK TABLES `screen` WRITE;
/*!40000 ALTER TABLE `screen` DISABLE KEYS */;
INSERT INTO `screen` VALUES
(3856,'2024-12-22 22:30:00',1,3608,27),
(3857,'2024-12-18 16:20:00',0,3651,1),
(3858,'2024-12-18 18:35:00',0,3651,1),
(3859,'2024-12-18 20:50:00',0,3651,1),
(3860,'2024-12-18 16:55:00',0,3651,3),
(3861,'2024-12-18 19:10:00',0,3651,3),
(3862,'2024-12-18 21:25:00',0,3651,3),
(3863,'2024-12-18 23:40:00',0,3651,3),
(3864,'2024-12-18 18:00:00',0,3651,6),
(3865,'2024-12-18 20:15:00',0,3651,6),
(3866,'2024-12-18 22:30:00',0,3651,6),
(3867,'2024-12-18 18:20:00',0,3667,5),
(3868,'2024-12-18 22:55:00',0,3667,8),
(3869,'2024-12-18 23:25:00',0,3668,5),
(3870,'2024-12-18 17:15:00',0,3649,4),
(3871,'2024-12-18 19:40:00',0,3649,4),
(3872,'2024-12-18 22:05:00',0,3649,4),
(3873,'2024-12-18 17:45:00',0,3649,7),
(3874,'2024-12-18 20:10:00',0,3649,7),
(3875,'2024-12-18 22:35:00',0,3649,7),
(3876,'2024-12-18 18:20:00',0,3649,2),
(3877,'2024-12-18 20:45:00',0,3649,2),
(3878,'2024-12-18 23:10:00',0,3649,2),
(3879,'2024-12-18 21:10:00',0,3602,5),
(3880,'2024-12-18 20:25:00',0,3606,8),
(3881,'2024-12-18 19:50:00',0,3656,8),
(3882,'2024-12-18 22:20:00',0,3656,8),
(3883,'2024-12-18 23:05:00',0,3690,1),
(3884,'2024-12-19 14:00:00',0,3650,5),
(3885,'2024-12-19 22:00:00',0,3650,5),
(3886,'2024-12-19 13:00:00',0,3651,1),
(3887,'2024-12-19 15:15:00',0,3651,1),
(3888,'2024-12-19 21:45:00',0,3651,2),
(3889,'2024-12-19 10:00:00',0,3651,3),
(3890,'2024-12-19 12:15:00',0,3651,3),
(3891,'2024-12-19 14:30:00',0,3651,3),
(3892,'2024-12-19 16:45:00',0,3651,3),
(3893,'2024-12-19 19:00:00',0,3651,3),
(3894,'2024-12-19 21:15:00',0,3651,3),
(3895,'2024-12-19 23:30:00',0,3651,3),
(3896,'2024-12-19 09:00:00',0,3651,6),
(3897,'2024-12-19 11:15:00',0,3651,6),
(3898,'2024-12-19 13:30:00',0,3651,6),
(3899,'2024-12-19 15:45:00',0,3651,6),
(3900,'2024-12-19 18:00:00',0,3651,6),
(3901,'2024-12-19 20:15:00',0,3651,6),
(3902,'2024-12-19 22:30:00',0,3651,6),
(3903,'2024-12-19 17:00:00',0,3666,5),
(3904,'2024-12-19 19:10:00',0,3666,5),
(3905,'2024-12-19 15:25:00',0,3666,8),
(3906,'2024-12-19 20:10:00',0,3667,1),
(3907,'2024-12-19 23:35:00',0,3667,8),
(3908,'2024-12-19 09:40:00',0,3668,1),
(3909,'2024-12-19 09:50:00',0,3649,4),
(3910,'2024-12-19 15:00:00',0,3649,4),
(3911,'2024-12-19 17:25:00',0,3649,4),
(3912,'2024-12-19 19:50:00',0,3649,4),
(3913,'2024-12-19 22:15:00',0,3649,4),
(3914,'2024-12-19 09:00:00',0,3649,7),
(3915,'2024-12-19 11:25:00',0,3649,7),
(3916,'2024-12-19 13:50:00',0,3649,7),
(3917,'2024-12-19 16:15:00',0,3649,7),
(3918,'2024-12-19 18:40:00',0,3649,7),
(3919,'2024-12-19 21:05:00',0,3649,7),
(3920,'2024-12-19 23:30:00',0,3649,7),
(3921,'2024-12-19 09:30:00',0,3649,2),
(3922,'2024-12-19 12:05:00',0,3649,2),
(3923,'2024-12-19 16:55:00',0,3649,2),
(3924,'2024-12-19 19:20:00',0,3649,2),
(3925,'2024-12-19 14:30:00',0,3669,2),
(3926,'2024-12-19 11:05:00',0,3669,8),
(3927,'2024-12-19 13:15:00',0,3669,8),
(3928,'2024-12-19 08:50:00',0,3670,8),
(3929,'2024-12-19 09:20:00',0,3673,5),
(3930,'2024-12-19 11:45:00',0,3673,5),
(3931,'2024-12-19 12:15:00',0,3685,4),
(3932,'2024-12-19 21:40:00',0,3606,8),
(3933,'2024-12-19 16:25:00',0,3656,5),
(3934,'2024-12-19 21:20:00',0,3656,5),
(3935,'2024-12-19 23:00:00',0,3690,1),
(3936,'2024-12-20 15:10:00',0,3650,8),
(3937,'2024-12-20 09:00:00',0,3651,1),
(3938,'2024-12-20 11:15:00',0,3651,1),
(3939,'2024-12-20 13:30:00',0,3651,1),
(3940,'2024-12-20 15:45:00',0,3651,1),
(3941,'2024-12-20 18:00:00',0,3651,1),
(3942,'2024-12-20 20:15:00',0,3651,1),
(3943,'2024-12-20 22:30:00',0,3651,1),
(3944,'2024-12-20 16:55:00',0,3651,2),
(3945,'2024-12-20 19:10:00',0,3651,2),
(3946,'2024-12-20 21:25:00',0,3651,2),
(3947,'2024-12-20 23:40:00',0,3651,2),
(3948,'2024-12-20 09:50:00',0,3651,3),
(3949,'2024-12-20 12:05:00',0,3651,3),
(3950,'2024-12-20 14:20:00',0,3651,3),
(3951,'2024-12-20 18:45:00',0,3651,5),
(3952,'2024-12-20 12:20:00',0,3666,8),
(3953,'2024-12-20 17:35:00',0,3666,8),
(3954,'2024-12-20 22:40:00',0,3667,6),
(3955,'2024-12-20 15:35:00',0,3668,5),
(3956,'2024-12-20 21:00:00',0,3668,5),
(3957,'2024-12-20 09:20:00',0,3668,6),
(3958,'2024-12-20 19:20:00',0,3668,6),
(3959,'2024-12-20 09:50:00',0,3649,4),
(3960,'2024-12-20 15:00:00',0,3649,4),
(3961,'2024-12-20 17:25:00',0,3649,4),
(3962,'2024-12-20 19:50:00',0,3649,4),
(3963,'2024-12-20 22:15:00',0,3649,4),
(3964,'2024-12-20 09:00:00',0,3649,7),
(3965,'2024-12-20 11:25:00',0,3649,7),
(3966,'2024-12-20 13:50:00',0,3649,7),
(3967,'2024-12-20 16:15:00',0,3649,7),
(3968,'2024-12-20 18:40:00',0,3649,7),
(3969,'2024-12-20 21:05:00',0,3649,7),
(3970,'2024-12-20 23:30:00',0,3649,7),
(3971,'2024-12-20 09:30:00',0,3649,2),
(3972,'2024-12-20 12:05:00',0,3649,2),
(3973,'2024-12-20 16:35:00',0,3669,3),
(3974,'2024-12-20 13:25:00',0,3669,5),
(3975,'2024-12-20 14:45:00',0,3669,6),
(3976,'2024-12-20 12:30:00',0,3670,6),
(3977,'2024-12-20 17:00:00',0,3670,6),
(3978,'2024-12-20 22:20:00',0,3673,8),
(3979,'2024-12-20 19:40:00',0,3615,3),
(3980,'2024-12-20 11:50:00',0,3615,5),
(3981,'2024-12-20 12:15:00',0,3685,4),
(3982,'2024-12-20 19:50:00',0,3606,8),
(3983,'2024-12-20 14:35:00',0,3656,8),
(3984,'2024-12-20 21:45:00',0,3656,8),
(3985,'2024-12-20 22:30:00',0,3690,3),
(3986,'2024-12-21 21:35:00',0,3651,2),
(3987,'2024-12-21 09:10:00',0,3651,3),
(3988,'2024-12-21 11:25:00',0,3651,3),
(3989,'2024-12-21 13:40:00',0,3651,3),
(3990,'2024-12-21 15:55:00',0,3651,3),
(3991,'2024-12-21 18:10:00',0,3651,3),
(3992,'2024-12-21 20:25:00',0,3651,3),
(3993,'2024-12-21 22:40:00',0,3651,3),
(3994,'2024-12-21 14:50:00',0,3649,4),
(3995,'2024-12-21 09:00:00',0,3649,7),
(3996,'2024-12-21 11:25:00',0,3649,7),
(3997,'2024-12-21 13:50:00',0,3649,7),
(3998,'2024-12-21 16:15:00',0,3649,7),
(3999,'2024-12-21 18:40:00',0,3649,7),
(4000,'2024-12-21 21:05:00',0,3649,7),
(4001,'2024-12-21 23:30:00',0,3649,7),
(4002,'2024-12-21 09:30:00',0,3649,2),
(4003,'2024-12-21 11:55:00',0,3649,2),
(4004,'2024-12-21 14:20:00',0,3649,2),
(4005,'2024-12-21 16:45:00',0,3649,2),
(4006,'2024-12-21 19:10:00',0,3649,2),
(4007,'2024-12-21 13:30:00',0,3613,8),
(4008,'2024-12-21 20:40:00',0,3615,5),
(4009,'2024-12-22 09:00:00',0,3649,7),
(4010,'2024-12-22 11:25:00',0,3649,7),
(4011,'2024-12-22 13:50:00',0,3649,7),
(4012,'2024-12-22 16:15:00',0,3649,7),
(4013,'2024-12-22 18:40:00',0,3649,7),
(4014,'2024-12-22 21:05:00',0,3649,7),
(4015,'2024-12-22 23:30:00',0,3649,7),
(4016,'2024-12-22 14:30:00',0,3649,1),
(4017,'2024-12-22 09:30:00',0,3649,2),
(4018,'2024-12-22 11:55:00',0,3649,2),
(4019,'2024-12-22 20:40:00',0,3615,5),
(4020,'2024-12-24 09:00:00',0,3611,2),
(4021,'2024-12-24 11:25:00',0,3611,2),
(4022,'2024-12-24 13:50:00',0,3611,2),
(4023,'2024-12-24 16:15:00',0,3611,2),
(4024,'2024-12-24 18:40:00',0,3611,2),
(4025,'2024-12-24 21:05:00',0,3611,2),
(4026,'2024-12-24 23:30:00',0,3611,2),
(4027,'2024-12-24 10:00:00',0,3611,3),
(4028,'2024-12-24 12:25:00',0,3611,3),
(4029,'2024-12-24 14:50:00',0,3611,3),
(4030,'2024-12-24 17:15:00',0,3611,3),
(4031,'2024-12-24 19:40:00',0,3611,3),
(4032,'2024-12-24 22:05:00',0,3611,3),
(4033,'2024-12-25 09:00:00',0,3611,2),
(4034,'2024-12-25 11:25:00',0,3611,2),
(4035,'2024-12-25 13:50:00',0,3611,2),
(4036,'2024-12-25 16:15:00',0,3611,2),
(4037,'2024-12-25 18:40:00',0,3611,2),
(4038,'2024-12-25 21:05:00',0,3611,2),
(4039,'2024-12-25 23:30:00',0,3611,2),
(4040,'2024-12-25 10:00:00',0,3611,3),
(4041,'2024-12-25 12:25:00',0,3611,3),
(4042,'2024-12-25 14:50:00',0,3611,3),
(4043,'2024-12-25 17:15:00',0,3611,3),
(4044,'2024-12-25 19:40:00',0,3611,3),
(4045,'2024-12-25 22:05:00',0,3611,3),
(4046,'2024-12-26 09:00:00',0,3611,2),
(4047,'2024-12-26 11:20:00',1,3611,2),
(4048,'2024-12-26 13:45:00',0,3611,2),
(4049,'2024-12-26 16:10:00',0,3611,2),
(4050,'2024-12-26 18:35:00',0,3611,2),
(4051,'2024-12-26 21:00:00',0,3611,2),
(4052,'2024-12-26 23:25:00',0,3611,2),
(4053,'2024-12-26 10:00:00',0,3611,3),
(4054,'2024-12-26 12:20:00',0,3611,3),
(4055,'2024-12-26 14:45:00',0,3611,3),
(4056,'2024-12-26 17:10:00',0,3611,3),
(4057,'2024-12-26 19:35:00',0,3611,3),
(4058,'2024-12-26 22:00:00',0,3611,3),
(4059,'2024-12-27 09:00:00',0,3611,2),
(4060,'2024-12-27 11:25:00',0,3611,2),
(4061,'2024-12-27 13:50:00',0,3611,2),
(4062,'2024-12-27 16:15:00',0,3611,2),
(4063,'2024-12-27 18:40:00',0,3611,2),
(4064,'2024-12-27 21:05:00',0,3611,2),
(4065,'2024-12-27 23:30:00',0,3611,2),
(4066,'2024-12-27 10:00:00',0,3611,3),
(4067,'2024-12-27 12:25:00',0,3611,3),
(4068,'2024-12-28 09:00:00',0,3611,2),
(4069,'2024-12-28 11:25:00',0,3611,2),
(4070,'2024-12-28 13:50:00',0,3611,2),
(4071,'2024-12-28 16:15:00',0,3611,2),
(4072,'2024-12-28 18:40:00',0,3611,2),
(4073,'2024-12-28 21:05:00',0,3611,2),
(4074,'2024-12-28 23:30:00',0,3611,2),
(4075,'2024-12-28 10:00:00',0,3611,3),
(4076,'2024-12-29 09:00:00',0,3611,2),
(4077,'2024-12-29 11:25:00',0,3611,2),
(4078,'2024-12-29 13:50:00',0,3611,2),
(4079,'2024-12-29 16:15:00',0,3611,2),
(4080,'2024-12-29 18:40:00',0,3611,2),
(4081,'2024-12-29 21:05:00',0,3611,2),
(4082,'2024-12-29 23:30:00',0,3611,2),
(4083,'2024-12-29 10:00:00',0,3611,3),
(4084,'2024-12-18 17:15:00',0,3651,10),
(4085,'2024-12-18 19:30:00',0,3651,10),
(4086,'2024-12-18 21:45:00',0,3651,10),
(4087,'2024-12-18 18:25:00',0,3651,11),
(4088,'2024-12-18 20:40:00',0,3651,11),
(4089,'2024-12-18 21:05:00',0,3668,12),
(4090,'2024-12-18 17:15:00',0,3649,9),
(4091,'2024-12-18 19:40:00',0,3649,9),
(4092,'2024-12-18 22:05:00',0,3649,9),
(4093,'2024-12-18 18:35:00',0,3649,12),
(4094,'2024-12-19 09:40:00',0,3651,10),
(4095,'2024-12-19 11:55:00',0,3651,10),
(4096,'2024-12-19 14:10:00',0,3651,10),
(4097,'2024-12-19 16:30:00',0,3651,10),
(4098,'2024-12-19 18:45:00',0,3651,10),
(4099,'2024-12-19 21:00:00',0,3651,10),
(4100,'2024-12-19 19:45:00',0,3651,11),
(4101,'2024-12-19 22:00:00',0,3651,11),
(4102,'2024-12-19 11:35:00',0,3666,12),
(4103,'2024-12-19 16:15:00',0,3666,12),
(4104,'2024-12-19 18:30:00',0,3668,12),
(4105,'2024-12-19 10:00:00',0,3649,9),
(4106,'2024-12-19 14:50:00',0,3649,9),
(4107,'2024-12-19 17:15:00',0,3649,9),
(4108,'2024-12-19 19:40:00',0,3649,9),
(4109,'2024-12-19 22:05:00',0,3649,9),
(4110,'2024-12-19 12:25:00',0,3649,9),
(4111,'2024-12-19 13:50:00',0,3649,12),
(4112,'2024-12-19 21:40:00',0,3649,12),
(4113,'2024-12-19 15:15:00',0,3669,11),
(4114,'2024-12-19 17:30:00',0,3669,11),
(4115,'2024-12-19 10:30:00',0,3670,11),
(4116,'2024-12-19 12:55:00',0,3670,11),
(4117,'2024-12-19 09:30:00',0,3693,12),
(4118,'2024-12-20 09:40:00',0,3651,10),
(4119,'2024-12-20 12:00:00',0,3651,10),
(4120,'2024-12-20 14:15:00',0,3651,10),
(4121,'2024-12-20 16:30:00',0,3651,10),
(4122,'2024-12-20 18:45:00',0,3651,10),
(4123,'2024-12-20 21:00:00',0,3651,10),
(4124,'2024-12-20 10:00:00',0,3649,9),
(4125,'2024-12-20 14:50:00',0,3649,9),
(4126,'2024-12-20 17:15:00',0,3649,9),
(4127,'2024-12-20 19:40:00',0,3649,9),
(4128,'2024-12-20 22:05:00',0,3649,9),
(4129,'2024-12-20 12:25:00',0,3649,9),
(4130,'2024-12-20 11:45:00',0,3693,12),
(4131,'2024-12-21 09:40:00',0,3651,11),
(4132,'2024-12-21 11:55:00',0,3651,11),
(4133,'2024-12-21 14:10:00',0,3651,11),
(4134,'2024-12-21 16:25:00',0,3651,11),
(4135,'2024-12-21 18:40:00',0,3651,11),
(4136,'2024-12-21 20:55:00',0,3651,11),
(4137,'2024-12-21 10:00:00',0,3649,9),
(4138,'2024-12-21 17:15:00',0,3649,9),
(4139,'2024-12-21 19:40:00',0,3649,9),
(4140,'2024-12-21 22:05:00',0,3649,9),
(4141,'2024-12-21 12:25:00',0,3649,9),
(4142,'2024-12-21 14:50:00',0,3649,9),
(4143,'2024-12-22 09:40:00',0,3651,11),
(4144,'2024-12-22 11:55:00',0,3651,11),
(4145,'2024-12-22 14:10:00',0,3651,11),
(4146,'2024-12-22 16:25:00',0,3651,11),
(4147,'2024-12-22 18:40:00',0,3651,11),
(4148,'2024-12-22 20:55:00',0,3651,11),
(4149,'2024-12-22 10:00:00',0,3649,9),
(4150,'2024-12-22 17:15:00',0,3649,9),
(4151,'2024-12-22 19:40:00',0,3649,9),
(4152,'2024-12-22 22:05:00',0,3649,9),
(4153,'2024-12-22 12:25:00',0,3649,9),
(4154,'2024-12-22 14:50:00',0,3649,9),
(4155,'2024-12-24 10:00:00',0,3611,10),
(4156,'2024-12-24 12:20:00',0,3611,10),
(4157,'2024-12-24 14:40:00',0,3611,10),
(4158,'2024-12-24 17:00:00',0,3611,10),
(4159,'2024-12-24 19:20:00',0,3611,10),
(4160,'2024-12-24 21:40:00',0,3611,10),
(4161,'2024-12-25 10:00:00',0,3611,10),
(4162,'2024-12-25 12:20:00',0,3611,10),
(4163,'2024-12-25 14:40:00',0,3611,10),
(4164,'2024-12-25 17:00:00',0,3611,10),
(4165,'2024-12-25 19:20:00',0,3611,10),
(4166,'2024-12-25 21:40:00',0,3611,10),
(4167,'2024-12-28 09:30:00',0,3611,9),
(4168,'2024-12-28 11:50:00',0,3611,9),
(4169,'2024-12-28 14:10:00',0,3611,9),
(4170,'2024-12-28 16:30:00',0,3611,9),
(4171,'2024-12-28 18:50:00',0,3611,9),
(4172,'2024-12-28 21:10:00',0,3611,9),
(4173,'2024-12-28 23:30:00',0,3611,9),
(4174,'2024-12-29 09:30:00',0,3611,9),
(4175,'2024-12-29 11:50:00',0,3611,9),
(4176,'2024-12-29 14:10:00',0,3611,9),
(4177,'2024-12-29 16:30:00',0,3611,9),
(4178,'2024-12-29 18:50:00',0,3611,9),
(4179,'2024-12-29 21:10:00',0,3611,9),
(4180,'2024-12-29 23:30:00',0,3611,9),
(4181,'2024-12-18 18:00:00',0,3650,16),
(4182,'2024-12-18 18:15:00',0,3651,14),
(4183,'2024-12-18 20:30:00',0,3651,14),
(4184,'2024-12-18 22:45:00',0,3651,14),
(4185,'2024-12-18 17:30:00',0,3651,17),
(4186,'2024-12-18 19:45:00',0,3651,17),
(4187,'2024-12-18 22:00:00',0,3651,17),
(4188,'2024-12-18 16:45:00',0,3651,22),
(4189,'2024-12-18 19:00:00',0,3651,22),
(4190,'2024-12-18 21:15:00',0,3651,22),
(4191,'2024-12-18 23:30:00',0,3651,22),
(4192,'2024-12-18 23:05:00',0,3667,13),
(4193,'2024-12-18 18:30:00',0,3667,15),
(4194,'2024-12-18 20:15:00',0,3667,18),
(4195,'2024-12-18 23:10:00',0,3668,18),
(4196,'2024-12-18 17:45:00',0,3649,20),
(4197,'2024-12-18 22:55:00',0,3649,20),
(4198,'2024-12-18 18:15:00',0,3649,13),
(4199,'2024-12-18 20:40:00',0,3649,13),
(4200,'2024-12-18 18:45:00',0,3649,19),
(4201,'2024-12-18 21:10:00',0,3649,19),
(4202,'2024-12-18 23:35:00',0,3649,19),
(4203,'2024-12-18 17:15:00',0,3649,21),
(4204,'2024-12-18 19:40:00',0,3649,21),
(4205,'2024-12-18 22:05:00',0,3649,21),
(4206,'2024-12-18 18:05:00',0,3669,18),
(4207,'2024-12-18 21:20:00',0,3672,15),
(4208,'2024-12-18 20:10:00',0,3685,20),
(4209,'2024-12-18 20:35:00',0,3686,16),
(4210,'2024-12-18 23:20:00',0,3686,16),
(4211,'2024-12-18 23:30:00',0,3608,15),
(4212,'2024-12-19 19:10:00',0,3650,13),
(4213,'2024-12-19 14:15:00',0,3650,16),
(4214,'2024-12-19 11:55:00',0,3651,13),
(4215,'2024-12-19 09:15:00',0,3651,14),
(4216,'2024-12-19 11:30:00',0,3651,14),
(4217,'2024-12-19 13:45:00',0,3651,14),
(4218,'2024-12-19 16:00:00',0,3651,14),
(4219,'2024-12-19 18:15:00',0,3651,14),
(4220,'2024-12-19 20:30:00',0,3651,14),
(4221,'2024-12-19 22:45:00',0,3651,14),
(4222,'2024-12-19 15:15:00',0,3651,17),
(4223,'2024-12-19 17:30:00',0,3651,17),
(4224,'2024-12-19 19:45:00',0,3651,17),
(4225,'2024-12-19 22:00:00',0,3651,17),
(4226,'2024-12-19 10:00:00',0,3651,22),
(4227,'2024-12-19 12:15:00',0,3651,22),
(4228,'2024-12-19 14:30:00',0,3651,22),
(4229,'2024-12-19 16:45:00',0,3651,22),
(4230,'2024-12-19 19:00:00',0,3651,22),
(4231,'2024-12-19 21:15:00',0,3651,22),
(4232,'2024-12-19 23:30:00',0,3651,22),
(4233,'2024-12-19 12:00:00',0,3666,16),
(4234,'2024-12-19 16:45:00',0,3666,16),
(4235,'2024-12-19 18:00:00',0,3667,15),
(4236,'2024-12-19 20:15:00',0,3667,18),
(4237,'2024-12-19 23:10:00',0,3667,18),
(4238,'2024-12-19 21:35:00',0,3668,13),
(4239,'2024-12-19 09:50:00',0,3668,17),
(4240,'2024-12-19 11:45:00',0,3668,18),
(4241,'2024-12-19 14:55:00',0,3668,18),
(4242,'2024-12-19 10:00:00',0,3649,20),
(4243,'2024-12-19 12:25:00',0,3649,20),
(4244,'2024-12-19 14:50:00',0,3649,20),
(4245,'2024-12-19 17:15:00',0,3649,20),
(4246,'2024-12-19 22:25:00',0,3649,20),
(4247,'2024-12-19 14:20:00',0,3649,13),
(4248,'2024-12-19 10:30:00',0,3649,19),
(4249,'2024-12-19 20:10:00',0,3649,19),
(4250,'2024-12-19 12:55:00',0,3649,19),
(4251,'2024-12-19 09:00:00',0,3649,21),
(4252,'2024-12-19 11:25:00',0,3649,21),
(4253,'2024-12-19 13:50:00',0,3649,21),
(4254,'2024-12-19 16:15:00',0,3649,21),
(4255,'2024-12-19 18:40:00',0,3649,21),
(4256,'2024-12-19 21:05:00',0,3649,21),
(4257,'2024-12-19 23:30:00',0,3649,21),
(4258,'2024-12-19 16:45:00',0,3669,13),
(4259,'2024-12-19 13:40:00',0,3669,15),
(4260,'2024-12-19 09:45:00',0,3669,16),
(4261,'2024-12-19 18:05:00',0,3669,18),
(4262,'2024-12-19 09:10:00',0,3670,15),
(4263,'2024-12-19 13:00:00',0,3670,17),
(4264,'2024-12-19 15:20:00',0,3670,19),
(4265,'2024-12-19 17:45:00',0,3670,19),
(4266,'2024-12-19 15:50:00',0,3672,15),
(4267,'2024-12-19 20:50:00',0,3672,15),
(4268,'2024-12-19 09:40:00',0,3673,13),
(4269,'2024-12-19 22:35:00',0,3673,19),
(4270,'2024-12-19 19:40:00',0,3685,20),
(4271,'2024-12-19 19:00:00',0,3686,16),
(4272,'2024-12-19 11:25:00',0,3602,15),
(4273,'2024-12-19 09:30:00',0,3602,18),
(4274,'2024-12-19 23:00:00',0,3608,15),
(4275,'2024-12-19 21:50:00',0,3608,16),
(4276,'2024-12-20 14:20:00',0,3650,16),
(4277,'2024-12-20 09:00:00',0,3651,14),
(4278,'2024-12-20 11:15:00',0,3651,14),
(4279,'2024-12-20 13:30:00',0,3651,14),
(4280,'2024-12-20 15:45:00',0,3651,14),
(4281,'2024-12-20 18:00:00',0,3651,14),
(4282,'2024-12-20 20:15:00',0,3651,14),
(4283,'2024-12-20 22:30:00',0,3651,14),
(4284,'2024-12-20 10:30:00',0,3651,17),
(4285,'2024-12-20 12:45:00',0,3651,17),
(4286,'2024-12-20 15:00:00',0,3651,17),
(4287,'2024-12-20 17:15:00',0,3651,17),
(4288,'2024-12-20 19:30:00',0,3651,17),
(4289,'2024-12-20 21:45:00',0,3651,17),
(4290,'2024-12-20 09:45:00',0,3651,22),
(4291,'2024-12-20 12:00:00',0,3651,22),
(4292,'2024-12-20 14:15:00',0,3651,22),
(4293,'2024-12-20 16:30:00',0,3651,22),
(4294,'2024-12-20 18:45:00',0,3651,22),
(4295,'2024-12-20 21:00:00',0,3651,22),
(4296,'2024-12-20 23:15:00',0,3651,22),
(4297,'2024-12-20 09:30:00',0,3666,16),
(4298,'2024-12-20 12:00:00',0,3666,16),
(4299,'2024-12-20 16:45:00',0,3666,16),
(4300,'2024-12-20 18:30:00',0,3667,18),
(4301,'2024-12-20 23:30:00',0,3667,18),
(4302,'2024-12-20 11:20:00',0,3668,15),
(4303,'2024-12-20 16:40:00',0,3668,15),
(4304,'2024-12-20 10:05:00',0,3668,19),
(4305,'2024-12-20 10:00:00',0,3649,20),
(4306,'2024-12-20 12:25:00',0,3649,20),
(4307,'2024-12-20 14:50:00',0,3649,20),
(4308,'2024-12-20 17:15:00',0,3649,20),
(4309,'2024-12-20 22:25:00',0,3649,20),
(4310,'2024-12-20 15:25:00',0,3649,19),
(4311,'2024-12-20 17:50:00',0,3649,19),
(4312,'2024-12-20 20:15:00',0,3649,19),
(4313,'2024-12-20 22:40:00',0,3649,19),
(4314,'2024-12-20 09:00:00',0,3649,21),
(4315,'2024-12-20 11:25:00',0,3649,21),
(4316,'2024-12-20 13:50:00',0,3649,21),
(4317,'2024-12-20 16:15:00',0,3649,21),
(4318,'2024-12-20 18:40:00',0,3649,21),
(4319,'2024-12-20 21:05:00',0,3649,21),
(4320,'2024-12-20 23:30:00',0,3649,21),
(4321,'2024-12-20 09:10:00',0,3669,15),
(4322,'2024-12-20 14:30:00',0,3669,15),
(4323,'2024-12-20 13:15:00',0,3669,19),
(4324,'2024-12-20 09:20:00',0,3670,18),
(4325,'2024-12-20 14:00:00',0,3670,18),
(4326,'2024-12-20 16:20:00',0,3672,18),
(4327,'2024-12-20 21:20:00',0,3672,18),
(4328,'2024-12-20 19:40:00',0,3685,20),
(4329,'2024-12-20 19:00:00',0,3686,16),
(4330,'2024-12-20 11:40:00',0,3602,18),
(4331,'2024-12-21 09:00:00',0,3651,14),
(4332,'2024-12-21 11:15:00',0,3651,14),
(4333,'2024-12-21 13:30:00',0,3651,14),
(4334,'2024-12-21 15:45:00',0,3651,14),
(4335,'2024-12-21 18:00:00',0,3651,14),
(4336,'2024-12-21 20:15:00',0,3651,14),
(4337,'2024-12-21 22:30:00',0,3651,14),
(4338,'2024-12-21 09:20:00',0,3666,16),
(4339,'2024-12-21 13:45:00',0,3666,16),
(4340,'2024-12-21 10:00:00',0,3649,20),
(4341,'2024-12-21 09:00:00',0,3649,21),
(4342,'2024-12-21 16:15:00',0,3649,21),
(4343,'2024-12-21 18:40:00',0,3649,21),
(4344,'2024-12-21 21:05:00',0,3649,21),
(4345,'2024-12-21 23:30:00',0,3649,21),
(4346,'2024-12-21 11:25:00',0,3649,21),
(4347,'2024-12-21 13:50:00',0,3649,21),
(4348,'2024-12-21 11:35:00',0,3669,16),
(4349,'2024-12-22 09:00:00',0,3651,14),
(4350,'2024-12-22 11:15:00',0,3651,14),
(4351,'2024-12-22 13:30:00',0,3651,14),
(4352,'2024-12-22 15:45:00',0,3651,14),
(4353,'2024-12-22 18:00:00',0,3651,14),
(4354,'2024-12-22 20:15:00',0,3651,14),
(4355,'2024-12-22 22:30:00',0,3651,14),
(4356,'2024-12-22 10:00:00',0,3649,20),
(4357,'2024-12-22 09:00:00',0,3649,21),
(4358,'2024-12-22 16:15:00',0,3649,21),
(4359,'2024-12-22 18:40:00',0,3649,21),
(4360,'2024-12-22 21:05:00',0,3649,21),
(4361,'2024-12-22 23:30:00',0,3649,21),
(4362,'2024-12-22 11:25:00',0,3649,21),
(4363,'2024-12-22 13:50:00',0,3649,21),
(4364,'2024-12-24 10:00:00',0,3611,14),
(4365,'2024-12-24 12:25:00',0,3611,14),
(4366,'2024-12-24 14:50:00',0,3611,14),
(4367,'2024-12-24 17:15:00',0,3611,14),
(4368,'2024-12-24 19:40:00',0,3611,14),
(4369,'2024-12-24 22:05:00',0,3611,14),
(4370,'2024-12-24 09:00:00',0,3611,21),
(4371,'2024-12-24 11:25:00',0,3611,21),
(4372,'2024-12-24 13:50:00',0,3611,21),
(4373,'2024-12-24 16:15:00',0,3611,21),
(4374,'2024-12-24 18:40:00',0,3611,21),
(4375,'2024-12-24 21:05:00',0,3611,21),
(4376,'2024-12-24 23:30:00',0,3611,21),
(4377,'2024-12-25 10:00:00',0,3611,14),
(4378,'2024-12-25 12:25:00',0,3611,14),
(4379,'2024-12-25 14:50:00',0,3611,14),
(4380,'2024-12-25 17:15:00',0,3611,14),
(4381,'2024-12-25 19:40:00',0,3611,14),
(4382,'2024-12-25 22:05:00',0,3611,14),
(4383,'2024-12-25 09:00:00',0,3611,21),
(4384,'2024-12-25 11:25:00',0,3611,21),
(4385,'2024-12-25 13:50:00',0,3611,21),
(4386,'2024-12-25 16:15:00',0,3611,21),
(4387,'2024-12-25 18:40:00',0,3611,21),
(4388,'2024-12-25 21:05:00',0,3611,21),
(4389,'2024-12-25 23:30:00',0,3611,21),
(4390,'2024-12-26 10:00:00',0,3611,14),
(4391,'2024-12-26 12:25:00',0,3611,14),
(4392,'2024-12-26 14:50:00',0,3611,14),
(4393,'2024-12-26 17:15:00',0,3611,14),
(4394,'2024-12-26 19:40:00',0,3611,14),
(4395,'2024-12-26 22:05:00',0,3611,14),
(4396,'2024-12-26 09:00:00',0,3611,21),
(4397,'2024-12-26 11:20:00',0,3611,21),
(4398,'2024-12-26 13:45:00',0,3611,21),
(4399,'2024-12-26 16:10:00',0,3611,21),
(4400,'2024-12-26 18:35:00',0,3611,21),
(4401,'2024-12-26 21:00:00',0,3611,21),
(4402,'2024-12-26 23:25:00',0,3611,21),
(4403,'2024-12-27 10:00:00',0,3611,14),
(4404,'2024-12-27 12:25:00',0,3611,14),
(4405,'2024-12-27 14:50:00',0,3611,14),
(4406,'2024-12-27 17:15:00',0,3611,14),
(4407,'2024-12-27 19:40:00',0,3611,14),
(4408,'2024-12-27 22:05:00',0,3611,14),
(4409,'2024-12-27 09:00:00',0,3611,21),
(4410,'2024-12-27 11:25:00',0,3611,21),
(4411,'2024-12-27 13:50:00',0,3611,21),
(4412,'2024-12-27 16:15:00',0,3611,21),
(4413,'2024-12-27 18:40:00',0,3611,21),
(4414,'2024-12-27 21:05:00',0,3611,21),
(4415,'2024-12-27 23:30:00',0,3611,21),
(4416,'2024-12-28 10:00:00',0,3611,14),
(4417,'2024-12-28 12:25:00',0,3611,14),
(4418,'2024-12-28 09:00:00',0,3611,21),
(4419,'2024-12-28 11:25:00',0,3611,21),
(4420,'2024-12-28 13:50:00',0,3611,21),
(4421,'2024-12-28 16:15:00',0,3611,21),
(4422,'2024-12-28 18:40:00',0,3611,21),
(4423,'2024-12-28 21:05:00',0,3611,21),
(4424,'2024-12-28 23:30:00',0,3611,21),
(4425,'2024-12-29 10:00:00',0,3611,14),
(4426,'2024-12-29 12:25:00',0,3611,14),
(4427,'2024-12-29 09:00:00',0,3611,21),
(4428,'2024-12-29 11:25:00',0,3611,21),
(4429,'2024-12-29 13:50:00',0,3611,21),
(4430,'2024-12-29 16:15:00',0,3611,21),
(4431,'2024-12-29 18:40:00',0,3611,21),
(4432,'2024-12-29 21:05:00',0,3611,21),
(4433,'2024-12-29 23:30:00',0,3611,21),
(4434,'2025-01-02 20:00:00',0,3634,16),
(4435,'2024-12-18 17:25:00',0,3651,27),
(4436,'2024-12-18 19:50:00',0,3651,27),
(4437,'2024-12-18 22:05:00',0,3651,27),
(4438,'2024-12-18 18:50:00',0,3651,29),
(4439,'2024-12-18 21:00:00',0,3667,23),
(4440,'2024-12-18 21:40:00',0,3668,24),
(4441,'2024-12-18 17:40:00',0,3649,25),
(4442,'2024-12-18 20:05:00',0,3649,25),
(4443,'2024-12-18 16:25:00',0,3649,29),
(4444,'2024-12-18 21:20:00',0,3649,29),
(4445,'2024-12-18 22:00:00',0,3669,26),
(4446,'2024-12-18 22:10:00',0,3670,28),
(4447,'2024-12-18 16:50:00',0,3673,24),
(4448,'2024-12-18 17:05:00',0,3675,26),
(4449,'2024-12-18 19:25:00',0,3675,26),
(4450,'2024-12-18 18:40:00',0,3687,23),
(4451,'2024-12-18 18:35:00',0,3601,28),
(4452,'2024-12-18 16:30:00',0,3603,28),
(4453,'2024-12-18 22:30:00',0,3608,25),
(4454,'2024-12-18 19:05:00',0,3657,24),
(4455,'2024-12-18 16:55:00',0,3663,23),
(4456,'2024-12-18 20:40:00',0,3663,28),
(4457,'2024-12-19 10:40:00',0,3651,27),
(4458,'2024-12-19 12:55:00',0,3651,27),
(4459,'2024-12-19 15:10:00',0,3651,27),
(4460,'2024-12-19 17:30:00',0,3651,27),
(4461,'2024-12-19 22:05:00',0,3651,27),
(4462,'2024-12-19 14:10:00',0,3651,29),
(4463,'2024-12-19 19:20:00',0,3651,29),
(4464,'2024-12-19 10:05:00',0,3666,24),
(4465,'2024-12-19 12:20:00',0,3666,24),
(4466,'2024-12-19 14:35:00',0,3666,24),
(4467,'2024-12-19 13:30:00',0,3667,28),
(4468,'2024-12-19 16:25:00',0,3667,29),
(4469,'2024-12-19 21:35:00',0,3667,29),
(4470,'2024-12-19 21:45:00',0,3668,24),
(4471,'2024-12-19 11:00:00',0,3668,29),
(4472,'2024-12-19 10:25:00',0,3649,25),
(4473,'2024-12-19 12:50:00',0,3649,25),
(4474,'2024-12-19 15:15:00',0,3649,25),
(4475,'2024-12-19 17:40:00',0,3649,25),
(4476,'2024-12-19 20:05:00',0,3649,25),
(4477,'2024-12-19 22:30:00',0,3649,25),
(4478,'2024-12-19 15:05:00',0,3669,26),
(4479,'2024-12-19 22:10:00',0,3669,26),
(4480,'2024-12-19 19:50:00',0,3669,27),
(4481,'2024-12-19 11:05:00',0,3670,28),
(4482,'2024-12-19 16:50:00',0,3673,24),
(4483,'2024-12-19 19:40:00',0,3673,26),
(4484,'2024-12-19 17:15:00',0,3675,26),
(4485,'2024-12-19 14:40:00',0,3682,23),
(4486,'2024-12-19 22:25:00',0,3682,23),
(4487,'2024-12-19 10:00:00',0,3687,23),
(4488,'2024-12-19 16:45:00',0,3687,23),
(4489,'2024-12-19 20:55:00',0,3609,23),
(4490,'2024-12-19 12:40:00',0,3608,26),
(4491,'2024-12-19 21:25:00',0,3604,28),
(4492,'2024-12-19 19:00:00',0,3660,23),
(4493,'2024-12-19 16:30:00',0,3660,28),
(4494,'2024-12-19 19:05:00',0,3657,24),
(4495,'2024-12-19 12:05:00',0,3658,23),
(4496,'2024-12-19 18:30:00',0,3658,28),
(4497,'2024-12-20 10:25:00',0,3651,25),
(4498,'2024-12-20 12:45:00',0,3651,25),
(4499,'2024-12-20 15:00:00',0,3651,25),
(4500,'2024-12-20 17:35:00',0,3651,25),
(4501,'2024-12-20 19:50:00',0,3651,25),
(4502,'2024-12-20 22:10:00',0,3651,25),
(4503,'2024-12-20 10:05:00',0,3666,24),
(4504,'2024-12-20 12:20:00',0,3666,24),
(4505,'2024-12-20 14:35:00',0,3666,24),
(4506,'2024-12-20 12:00:00',0,3667,23),
(4507,'2024-12-20 21:40:00',0,3667,24),
(4508,'2024-12-20 13:20:00',0,3668,28),
(4509,'2024-12-20 10:35:00',0,3649,27),
(4510,'2024-12-20 13:00:00',0,3649,27),
(4511,'2024-12-20 15:25:00',0,3649,27),
(4512,'2024-12-20 17:50:00',0,3649,27),
(4513,'2024-12-20 14:55:00',0,3669,26),
(4514,'2024-12-20 17:05:00',0,3669,26),
(4515,'2024-12-20 22:00:00',0,3669,26),
(4516,'2024-12-20 16:50:00',0,3673,24),
(4517,'2024-12-20 12:40:00',0,3673,26),
(4518,'2024-12-20 20:30:00',0,3674,27),
(4519,'2024-12-20 19:30:00',0,3675,26),
(4520,'2024-12-20 16:55:00',0,3682,23),
(4521,'2024-12-20 14:50:00',0,3687,23),
(4522,'2024-12-20 21:35:00',0,3687,23),
(4523,'2024-12-20 21:00:00',0,3601,28),
(4524,'2024-12-20 16:30:00',0,3603,28),
(4525,'2024-12-20 11:30:00',0,3609,28),
(4526,'2024-12-20 22:25:00',0,3608,27),
(4527,'2024-12-20 19:05:00',0,3657,24),
(4528,'2024-12-20 19:00:00',0,3658,23),
(4529,'2024-12-20 10:00:00',0,3661,23),
(4530,'2024-12-20 18:40:00',0,3661,28),
(4531,'2024-12-21 16:50:00',0,3667,24),
(4532,'2024-12-21 14:30:00',0,3612,23),
(4533,'2024-12-21 10:00:00',0,3682,23),
(4535,'2024-12-21 12:15:00',0,3684,23),
(4536,'2024-12-21 19:35:00',0,3684,28),
(4537,'2024-12-21 18:30:00',0,3687,23),
(4538,'2024-12-21 21:00:00',0,3659,23),
(4539,'2024-12-21 21:45:00',0,3659,28),
(4540,'2024-12-22 21:00:00',0,3667,23),
(4541,'2024-12-22 14:30:00',0,3612,23),
(4542,'2024-12-22 12:10:00',0,3687,23),
(4543,'2024-12-22 10:00:00',0,3601,23),
(4544,'2024-12-22 18:40:00',0,3601,28),
(4545,'2024-12-24 17:00:00',0,3604,23),
(4546,'2024-12-22 16:30:00',0,3604,28),
(4547,'2024-12-22 20:45:00',0,3663,28),
(4548,'2024-12-25 10:00:00',0,3611,25),
(4549,'2024-12-25 12:20:00',0,3611,25),
(4550,'2024-12-25 14:40:00',0,3611,25),
(4551,'2024-12-25 17:00:00',0,3611,25),
(4552,'2024-12-25 19:20:00',0,3611,25),
(4553,'2024-12-25 21:40:00',0,3611,25),
(4554,'2024-12-26 12:20:00',0,3611,25),
(4555,'2024-12-26 14:40:00',0,3611,25),
(4556,'2024-12-26 17:00:00',0,3611,25),
(4557,'2024-12-26 19:20:00',0,3611,25),
(4558,'2024-12-26 21:40:00',0,3611,25),
(4559,'2024-12-27 10:00:00',0,3611,25),
(4560,'2024-12-27 12:20:00',0,3611,25),
(4561,'2024-12-27 14:40:00',0,3611,25),
(4562,'2024-12-27 17:00:00',0,3611,25),
(4563,'2024-12-27 19:20:00',0,3611,25),
(4564,'2024-12-27 21:40:00',0,3611,25),
(4565,'2024-12-28 10:00:00',0,3611,25),
(4566,'2024-12-28 12:20:00',0,3611,25),
(4567,'2024-12-28 14:40:00',0,3611,25),
(4568,'2024-12-28 17:00:00',0,3611,25),
(4569,'2024-12-28 19:20:00',0,3611,25),
(4570,'2024-12-28 21:40:00',0,3611,25),
(4571,'2024-12-29 10:00:00',0,3611,25),
(4572,'2024-12-29 12:20:00',0,3611,25),
(4573,'2024-12-29 14:40:00',0,3611,25),
(4574,'2024-12-29 17:00:00',0,3611,25),
(4575,'2024-12-29 19:20:00',0,3611,25),
(4576,'2024-12-29 21:40:00',0,3611,25),
(4577,'2024-12-18 18:20:00',0,3651,30),
(4578,'2024-12-18 20:40:00',0,3651,30),
(4579,'2024-12-18 23:00:00',0,3651,30),
(4580,'2024-12-18 19:20:00',0,3651,35),
(4581,'2024-12-18 21:40:00',0,3651,35),
(4582,'2024-12-18 19:20:00',0,3666,34),
(4583,'2024-12-18 16:30:00',0,3668,32),
(4584,'2024-12-18 17:40:00',0,3649,31),
(4585,'2024-12-18 20:10:00',0,3649,31),
(4586,'2024-12-18 22:40:00',0,3649,31),
(4587,'2024-12-18 21:20:00',0,3649,33),
(4588,'2024-12-18 19:40:00',0,3669,32),
(4589,'2024-12-18 21:50:00',0,3670,32),
(4590,'2024-12-18 18:50:00',0,3670,33),
(4591,'2024-12-18 21:30:00',0,3608,34),
(4592,'2024-12-19 09:00:00',0,3651,30),
(4593,'2024-12-19 11:20:00',0,3651,30),
(4594,'2024-12-19 13:40:00',0,3651,30),
(4595,'2024-12-19 16:00:00',0,3651,30),
(4596,'2024-12-19 18:20:00',0,3651,30),
(4597,'2024-12-19 20:40:00',0,3651,30),
(4598,'2024-12-19 23:00:00',0,3651,30),
(4599,'2024-12-19 10:00:00',0,3651,32),
(4600,'2024-12-19 12:20:00',0,3651,32),
(4601,'2024-12-19 14:40:00',0,3651,32),
(4602,'2024-12-19 17:00:00',0,3651,32),
(4603,'2024-12-19 19:20:00',0,3651,32),
(4604,'2024-12-19 21:40:00',0,3651,32),
(4605,'2024-12-19 15:10:00',0,3651,35),
(4606,'2024-12-19 13:00:00',0,3666,35),
(4607,'2024-12-19 17:30:00',0,3666,35),
(4608,'2024-12-19 19:50:00',0,3666,35),
(4609,'2024-12-19 16:30:00',0,3668,34),
(4610,'2024-12-19 09:50:00',0,3668,35),
(4611,'2024-12-19 10:10:00',0,3649,31),
(4612,'2024-12-19 15:10:00',0,3649,31),
(4613,'2024-12-19 17:40:00',0,3649,31),
(4614,'2024-12-19 20:10:00',0,3649,31),
(4615,'2024-12-19 22:40:00',0,3649,31),
(4616,'2024-12-19 12:40:00',0,3649,31),
(4617,'2024-12-19 09:10:00',0,3649,33),
(4618,'2024-12-19 11:40:00',0,3649,33),
(4619,'2024-12-19 19:05:00',0,3649,33),
(4620,'2024-12-19 21:30:00',0,3649,33),
(4621,'2024-12-19 14:20:00',0,3669,34),
(4622,'2024-12-19 19:40:00',0,3669,34),
(4623,'2024-12-19 14:10:00',0,3670,33),
(4624,'2024-12-19 16:40:00',0,3670,33),
(4625,'2024-12-19 09:40:00',0,3670,34),
(4626,'2024-12-19 21:50:00',0,3670,34),
(4627,'2024-12-19 12:00:00',0,3602,34),
(4628,'2024-12-19 22:00:00',0,3608,35),
(4629,'2024-12-20 12:20:00',0,3651,30),
(4630,'2024-12-20 14:40:00',0,3651,30),
(4631,'2024-12-20 17:00:00',0,3651,30),
(4632,'2024-12-20 19:20:00',0,3651,30),
(4633,'2024-12-20 21:40:00',0,3651,30),
(4634,'2024-12-20 09:00:00',0,3651,32),
(4635,'2024-12-20 11:20:00',0,3651,32),
(4636,'2024-12-20 13:40:00',0,3651,32),
(4637,'2024-12-20 16:00:00',0,3651,32),
(4638,'2024-12-20 18:20:00',0,3651,32),
(4639,'2024-12-20 20:40:00',0,3651,32),
(4640,'2024-12-20 23:00:00',0,3651,32),
(4641,'2024-12-20 10:20:00',0,3651,33),
(4642,'2024-12-20 15:10:00',0,3651,35),
(4643,'2024-12-20 12:50:00',0,3666,35),
(4644,'2024-12-20 17:30:00',0,3666,35),
(4645,'2024-12-20 19:50:00',0,3666,35),
(4646,'2024-12-20 16:30:00',0,3668,34),
(4647,'2024-12-20 09:10:00',0,3649,31),
(4648,'2024-12-20 11:40:00',0,3649,31),
(4649,'2024-12-20 14:10:00',0,3649,31),
(4650,'2024-12-20 16:40:00',0,3649,31),
(4651,'2024-12-20 21:30:00',0,3649,31),
(4652,'2024-12-20 12:40:00',0,3649,33),
(4653,'2024-12-20 20:10:00',0,3649,33),
(4654,'2024-12-20 22:40:00',0,3649,33),
(4655,'2024-12-20 14:25:00',0,3669,34),
(4656,'2024-12-20 19:40:00',0,3669,34),
(4657,'2024-12-20 19:10:00',0,3670,31),
(4658,'2024-12-20 15:10:00',0,3670,33),
(4659,'2024-12-20 17:40:00',0,3670,33),
(4660,'2024-12-20 21:50:00',0,3670,34),
(4661,'2024-12-20 12:10:00',0,3602,34),
(4662,'2024-12-20 22:00:00',0,3608,35),
(4663,'2024-12-21 09:00:00',0,3651,31),
(4664,'2024-12-21 11:20:00',0,3651,31),
(4665,'2024-12-21 13:40:00',0,3651,31),
(4666,'2024-12-21 16:00:00',0,3651,31),
(4667,'2024-12-21 18:20:00',0,3651,31),
(4668,'2024-12-21 20:40:00',0,3651,31),
(4669,'2024-12-21 23:00:00',0,3651,31),
(4670,'2024-12-21 10:10:00',0,3649,30),
(4671,'2024-12-21 12:40:00',0,3649,30),
(4672,'2024-12-21 17:40:00',0,3649,30),
(4673,'2024-12-21 20:10:00',0,3649,30),
(4674,'2024-12-21 22:40:00',0,3649,30),
(4675,'2024-12-21 15:10:00',0,3649,30),
(4676,'2024-12-22 09:00:00',0,3651,31),
(4677,'2024-12-22 11:20:00',0,3651,31),
(4678,'2024-12-22 13:40:00',0,3651,31),
(4679,'2024-12-22 16:00:00',0,3651,31),
(4680,'2024-12-22 18:20:00',0,3651,31),
(4681,'2024-12-22 20:40:00',0,3651,31),
(4682,'2024-12-22 23:00:00',0,3651,31),
(4683,'2024-12-22 10:10:00',0,3649,30),
(4684,'2024-12-22 17:40:00',0,3649,30),
(4685,'2024-12-22 20:10:00',0,3649,30),
(4686,'2024-12-22 22:40:00',0,3649,30),
(4687,'2024-12-22 12:40:00',0,3649,30),
(4688,'2024-12-22 15:10:00',0,3649,30),
(4689,'2024-12-24 12:00:00',0,3611,31),
(4690,'2024-12-24 14:20:00',0,3611,31),
(4691,'2024-12-24 16:40:00',0,3611,31),
(4692,'2024-12-24 19:00:00',0,3611,31),
(4693,'2024-12-24 21:20:00',0,3611,31),
(4694,'2024-12-24 23:40:00',0,3611,31),
(4695,'2024-12-24 09:00:00',0,3611,33),
(4696,'2024-12-24 11:20:00',0,3611,33),
(4697,'2024-12-24 13:40:00',0,3611,33),
(4698,'2024-12-24 16:00:00',0,3611,33),
(4699,'2024-12-24 18:20:00',0,3611,33),
(4700,'2024-12-24 20:40:00',0,3611,33),
(4701,'2024-12-24 23:00:00',0,3611,33),
(4702,'2024-12-25 09:40:00',0,3611,31),
(4703,'2024-12-25 12:00:00',0,3611,31),
(4704,'2024-12-25 14:20:00',0,3611,31),
(4705,'2024-12-25 16:40:00',0,3611,31),
(4706,'2024-12-25 19:00:00',0,3611,31),
(4707,'2024-12-25 21:20:00',0,3611,31),
(4708,'2024-12-25 23:40:00',0,3611,31),
(4709,'2024-12-25 09:00:00',0,3611,33),
(4710,'2024-12-25 11:20:00',0,3611,33),
(4711,'2024-12-25 13:40:00',0,3611,33),
(4712,'2024-12-25 16:00:00',0,3611,33),
(4713,'2024-12-25 18:20:00',0,3611,33),
(4714,'2024-12-25 20:40:00',0,3611,33),
(4715,'2024-12-25 23:00:00',0,3611,33),
(4716,'2024-12-26 09:20:00',0,3611,31),
(4717,'2024-12-26 11:40:00',0,3611,31),
(4718,'2024-12-26 14:00:00',0,3611,31),
(4719,'2024-12-26 16:20:00',0,3611,31),
(4720,'2024-12-26 18:40:00',0,3611,31),
(4721,'2024-12-26 21:00:00',0,3611,31),
(4722,'2024-12-26 23:20:00',0,3611,31),
(4723,'2024-12-26 10:00:00',0,3611,33),
(4724,'2024-12-26 12:20:00',0,3611,33),
(4725,'2024-12-26 14:40:00',0,3611,33),
(4726,'2024-12-26 17:00:00',0,3611,33),
(4727,'2024-12-26 19:20:00',0,3611,33),
(4728,'2024-12-26 21:40:00',0,3611,33),
(4729,'2024-12-27 09:40:00',0,3611,31),
(4730,'2024-12-27 12:00:00',0,3611,31),
(4731,'2024-12-27 14:20:00',0,3611,31),
(4732,'2024-12-27 16:40:00',0,3611,31),
(4733,'2024-12-27 19:00:00',0,3611,31),
(4734,'2024-12-27 21:20:00',0,3611,31),
(4735,'2024-12-27 23:40:00',0,3611,31),
(4736,'2024-12-27 09:00:00',0,3611,33),
(4737,'2024-12-27 11:20:00',0,3611,33),
(4738,'2024-12-27 13:40:00',0,3611,33),
(4739,'2024-12-27 16:00:00',0,3611,33),
(4740,'2024-12-27 18:20:00',0,3611,33),
(4741,'2024-12-27 20:40:00',0,3611,33),
(4742,'2024-12-27 23:00:00',0,3611,33),
(4743,'2024-12-28 09:40:00',0,3611,31),
(4744,'2024-12-28 12:00:00',0,3611,31),
(4745,'2024-12-28 14:20:00',0,3611,31),
(4746,'2024-12-28 16:40:00',0,3611,31),
(4747,'2024-12-28 19:00:00',0,3611,31),
(4748,'2024-12-28 21:20:00',0,3611,31),
(4749,'2024-12-28 23:40:00',0,3611,31),
(4750,'2024-12-28 09:00:00',0,3611,33),
(4751,'2024-12-28 11:20:00',0,3611,33),
(4752,'2024-12-28 13:40:00',0,3611,33),
(4753,'2024-12-28 16:00:00',0,3611,33),
(4754,'2024-12-28 18:20:00',0,3611,33),
(4755,'2024-12-28 20:40:00',0,3611,33),
(4756,'2024-12-28 23:00:00',0,3611,33),
(4757,'2024-12-29 09:40:00',0,3611,31),
(4758,'2024-12-29 12:00:00',0,3611,31),
(4759,'2024-12-29 14:20:00',0,3611,31),
(4760,'2024-12-29 16:40:00',0,3611,31),
(4761,'2024-12-29 19:00:00',0,3611,31),
(4762,'2024-12-29 21:20:00',0,3611,31),
(4763,'2024-12-29 23:40:00',0,3611,31),
(4764,'2024-12-29 09:00:00',0,3611,33),
(4765,'2024-12-29 11:20:00',0,3611,33),
(4766,'2024-12-29 13:40:00',0,3611,33),
(4767,'2024-12-29 16:00:00',0,3611,33),
(4768,'2024-12-29 18:20:00',0,3611,33),
(4769,'2024-12-29 20:40:00',0,3611,33),
(4770,'2024-12-29 23:00:00',0,3611,33),
(4771,'2024-12-18 16:55:00',0,3651,37),
(4772,'2024-12-18 19:10:00',0,3651,37),
(4773,'2024-12-18 21:25:00',0,3651,37),
(4774,'2024-12-18 18:00:00',0,3651,40),
(4775,'2024-12-18 20:15:00',0,3651,40),
(4776,'2024-12-18 22:30:00',0,3651,40),
(4777,'2024-12-18 18:40:00',0,3668,41),
(4778,'2024-12-18 18:15:00',0,3649,38),
(4779,'2024-12-18 20:40:00',0,3649,38),
(4780,'2024-12-18 23:05:00',0,3649,38),
(4781,'2024-12-18 17:15:00',0,3649,36),
(4782,'2024-12-18 19:40:00',0,3649,36),
(4783,'2024-12-18 22:05:00',0,3649,36),
(4784,'2024-12-18 18:40:00',0,3649,39),
(4785,'2024-12-18 16:30:00',0,3669,39),
(4786,'2024-12-18 21:05:00',0,3669,39),
(4787,'2024-12-18 21:50:00',0,3673,41),
(4788,'2024-12-19 13:30:00',0,3650,41),
(4789,'2024-12-19 16:00:00',0,3650,41),
(4790,'2024-12-19 09:00:00',0,3651,37),
(4791,'2024-12-19 11:15:00',0,3651,37),
(4792,'2024-12-19 13:30:00',0,3651,37),
(4793,'2024-12-19 15:45:00',0,3651,37),
(4794,'2024-12-19 18:00:00',0,3651,37),
(4795,'2024-12-19 20:15:00',0,3651,37),
(4796,'2024-12-19 22:30:00',0,3651,37),
(4797,'2024-12-19 10:10:00',0,3651,40),
(4798,'2024-12-19 12:25:00',0,3651,40),
(4799,'2024-12-19 14:40:00',0,3651,40),
(4800,'2024-12-19 19:05:00',0,3651,40),
(4801,'2024-12-19 21:20:00',0,3651,40),
(4802,'2024-12-19 12:50:00',0,3666,39),
(4803,'2024-12-19 15:05:00',0,3666,39),
(4804,'2024-12-19 19:40:00',0,3668,39),
(4805,'2024-12-19 10:20:00',0,3668,41),
(4806,'2024-12-19 21:30:00',0,3668,41),
(4807,'2024-12-19 09:40:00',0,3649,38),
(4808,'2024-12-19 14:50:00',0,3649,38),
(4809,'2024-12-19 17:15:00',0,3649,38),
(4810,'2024-12-19 19:40:00',0,3649,38),
(4811,'2024-12-19 22:10:00',0,3649,38),
(4812,'2024-12-19 09:10:00',0,3649,36),
(4813,'2024-12-19 11:40:00',0,3649,36),
(4814,'2024-12-19 14:10:00',0,3649,36),
(4815,'2024-12-19 16:40:00',0,3649,36),
(4816,'2024-12-19 19:10:00',0,3649,36),
(4817,'2024-12-19 21:40:00',0,3649,36),
(4818,'2024-12-19 22:50:00',0,3649,39),
(4819,'2024-12-19 10:40:00',0,3669,39),
(4820,'2024-12-19 16:55:00',0,3669,40),
(4821,'2024-12-19 17:25:00',0,3673,39),
(4822,'2024-12-19 12:05:00',0,3685,38),
(4823,'2024-12-20 11:25:00',0,3650,41),
(4824,'2024-12-20 13:50:00',0,3650,41),
(4825,'2024-12-20 09:10:00',0,3651,39),
(4826,'2024-12-20 11:25:00',0,3651,39),
(4827,'2024-12-20 13:40:00',0,3651,39),
(4828,'2024-12-20 15:55:00',0,3651,39),
(4829,'2024-12-20 18:10:00',0,3651,39),
(4830,'2024-12-20 20:25:00',0,3651,39),
(4831,'2024-12-20 22:40:00',0,3651,39),
(4832,'2024-12-20 18:30:00',0,3668,41),
(4833,'2024-12-20 21:40:00',0,3668,41),
(4834,'2024-12-20 09:50:00',0,3649,38),
(4835,'2024-12-20 15:00:00',0,3649,38),
(4836,'2024-12-20 17:25:00',0,3649,38),
(4837,'2024-12-20 19:50:00',0,3649,38),
(4838,'2024-12-20 22:15:00',0,3649,38),
(4839,'2024-12-20 09:10:00',0,3649,40),
(4840,'2024-12-20 11:35:00',0,3649,40),
(4841,'2024-12-20 14:00:00',0,3649,40),
(4842,'2024-12-20 18:50:00',0,3649,40),
(4843,'2024-12-20 21:15:00',0,3649,40),
(4844,'2024-12-20 16:25:00',0,3649,40),
(4845,'2024-12-20 09:10:00',0,3670,41),
(4846,'2024-12-20 16:15:00',0,3673,41),
(4847,'2024-12-20 12:15:00',0,3685,38),
(4848,'2024-12-21 12:00:00',0,3650,41),
(4849,'2024-12-21 09:20:00',0,3651,40),
(4850,'2024-12-21 11:35:00',0,3651,40),
(4851,'2024-12-21 13:50:00',0,3651,40),
(4852,'2024-12-21 16:05:00',0,3651,40),
(4853,'2024-12-21 18:20:00',0,3651,40),
(4854,'2024-12-21 20:35:00',0,3651,40),
(4855,'2024-12-21 22:50:00',0,3651,40),
(4856,'2024-12-21 09:40:00',0,3666,41),
(4857,'2024-12-21 14:25:00',0,3666,41),
(4858,'2024-12-21 16:40:00',0,3668,41),
(4859,'2024-12-21 19:50:00',0,3668,41),
(4860,'2024-12-21 09:40:00',0,3649,38),
(4861,'2024-12-21 14:50:00',0,3649,38),
(4862,'2024-12-21 17:15:00',0,3649,38),
(4863,'2024-12-21 19:40:00',0,3649,38),
(4864,'2024-12-21 22:10:00',0,3649,38),
(4865,'2024-12-21 09:00:00',0,3649,39),
(4866,'2024-12-21 11:25:00',0,3649,39),
(4867,'2024-12-21 18:40:00',0,3649,39),
(4868,'2024-12-21 21:05:00',0,3649,39),
(4869,'2024-12-21 13:50:00',0,3649,39),
(4870,'2024-12-21 16:15:00',0,3649,39),
(4871,'2024-12-21 23:00:00',0,3673,41),
(4872,'2024-12-21 12:05:00',0,3685,38),
(4873,'2024-12-22 12:00:00',0,3650,41),
(4874,'2024-12-22 09:00:00',0,3651,39),
(4875,'2024-12-22 11:15:00',0,3651,39),
(4876,'2024-12-22 13:30:00',0,3651,39),
(4877,'2024-12-22 15:45:00',0,3651,39),
(4878,'2024-12-22 18:00:00',0,3651,39),
(4879,'2024-12-22 20:15:00',0,3651,39),
(4880,'2024-12-22 22:30:00',0,3651,39),
(4881,'2024-12-22 09:40:00',0,3666,41),
(4882,'2024-12-22 16:25:00',0,3668,41),
(4883,'2024-12-22 09:50:00',0,3649,38),
(4884,'2024-12-22 17:25:00',0,3649,38),
(4885,'2024-12-22 19:50:00',0,3649,38),
(4886,'2024-12-22 22:15:00',0,3649,38),
(4887,'2024-12-22 15:00:00',0,3649,38),
(4888,'2024-12-22 09:10:00',0,3649,40),
(4889,'2024-12-22 11:35:00',0,3649,40),
(4890,'2024-12-22 14:00:00',0,3649,40),
(4891,'2024-12-22 16:25:00',0,3649,40),
(4892,'2024-12-22 14:30:00',0,3613,41),
(4893,'2024-12-22 12:15:00',0,3685,38),
(4894,'2024-12-24 09:00:00',0,3611,36),
(4895,'2024-12-24 11:20:00',0,3611,36),
(4896,'2024-12-24 13:40:00',0,3611,36),
(4897,'2024-12-24 16:00:00',0,3611,36),
(4898,'2024-12-24 18:20:00',0,3611,36),
(4899,'2024-12-24 20:40:00',0,3611,36),
(4900,'2024-12-24 23:00:00',0,3611,36),
(4901,'2024-12-24 09:40:00',0,3611,37),
(4902,'2024-12-24 12:00:00',0,3611,37),
(4903,'2024-12-24 14:20:00',0,3611,37),
(4904,'2024-12-24 16:40:00',0,3611,37),
(4905,'2024-12-24 19:00:00',0,3611,37),
(4906,'2024-12-24 21:20:00',0,3611,37),
(4907,'2024-12-25 09:00:00',0,3611,36),
(4908,'2024-12-25 11:20:00',0,3611,36),
(4909,'2024-12-25 13:40:00',0,3611,36),
(4910,'2024-12-25 16:00:00',0,3611,36),
(4911,'2024-12-25 18:20:00',0,3611,36),
(4912,'2024-12-25 20:40:00',0,3611,36),
(4913,'2024-12-25 23:00:00',0,3611,36),
(4914,'2024-12-25 09:40:00',0,3611,37),
(4915,'2024-12-25 12:00:00',0,3611,37),
(4916,'2024-12-25 14:20:00',0,3611,37),
(4917,'2024-12-25 16:40:00',0,3611,37),
(4918,'2024-12-25 19:00:00',0,3611,37),
(4919,'2024-12-25 21:20:00',0,3611,37),
(4920,'2024-12-26 09:00:00',0,3611,36),
(4921,'2024-12-26 11:20:00',0,3611,36),
(4922,'2024-12-26 13:40:00',0,3611,36),
(4923,'2024-12-26 16:00:00',0,3611,36),
(4924,'2024-12-26 18:20:00',0,3611,36),
(4925,'2024-12-26 20:40:00',0,3611,36),
(4926,'2024-12-26 23:00:00',0,3611,36),
(4927,'2024-12-27 09:00:00',0,3611,36),
(4928,'2024-12-27 11:20:00',0,3611,36),
(4929,'2024-12-27 13:40:00',0,3611,36),
(4930,'2024-12-27 16:00:00',0,3611,36),
(4931,'2024-12-27 18:20:00',0,3611,36),
(4932,'2024-12-27 20:40:00',0,3611,36),
(4933,'2024-12-27 23:00:00',0,3611,36),
(4934,'2024-12-28 09:00:00',0,3611,36),
(4935,'2024-12-28 11:20:00',0,3611,36),
(4936,'2024-12-28 13:40:00',0,3611,36),
(4937,'2024-12-28 16:00:00',0,3611,36),
(4938,'2024-12-28 18:20:00',0,3611,36),
(4939,'2024-12-28 20:40:00',0,3611,36),
(4940,'2024-12-28 23:00:00',0,3611,36),
(4941,'2024-12-29 09:00:00',0,3611,36),
(4942,'2024-12-29 11:20:00',0,3611,36),
(4943,'2024-12-29 13:40:00',0,3611,36),
(4944,'2024-12-29 16:00:00',0,3611,36),
(4945,'2024-12-29 18:20:00',0,3611,36),
(4946,'2024-12-29 20:40:00',0,3611,36),
(4947,'2024-12-29 23:00:00',0,3611,36),
(4948,'2024-12-18 20:30:00',0,3651,43),
(4949,'2024-12-18 22:45:00',0,3651,43),
(4950,'2024-12-18 18:00:00',0,3651,44),
(4951,'2024-12-18 20:15:00',0,3651,44),
(4952,'2024-12-18 22:30:00',0,3651,44),
(4953,'2024-12-18 16:55:00',0,3651,46),
(4954,'2024-12-18 19:10:00',0,3651,46),
(4955,'2024-12-18 21:25:00',0,3651,46),
(4956,'2024-12-18 19:35:00',0,3668,47),
(4957,'2024-12-18 18:05:00',0,3649,45),
(4958,'2024-12-18 20:30:00',0,3649,45),
(4959,'2024-12-18 22:55:00',0,3649,45),
(4960,'2024-12-18 18:45:00',0,3649,42),
(4961,'2024-12-18 21:15:00',0,3649,42),
(4962,'2024-12-18 17:15:00',0,3649,48),
(4963,'2024-12-18 19:40:00',0,3649,48),
(4964,'2024-12-18 22:05:00',0,3649,48),
(4965,'2024-12-18 17:20:00',0,3669,47),
(4966,'2024-12-18 22:55:00',0,3670,47),
(4967,'2024-12-19 10:20:00',0,3651,42),
(4968,'2024-12-19 12:35:00',0,3651,42),
(4969,'2024-12-19 14:50:00',0,3651,42),
(4970,'2024-12-19 17:05:00',0,3651,42),
(4971,'2024-12-19 19:20:00',0,3651,42),
(4972,'2024-12-19 21:35:00',0,3651,42),
(4973,'2024-12-19 15:35:00',0,3651,43),
(4974,'2024-12-19 22:15:00',0,3651,43),
(4975,'2024-12-19 10:00:00',0,3651,44),
(4976,'2024-12-19 12:15:00',0,3651,44),
(4977,'2024-12-19 14:30:00',0,3651,44),
(4978,'2024-12-19 16:45:00',0,3651,44),
(4979,'2024-12-19 19:00:00',0,3651,44),
(4980,'2024-12-19 21:15:00',0,3651,44),
(4981,'2024-12-19 09:10:00',0,3651,48),
(4982,'2024-12-19 11:25:00',0,3651,48),
(4983,'2024-12-19 13:40:00',0,3651,48),
(4984,'2024-12-19 15:55:00',0,3651,48),
(4985,'2024-12-19 18:10:00',0,3651,48),
(4986,'2024-12-19 20:25:00',0,3651,48),
(4987,'2024-12-19 22:40:00',0,3651,48),
(4988,'2024-12-19 09:20:00',0,3666,47),
(4989,'2024-12-19 13:45:00',0,3666,47),
(4990,'2024-12-19 12:25:00',0,3668,43),
(4991,'2024-12-19 18:10:00',0,3668,47),
(4992,'2024-12-19 21:20:00',0,3668,47),
(4993,'2024-12-19 09:40:00',0,3649,45),
(4994,'2024-12-19 14:50:00',0,3649,45),
(4995,'2024-12-19 17:15:00',0,3649,45),
(4996,'2024-12-19 19:40:00',0,3649,45),
(4997,'2024-12-19 22:05:00',0,3649,45),
(4998,'2024-12-19 09:00:00',0,3649,46),
(4999,'2024-12-19 11:25:00',0,3649,46),
(5000,'2024-12-19 13:50:00',0,3649,46),
(5001,'2024-12-19 16:15:00',0,3649,46),
(5002,'2024-12-19 18:40:00',0,3649,46),
(5003,'2024-12-19 21:05:00',0,3649,46),
(5004,'2024-12-19 20:05:00',0,3669,43),
(5005,'2024-12-19 11:35:00',0,3669,47),
(5006,'2024-12-19 16:00:00',0,3669,47),
(5007,'2024-12-19 10:10:00',0,3670,43),
(5008,'2024-12-19 17:50:00',0,3673,43),
(5009,'2024-12-19 12:05:00',0,3685,45),
(5010,'2024-12-20 09:30:00',0,3651,46),
(5011,'2024-12-20 11:45:00',0,3651,46),
(5012,'2024-12-20 14:00:00',0,3651,46),
(5013,'2024-12-20 16:15:00',0,3651,46),
(5014,'2024-12-20 18:30:00',0,3651,46),
(5015,'2024-12-20 20:45:00',0,3651,46),
(5016,'2024-12-20 23:00:00',0,3651,46),
(5017,'2024-12-20 09:10:00',0,3651,48),
(5018,'2024-12-20 11:25:00',0,3651,48),
(5019,'2024-12-20 13:40:00',0,3651,48),
(5020,'2024-12-20 15:55:00',0,3651,48),
(5021,'2024-12-20 18:10:00',0,3651,48),
(5022,'2024-12-20 20:25:00',0,3651,48),
(5023,'2024-12-20 22:40:00',0,3651,48),
(5024,'2024-12-20 09:20:00',0,3666,47),
(5025,'2024-12-20 13:45:00',0,3666,47),
(5026,'2024-12-20 18:10:00',0,3668,47),
(5027,'2024-12-20 21:20:00',0,3668,47),
(5028,'2024-12-20 09:40:00',0,3649,45),
(5029,'2024-12-20 14:50:00',0,3649,45),
(5030,'2024-12-20 17:15:00',0,3649,45),
(5031,'2024-12-20 19:40:00',0,3649,45),
(5032,'2024-12-20 22:05:00',0,3649,45),
(5033,'2024-12-20 10:30:00',0,3649,43),
(5034,'2024-12-20 15:20:00',0,3649,43),
(5035,'2024-12-20 17:45:00',0,3649,43),
(5036,'2024-12-20 20:10:00',0,3649,43),
(5037,'2024-12-20 22:35:00',0,3649,43),
(5038,'2024-12-20 12:55:00',0,3649,43),
(5039,'2024-12-20 11:35:00',0,3669,47),
(5040,'2024-12-20 16:00:00',0,3669,47),
(5041,'2024-12-20 12:05:00',0,3685,45),
(5042,'2024-12-21 10:20:00',0,3651,42),
(5043,'2024-12-21 12:35:00',0,3651,42),
(5044,'2024-12-21 14:50:00',0,3651,42),
(5045,'2024-12-21 17:05:00',0,3651,42),
(5046,'2024-12-21 19:20:00',0,3651,42),
(5047,'2024-12-21 21:35:00',0,3651,42),
(5048,'2024-12-21 22:25:00',0,3651,44),
(5049,'2024-12-21 09:10:00',0,3651,48),
(5050,'2024-12-21 11:25:00',0,3651,48),
(5051,'2024-12-21 13:40:00',0,3651,48),
(5052,'2024-12-21 15:55:00',0,3651,48),
(5053,'2024-12-21 18:10:00',0,3651,48),
(5054,'2024-12-21 20:25:00',0,3651,48),
(5055,'2024-12-21 22:40:00',0,3651,48),
(5056,'2024-12-21 09:00:00',0,3649,45),
(5057,'2024-12-21 10:20:00',0,3649,44),
(5058,'2024-12-21 17:35:00',0,3649,44),
(5059,'2024-12-21 20:00:00',0,3649,44),
(5060,'2024-12-21 12:45:00',0,3649,44),
(5061,'2024-12-21 15:10:00',0,3649,44),
(5062,'2024-12-21 11:25:00',0,3685,45),
(5063,'2024-12-22 17:15:00',0,3651,44),
(5064,'2024-12-22 19:30:00',0,3651,44),
(5065,'2024-12-22 21:45:00',0,3651,44),
(5066,'2024-12-22 09:00:00',0,3651,48),
(5067,'2024-12-22 11:15:00',0,3651,48),
(5068,'2024-12-22 13:30:00',0,3651,48),
(5069,'2024-12-22 15:45:00',0,3651,48),
(5070,'2024-12-22 18:00:00',0,3651,48),
(5071,'2024-12-22 20:15:00',0,3651,48),
(5072,'2024-12-22 22:30:00',0,3651,48),
(5073,'2024-12-22 09:00:00',0,3649,45),
(5074,'2024-12-22 10:00:00',0,3649,44),
(5075,'2024-12-22 12:25:00',0,3649,44),
(5076,'2024-12-22 14:50:00',0,3649,44),
(5077,'2024-12-22 11:25:00',0,3685,45),
(5078,'2024-12-24 09:20:00',0,3611,46),
(5079,'2024-12-24 11:40:00',0,3611,46),
(5080,'2024-12-24 14:00:00',0,3611,46),
(5081,'2024-12-24 16:20:00',0,3611,46),
(5082,'2024-12-24 18:40:00',0,3611,46),
(5083,'2024-12-24 21:00:00',0,3611,46),
(5084,'2024-12-24 09:00:00',0,3611,48),
(5085,'2024-12-24 11:20:00',0,3611,48),
(5086,'2024-12-24 13:40:00',0,3611,48),
(5087,'2024-12-24 16:00:00',0,3611,48),
(5088,'2024-12-24 18:20:00',0,3611,48),
(5089,'2024-12-24 20:40:00',0,3611,48),
(5090,'2024-12-24 23:00:00',0,3611,48),
(5091,'2024-12-25 10:50:00',0,3611,46),
(5092,'2024-12-25 13:10:00',0,3611,46),
(5093,'2024-12-25 15:30:00',0,3611,46),
(5094,'2024-12-25 17:50:00',0,3611,46),
(5095,'2024-12-25 20:10:00',0,3611,46),
(5096,'2024-12-25 22:30:00',0,3611,46),
(5097,'2024-12-25 09:00:00',0,3611,48),
(5098,'2024-12-25 11:20:00',0,3611,48),
(5099,'2024-12-25 13:40:00',0,3611,48),
(5100,'2024-12-25 16:00:00',0,3611,48),
(5101,'2024-12-25 18:20:00',0,3611,48),
(5102,'2024-12-25 20:40:00',0,3611,48),
(5103,'2024-12-25 23:00:00',0,3611,48),
(5104,'2024-12-25 09:00:00',0,3618,45),
(5105,'2024-12-25 14:20:00',0,3618,45),
(5106,'2024-12-25 17:15:00',0,3618,45),
(5107,'2024-12-25 20:10:00',0,3618,45),
(5108,'2024-12-25 23:05:00',0,3618,45),
(5109,'2024-12-26 09:20:00',0,3611,46),
(5110,'2024-12-26 11:40:00',0,3611,46),
(5111,'2024-12-26 14:00:00',0,3611,46),
(5112,'2024-12-26 16:20:00',0,3611,46),
(5113,'2024-12-26 18:40:00',0,3611,46),
(5114,'2024-12-26 21:00:00',0,3611,46),
(5115,'2024-12-26 09:00:00',0,3611,48),
(5116,'2024-12-26 11:20:00',0,3611,48),
(5117,'2024-12-26 13:40:00',0,3611,48),
(5118,'2024-12-26 16:00:00',0,3611,48),
(5119,'2024-12-26 18:20:00',0,3611,48),
(5120,'2024-12-26 20:40:00',0,3611,48),
(5121,'2024-12-26 23:00:00',0,3611,48),
(5122,'2024-12-27 09:20:00',0,3611,46),
(5123,'2024-12-27 11:40:00',0,3611,46),
(5124,'2024-12-27 14:00:00',0,3611,46),
(5125,'2024-12-27 16:20:00',0,3611,46),
(5126,'2024-12-27 18:40:00',0,3611,46),
(5127,'2024-12-27 21:00:00',0,3611,46),
(5128,'2024-12-27 09:00:00',0,3611,48),
(5129,'2024-12-27 11:20:00',0,3611,48),
(5130,'2024-12-27 13:40:00',0,3611,48),
(5131,'2024-12-27 16:00:00',0,3611,48),
(5132,'2024-12-27 18:20:00',0,3611,48),
(5133,'2024-12-27 20:40:00',0,3611,48),
(5134,'2024-12-27 23:00:00',0,3611,48),
(5135,'2024-12-27 09:00:00',0,3618,45),
(5136,'2024-12-27 14:20:00',0,3618,45),
(5137,'2024-12-27 17:15:00',0,3618,45),
(5138,'2024-12-27 20:10:00',0,3618,45),
(5139,'2024-12-27 23:05:00',0,3618,45),
(5140,'2024-12-28 09:20:00',0,3611,46),
(5141,'2024-12-28 11:40:00',0,3611,46),
(5142,'2024-12-28 14:00:00',0,3611,46),
(5143,'2024-12-28 16:20:00',0,3611,46),
(5144,'2024-12-28 18:40:00',0,3611,46),
(5145,'2024-12-28 21:00:00',0,3611,46),
(5146,'2024-12-28 09:00:00',0,3611,48),
(5147,'2024-12-28 11:20:00',0,3611,48),
(5148,'2024-12-28 13:40:00',0,3611,48),
(5149,'2024-12-28 16:00:00',0,3611,48),
(5150,'2024-12-28 18:20:00',0,3611,48),
(5151,'2024-12-28 20:40:00',0,3611,48),
(5152,'2024-12-28 23:00:00',0,3611,48),
(5153,'2024-12-28 09:00:00',0,3618,45),
(5154,'2024-12-28 14:20:00',0,3618,45),
(5155,'2024-12-28 17:15:00',0,3618,45),
(5156,'2024-12-28 20:10:00',0,3618,45),
(5157,'2024-12-28 23:05:00',0,3618,45),
(5158,'2024-12-29 09:20:00',0,3611,46),
(5159,'2024-12-29 11:40:00',0,3611,46),
(5160,'2024-12-29 14:00:00',0,3611,46),
(5161,'2024-12-29 16:20:00',0,3611,46),
(5162,'2024-12-29 18:40:00',0,3611,46),
(5163,'2024-12-29 21:00:00',0,3611,46),
(5164,'2024-12-29 09:00:00',0,3611,48),
(5165,'2024-12-29 11:20:00',0,3611,48),
(5166,'2024-12-29 13:40:00',0,3611,48),
(5167,'2024-12-29 16:00:00',0,3611,48),
(5168,'2024-12-29 18:20:00',0,3611,48),
(5169,'2024-12-29 20:40:00',0,3611,48),
(5170,'2024-12-29 23:00:00',0,3611,48),
(5171,'2024-12-29 09:00:00',0,3618,45),
(5172,'2024-12-29 14:20:00',0,3618,45),
(5173,'2024-12-29 17:15:00',0,3618,45),
(5174,'2024-12-29 20:10:00',0,3618,45),
(5175,'2024-12-29 23:05:00',0,3618,45),
(5176,'2024-12-18 16:40:00',0,3651,50),
(5177,'2024-12-18 19:00:00',0,3651,50),
(5178,'2024-12-18 21:15:00',0,3651,50),
(5179,'2024-12-18 17:55:00',0,3651,52),
(5180,'2024-12-18 22:55:00',0,3668,53),
(5181,'2024-12-18 17:15:00',0,3649,49),
(5182,'2024-12-18 19:40:00',0,3649,49),
(5183,'2024-12-18 22:05:00',0,3649,49),
(5184,'2024-12-18 18:15:00',0,3649,51),
(5185,'2024-12-18 23:00:00',0,3649,51),
(5186,'2024-12-18 20:45:00',0,3669,53),
(5187,'2024-12-18 22:30:00',0,3669,52),
(5188,'2024-12-18 20:40:00',0,3673,51),
(5189,'2024-12-18 18:20:00',0,3608,53),
(5190,'2024-12-18 20:10:00',0,3657,52),
(5191,'2024-12-19 09:10:00',0,3651,50),
(5192,'2024-12-19 11:25:00',0,3651,50),
(5193,'2024-12-19 17:00:00',0,3651,50),
(5194,'2024-12-19 19:15:00',0,3651,50),
(5195,'2024-12-19 21:30:00',0,3651,50),
(5196,'2024-12-19 15:20:00',0,3651,52),
(5197,'2024-12-19 20:00:00',0,3651,52),
(5198,'2024-12-19 11:10:00',0,3666,51),
(5199,'2024-12-19 13:30:00',0,3666,51),
(5200,'2024-12-19 15:50:00',0,3666,51),
(5201,'2024-12-19 10:00:00',0,3668,53),
(5202,'2024-12-19 22:35:00',0,3668,53),
(5203,'2024-12-19 15:35:00',0,3649,53),
(5204,'2024-12-19 18:00:00',0,3649,53),
(5205,'2024-12-19 09:30:00',0,3649,49),
(5206,'2024-12-19 11:55:00',0,3649,49),
(5207,'2024-12-19 14:20:00',0,3649,49),
(5208,'2024-12-19 16:45:00',0,3649,49),
(5209,'2024-12-19 19:10:00',0,3649,49),
(5210,'2024-12-19 21:35:00',0,3649,49),
(5211,'2024-12-19 13:10:00',0,3669,53),
(5212,'2024-12-19 20:25:00',0,3669,53),
(5213,'2024-12-19 09:00:00',0,3669,51),
(5214,'2024-12-19 17:40:00',0,3669,52),
(5215,'2024-12-19 10:40:00',0,3670,52),
(5216,'2024-12-19 20:45:00',0,3673,51),
(5217,'2024-12-19 13:00:00',0,3673,52),
(5218,'2024-12-19 18:20:00',0,3608,51),
(5219,'2024-12-20 14:00:00',0,3651,51),
(5220,'2024-12-20 19:00:00',0,3651,51),
(5221,'2024-12-20 09:50:00',0,3651,50),
(5222,'2024-12-20 12:05:00',0,3651,50),
(5223,'2024-12-20 14:20:00',0,3651,50),
(5224,'2024-12-20 16:40:00',0,3651,50),
(5225,'2024-12-20 19:00:00',0,3651,50),
(5226,'2024-12-20 21:15:00',0,3651,50),
(5227,'2024-12-20 11:30:00',0,3666,51),
(5228,'2024-12-20 13:45:00',0,3666,51),
(5229,'2024-12-20 16:00:00',0,3666,51),
(5230,'2024-12-20 19:40:00',0,3668,49),
(5231,'2024-12-20 10:00:00',0,3649,49),
(5232,'2024-12-20 12:25:00',0,3649,49),
(5233,'2024-12-20 14:50:00',0,3649,49),
(5234,'2024-12-20 17:15:00',0,3649,49),
(5235,'2024-12-20 22:50:00',0,3649,49),
(5236,'2024-12-20 20:30:00',0,3649,51),
(5237,'2024-12-20 09:20:00',0,3669,51),
(5238,'2024-12-20 18:15:00',0,3673,51),
(5239,'2024-12-24 09:00:00',0,3611,49),
(5240,'2024-12-24 11:20:00',0,3611,49),
(5241,'2024-12-24 13:40:00',0,3611,49),
(5242,'2024-12-24 16:00:00',0,3611,49),
(5243,'2024-12-24 18:20:00',0,3611,49),
(5244,'2024-12-24 20:40:00',0,3611,49),
(5245,'2024-12-24 23:00:00',0,3611,49),
(5246,'2024-12-24 20:00:00',0,3617,51),
(5247,'2024-12-25 09:00:00',0,3611,49),
(5248,'2024-12-25 11:20:00',0,3611,49),
(5249,'2024-12-25 13:40:00',0,3611,49),
(5250,'2024-12-25 16:00:00',0,3611,49),
(5251,'2024-12-25 18:20:00',0,3611,49),
(5252,'2024-12-25 20:40:00',0,3611,49),
(5253,'2024-12-25 23:00:00',0,3611,49),
(5254,'2024-12-26 11:20:00',0,3611,49),
(5255,'2024-12-26 13:40:00',0,3611,49),
(5256,'2024-12-26 16:00:00',0,3611,49),
(5257,'2024-12-26 18:20:00',0,3611,49),
(5258,'2024-12-26 20:40:00',0,3611,49),
(5259,'2024-12-26 23:00:00',0,3611,49),
(5260,'2024-12-27 09:00:00',0,3611,49),
(5261,'2024-12-27 11:20:00',0,3611,49),
(5262,'2024-12-27 13:40:00',0,3611,49),
(5263,'2024-12-27 16:00:00',0,3611,49),
(5264,'2024-12-27 18:20:00',0,3611,49),
(5265,'2024-12-27 20:40:00',0,3611,49),
(5266,'2024-12-27 23:00:00',0,3611,49),
(5267,'2024-12-28 09:00:00',0,3611,49),
(5268,'2024-12-28 11:20:00',0,3611,49),
(5269,'2024-12-28 13:40:00',0,3611,49),
(5270,'2024-12-28 16:00:00',0,3611,49),
(5271,'2024-12-28 18:20:00',0,3611,49),
(5272,'2024-12-28 20:40:00',0,3611,49),
(5273,'2024-12-28 23:00:00',0,3611,49),
(5274,'2024-12-29 09:00:00',0,3611,49),
(5275,'2024-12-29 11:20:00',0,3611,49),
(5276,'2024-12-29 13:40:00',0,3611,49),
(5277,'2024-12-29 16:00:00',0,3611,49),
(5278,'2024-12-29 18:20:00',0,3611,49),
(5279,'2024-12-29 20:40:00',0,3611,49),
(5280,'2024-12-29 23:00:00',0,3611,49),
(5281,'2024-12-18 18:40:00',0,3650,54),
(5282,'2024-12-18 17:00:00',0,3651,57),
(5283,'2024-12-18 19:15:00',0,3651,57),
(5284,'2024-12-18 18:00:00',0,3651,58),
(5285,'2024-12-18 20:15:00',0,3651,58),
(5286,'2024-12-18 22:30:00',0,3651,58),
(5287,'2024-12-18 21:10:00',0,3668,54),
(5288,'2024-12-18 17:55:00',0,3649,56),
(5289,'2024-12-18 20:20:00',0,3649,56),
(5290,'2024-12-18 22:45:00',0,3649,56),
(5291,'2024-12-18 18:55:00',0,3649,59),
(5292,'2024-12-18 21:20:00',0,3649,59),
(5293,'2024-12-18 20:40:00',0,3669,55),
(5294,'2024-12-18 23:00:00',0,3669,55),
(5295,'2024-12-18 18:15:00',0,3608,55),
(5296,'2024-12-18 21:30:00',0,3608,57),
(5297,'2024-12-19 11:35:00',0,3650,54),
(5298,'2024-12-19 16:15:00',0,3650,54),
(5299,'2024-12-19 13:55:00',0,3650,55),
(5300,'2024-12-19 12:20:00',0,3651,57),
(5301,'2024-12-19 14:35:00',0,3651,57),
(5302,'2024-12-19 16:50:00',0,3651,57),
(5303,'2024-12-19 19:05:00',0,3651,57),
(5304,'2024-12-19 09:00:00',0,3651,58),
(5305,'2024-12-19 11:15:00',0,3651,58),
(5306,'2024-12-19 13:30:00',0,3651,58),
(5307,'2024-12-19 15:45:00',0,3651,58),
(5308,'2024-12-19 18:00:00',0,3651,58),
(5309,'2024-12-19 20:15:00',0,3651,58),
(5310,'2024-12-19 22:30:00',0,3651,58),
(5311,'2024-12-19 09:20:00',0,3666,54),
(5312,'2024-12-19 14:00:00',0,3666,54),
(5313,'2024-12-19 16:20:00',0,3666,55),
(5314,'2024-12-19 21:10:00',0,3668,54),
(5315,'2024-12-19 09:10:00',0,3668,57),
(5316,'2024-12-19 09:30:00',0,3649,56),
(5317,'2024-12-19 16:45:00',0,3649,56),
(5318,'2024-12-19 19:10:00',0,3649,56),
(5319,'2024-12-19 21:35:00',0,3649,56),
(5320,'2024-12-19 11:55:00',0,3649,56),
(5321,'2024-12-19 14:20:00',0,3649,56),
(5322,'2024-12-19 10:30:00',0,3649,59),
(5323,'2024-12-19 12:55:00',0,3649,59),
(5324,'2024-12-19 15:20:00',0,3649,59),
(5325,'2024-12-19 17:45:00',0,3649,59),
(5326,'2024-12-19 20:10:00',0,3649,59),
(5327,'2024-12-19 22:35:00',0,3649,59),
(5328,'2024-12-19 09:35:00',0,3669,55),
(5329,'2024-12-19 18:35:00',0,3669,55),
(5330,'2024-12-19 20:50:00',0,3669,55),
(5331,'2024-12-19 23:00:00',0,3669,55),
(5332,'2024-12-19 11:45:00',0,3669,55),
(5333,'2024-12-19 18:40:00',0,3608,54),
(5334,'2024-12-19 21:20:00',0,3608,57),
(5335,'2024-12-20 14:40:00',0,3650,57),
(5336,'2024-12-20 12:35:00',0,3650,58),
(5337,'2024-12-20 17:15:00',0,3650,58),
(5338,'2024-12-20 09:00:00',0,3651,55),
(5339,'2024-12-20 11:15:00',0,3651,55),
(5340,'2024-12-20 13:30:00',0,3651,55),
(5341,'2024-12-20 15:45:00',0,3651,55),
(5342,'2024-12-20 18:00:00',0,3651,55),
(5343,'2024-12-20 20:15:00',0,3651,55),
(5344,'2024-12-20 22:30:00',0,3651,55),
(5345,'2024-12-20 17:10:00',0,3666,57),
(5346,'2024-12-20 15:00:00',0,3666,58),
(5347,'2024-12-20 09:20:00',0,3668,58),
(5348,'2024-12-20 09:30:00',0,3649,56),
(5349,'2024-12-20 16:45:00',0,3649,56),
(5350,'2024-12-20 22:00:00',0,3649,56),
(5351,'2024-12-20 11:55:00',0,3649,56),
(5352,'2024-12-20 14:20:00',0,3649,56),
(5353,'2024-12-20 10:40:00',0,3649,59),
(5354,'2024-12-20 13:05:00',0,3649,59),
(5355,'2024-12-20 15:30:00',0,3649,59),
(5356,'2024-12-20 17:55:00',0,3649,59),
(5357,'2024-12-20 20:20:00',0,3649,59),
(5358,'2024-12-20 23:00:00',0,3649,59),
(5359,'2024-12-20 10:20:00',0,3669,57),
(5360,'2024-12-20 22:15:00',0,3669,57),
(5361,'2024-12-20 12:30:00',0,3669,57),
(5362,'2024-12-20 22:20:00',0,3608,58),
(5363,'2024-12-21 11:35:00',0,3650,54),
(5364,'2024-12-21 14:00:00',0,3650,54),
(5365,'2024-12-21 09:00:00',0,3651,58),
(5366,'2024-12-21 11:15:00',0,3651,58),
(5367,'2024-12-21 13:30:00',0,3651,58),
(5368,'2024-12-21 15:45:00',0,3651,58),
(5369,'2024-12-21 18:00:00',0,3651,58),
(5370,'2024-12-21 20:20:00',0,3651,58),
(5371,'2024-12-21 22:35:00',0,3651,58),
(5372,'2024-12-21 09:20:00',0,3666,54),
(5373,'2024-12-21 12:55:00',0,3666,59),
(5374,'2024-12-21 15:10:00',0,3666,59),
(5375,'2024-12-21 09:40:00',0,3668,57),
(5376,'2024-12-21 16:45:00',0,3649,56),
(5377,'2024-12-21 19:10:00',0,3649,56),
(5378,'2024-12-21 21:35:00',0,3649,56),
(5379,'2024-12-21 09:35:00',0,3669,55),
(5380,'2024-12-21 18:25:00',0,3669,55),
(5381,'2024-12-21 20:40:00',0,3669,55),
(5382,'2024-12-21 22:50:00',0,3669,55),
(5383,'2024-12-21 11:45:00',0,3669,55),
(5384,'2024-12-21 12:50:00',0,3613,57),
(5385,'2024-12-24 09:20:00',0,3611,56),
(5386,'2024-12-24 11:40:00',0,3611,56),
(5387,'2024-12-24 14:00:00',0,3611,56),
(5388,'2024-12-24 16:20:00',0,3611,56),
(5389,'2024-12-24 18:40:00',0,3611,56),
(5390,'2024-12-24 21:00:00',0,3611,56),
(5391,'2024-12-25 09:20:00',0,3611,56),
(5392,'2024-12-25 11:40:00',0,3611,56),
(5393,'2024-12-25 14:00:00',0,3611,56),
(5394,'2024-12-25 16:20:00',0,3611,56),
(5395,'2024-12-25 18:40:00',0,3611,56),
(5396,'2024-12-25 21:00:00',0,3611,56),
(5397,'2024-12-26 09:20:00',0,3611,56),
(5398,'2024-12-26 11:40:00',0,3611,56),
(5399,'2024-12-26 14:00:00',0,3611,56),
(5400,'2024-12-26 16:20:00',0,3611,56),
(5401,'2024-12-26 18:40:00',0,3611,56),
(5402,'2024-12-26 21:00:00',0,3611,56),
(5403,'2024-12-27 09:20:00',0,3611,56),
(5404,'2024-12-27 11:40:00',0,3611,56),
(5405,'2024-12-27 14:00:00',0,3611,56),
(5406,'2024-12-27 16:20:00',0,3611,56),
(5407,'2024-12-27 18:40:00',0,3611,56),
(5408,'2024-12-27 21:00:00',0,3611,56),
(5409,'2024-12-27 23:20:00',0,3611,56),
(5410,'2024-12-28 16:00:00',0,3611,59),
(5411,'2024-12-21 15:25:00',0,3651,5),
(5412,'2024-12-21 22:15:00',0,3651,5),
(5413,'2024-12-21 10:10:00',0,3651,6),
(5414,'2024-12-21 12:25:00',0,3651,6),
(5415,'2024-12-21 14:40:00',0,3651,6),
(5416,'2024-12-21 16:55:00',0,3651,6),
(5417,'2024-12-21 19:10:00',0,3651,6),
(5418,'2024-12-21 23:30:00',0,3651,6),
(5419,'2024-12-21 20:45:00',0,3651,8),
(5420,'2024-12-21 13:10:00',0,3666,5),
(5421,'2024-12-21 09:00:00',0,3666,8),
(5422,'2024-12-21 17:50:00',0,3666,8),
(5423,'2024-12-21 15:25:00',0,3650,8),
(5424,'2024-12-21 23:00:00',0,3650,8),
(5425,'2024-12-21 11:30:00',0,3668,1),
(5426,'2024-12-21 17:40:00',0,3667,5),
(5427,'2024-12-21 09:20:00',0,3669,1),
(5428,'2024-12-21 14:40:00',0,3669,1),
(5429,'2024-12-21 11:15:00',0,3669,8),
(5430,'2024-12-21 10:00:00',0,3649,4),
(5431,'2024-12-21 20:00:00',0,3649,4),
(5432,'2024-12-21 22:25:00',0,3649,4),
(5433,'2024-12-21 12:25:00',0,3649,4),
(5434,'2024-12-21 11:00:00',0,3673,5),
(5435,'2024-12-21 20:05:00',0,3656,8),
(5436,'2024-12-21 21:25:00',0,3606,6),
(5437,'2024-12-21 09:05:00',0,3690,5),
(5438,'2024-12-23 09:50:00',0,3651,2),
(5439,'2024-12-23 12:05:00',0,3651,2),
(5440,'2024-12-23 14:20:00',0,3651,2),
(5441,'2024-12-23 16:35:00',0,3651,2),
(5442,'2024-12-23 18:50:00',0,3651,2),
(5443,'2024-12-23 21:05:00',0,3651,2),
(5444,'2024-12-23 23:20:00',0,3651,2),
(5445,'2024-12-23 11:20:00',0,3666,5),
(5446,'2024-12-23 13:35:00',0,3668,5),
(5447,'2024-12-23 22:45:00',0,3668,5),
(5448,'2024-12-23 09:10:00',0,3669,5),
(5449,'2024-12-23 09:20:00',0,3649,4),
(5450,'2024-12-23 11:45:00',0,3649,4),
(5451,'2024-12-23 14:10:00',0,3649,4),
(5452,'2024-12-23 16:35:00',0,3649,4),
(5453,'2024-12-23 19:00:00',0,3649,4),
(5454,'2024-12-23 10:20:00',0,3649,7),
(5455,'2024-12-23 12:45:00',0,3649,7),
(5456,'2024-12-23 15:10:00',0,3649,7),
(5457,'2024-12-23 17:35:00',0,3649,7),
(5458,'2024-12-23 20:00:00',0,3649,7),
(5459,'2024-12-23 22:25:00',0,3649,7),
(5460,'2024-12-23 17:20:00',0,3615,5),
(5461,'2024-12-23 21:10:00',0,3615,5),
(5462,'2024-12-23 21:30:00',0,3685,4),
(5463,'2024-12-23 16:45:00',0,3656,5),
(5464,'2024-12-23 19:10:00',0,3606,5),
(5465,'2024-12-20 19:35:00',0,3651,11),
(5466,'2024-12-20 21:50:00',0,3651,11),
(5467,'2024-12-20 09:30:00',0,3666,12),
(5468,'2024-12-20 16:15:00',0,3666,12),
(5469,'2024-12-20 18:30:00',0,3668,12),
(5470,'2024-12-20 15:15:00',0,3669,11),
(5471,'2024-12-20 17:25:00',0,3669,11),
(5472,'2024-12-20 10:30:00',0,3670,11),
(5473,'2024-12-20 12:55:00',0,3670,11),
(5474,'2024-12-20 13:50:00',0,3649,12),
(5475,'2024-12-20 21:40:00',0,3649,12),
(5476,'2024-12-21 19:45:00',0,3651,12),
(5477,'2024-12-21 22:00:00',0,3651,12),
(5478,'2024-12-21 11:40:00',0,3666,10),
(5479,'2024-12-21 09:50:00',0,3666,12),
(5480,'2024-12-21 15:15:00',0,3666,12),
(5481,'2024-12-21 18:15:00',0,3668,10),
(5482,'2024-12-21 12:05:00',0,3668,12),
(5483,'2024-12-21 09:30:00',0,3669,10),
(5484,'2024-12-21 13:55:00',0,3669,10),
(5485,'2024-12-21 16:05:00',0,3669,10),
(5486,'2024-12-21 17:30:00',0,3669,12),
(5487,'2024-12-21 21:30:00',0,3670,10),
(5488,'2024-12-22 19:45:00',0,3651,12),
(5489,'2024-12-22 22:00:00',0,3651,12),
(5490,'2024-12-22 11:40:00',0,3666,10),
(5491,'2024-12-22 09:50:00',0,3666,12),
(5492,'2024-12-22 15:15:00',0,3666,12),
(5493,'2024-12-22 18:15:00',0,3668,10),
(5494,'2024-12-22 12:05:00',0,3668,12),
(5495,'2024-12-22 09:30:00',0,3669,10),
(5496,'2024-12-22 16:05:00',0,3669,10),
(5497,'2024-12-22 13:55:00',0,3669,10),
(5498,'2024-12-22 21:30:00',0,3670,10),
(5499,'2024-12-22 17:30:00',0,3673,12),
(5500,'2024-12-20 19:50:00',0,3616,15),
(5501,'2024-12-20 20:35:00',0,3616,15),
(5502,'2024-12-21 12:45:00',0,3651,22),
(5503,'2024-12-21 15:00:00',0,3651,22),
(5504,'2024-12-21 17:15:00',0,3651,22),
(5505,'2024-12-21 19:30:00',0,3651,22),
(5506,'2024-12-21 21:45:00',0,3651,22),
(5507,'2024-12-21 16:45:00',0,3650,16),
(5508,'2024-12-21 09:40:00',0,3650,19),
(5509,'2024-12-21 11:50:00',0,3668,15),
(5510,'2024-12-21 17:10:00',0,3668,15),
(5511,'2024-12-21 20:20:00',0,3668,15),
(5512,'2024-12-21 14:15:00',0,3668,19),
(5513,'2024-12-21 09:35:00',0,3668,22),
(5514,'2024-12-21 20:10:00',0,3667,18),
(5515,'2024-12-21 17:25:00',0,3667,19),
(5516,'2024-12-21 09:40:00',0,3669,15),
(5517,'2024-12-21 15:00:00',0,3669,15),
(5518,'2024-12-21 15:55:00',0,3669,18),
(5519,'2024-12-21 12:05:00',0,3669,19),
(5520,'2024-12-21 20:15:00',0,3669,19),
(5521,'2024-12-21 09:10:00',0,3670,18),
(5522,'2024-12-21 13:40:00',0,3670,18),
(5523,'2024-12-21 17:15:00',0,3649,20),
(5524,'2024-12-21 22:25:00',0,3649,20),
(5525,'2024-12-21 12:25:00',0,3649,20),
(5526,'2024-12-21 14:50:00',0,3649,20),
(5527,'2024-12-21 18:05:00',0,3672,18),
(5528,'2024-12-21 23:00:00',0,3672,18),
(5529,'2024-12-21 23:30:00',0,3673,15),
(5530,'2024-12-21 22:25:00',0,3673,19),
(5531,'2024-12-21 19:55:00',0,3686,16),
(5532,'2024-12-21 22:40:00',0,3686,16),
(5533,'2024-12-21 19:40:00',0,3685,20),
(5534,'2024-12-21 11:25:00',0,3602,18),
(5535,'2024-12-21 16:00:00',0,3616,16),
(5536,'2024-12-21 19:10:00',0,3616,16),
(5537,'2024-12-22 09:20:00',0,3666,16),
(5538,'2024-12-22 13:45:00',0,3666,16),
(5539,'2024-12-22 11:35:00',0,3669,16),
(5540,'2024-12-22 17:15:00',0,3649,20),
(5541,'2024-12-22 22:25:00',0,3649,20),
(5542,'2024-12-22 12:25:00',0,3649,20),
(5543,'2024-12-22 14:50:00',0,3649,20),
(5544,'2024-12-22 19:40:00',0,3685,20),
(5545,'2024-12-22 16:00:00',0,3616,16),
(5546,'2024-12-20 16:35:00',0,3651,29),
(5547,'2024-12-20 21:15:00',0,3651,29),
(5548,'2024-12-20 11:00:00',0,3668,29),
(5549,'2024-12-20 14:10:00',0,3649,29),
(5550,'2024-12-20 18:50:00',0,3649,29),
(5551,'2024-12-21 10:40:00',0,3651,25),
(5552,'2024-12-21 13:00:00',0,3651,25),
(5553,'2024-12-21 15:30:00',0,3651,25),
(5554,'2024-12-21 17:45:00',0,3651,25),
(5555,'2024-12-21 20:00:00',0,3651,25),
(5556,'2024-12-21 22:15:00',0,3651,25),
(5557,'2024-12-21 14:00:00',0,3651,29),
(5558,'2024-12-21 16:35:00',0,3651,29),
(5559,'2024-12-21 10:05:00',0,3666,24),
(5560,'2024-12-21 12:20:00',0,3666,24),
(5561,'2024-12-21 14:35:00',0,3666,24),
(5562,'2024-12-21 13:20:00',0,3668,28),
(5563,'2024-12-21 21:15:00',0,3668,29),
(5564,'2024-12-21 22:00:00',0,3667,24),
(5565,'2024-12-21 11:00:00',0,3667,29),
(5566,'2024-12-21 14:55:00',0,3669,26),
(5567,'2024-12-21 19:20:00',0,3669,26),
(5568,'2024-12-21 21:30:00',0,3669,26),
(5569,'2024-12-21 12:40:00',0,3670,26),
(5570,'2024-12-21 10:25:00',0,3649,27),
(5571,'2024-12-21 12:50:00',0,3649,27),
(5572,'2024-12-21 15:15:00',0,3649,27),
(5573,'2024-12-21 17:40:00',0,3649,27),
(5574,'2024-12-21 22:30:00',0,3649,27),
(5575,'2024-12-21 18:50:00',0,3649,29),
(5576,'2024-12-21 17:05:00',0,3673,26),
(5577,'2024-12-21 11:05:00',0,3673,28),
(5578,'2024-12-21 19:40:00',0,3657,24),
(5579,'2024-12-21 20:05:00',0,3608,27),
(5580,'2024-12-22 10:40:00',0,3651,25),
(5581,'2024-12-22 13:00:00',0,3651,25),
(5582,'2024-12-22 15:20:00',0,3651,25),
(5583,'2024-12-22 17:35:00',0,3651,25),
(5584,'2024-12-22 20:00:00',0,3651,25),
(5585,'2024-12-22 22:15:00',0,3651,25),
(5586,'2024-12-22 10:05:00',0,3666,24),
(5587,'2024-12-22 12:20:00',0,3666,24),
(5588,'2024-12-22 14:35:00',0,3666,24),
(5589,'2024-12-22 21:40:00',0,3668,24),
(5590,'2024-12-22 13:30:00',0,3667,28),
(5591,'2024-12-22 14:55:00',0,3669,26),
(5592,'2024-12-22 11:05:00',0,3670,28),
(5593,'2024-12-22 10:25:00',0,3649,27),
(5594,'2024-12-22 12:50:00',0,3649,27),
(5595,'2024-12-22 15:15:00',0,3649,27),
(5596,'2024-12-22 17:40:00',0,3649,27),
(5597,'2024-12-22 20:05:00',0,3649,27),
(5598,'2024-12-22 22:30:00',0,3649,27),
(5599,'2024-12-22 16:50:00',0,3673,24),
(5600,'2024-12-22 12:40:00',0,3673,26),
(5601,'2024-12-22 19:05:00',0,3657,24),
(5602,'2024-12-20 10:10:00',0,3651,37),
(5603,'2024-12-20 12:25:00',0,3651,37),
(5604,'2024-12-20 14:40:00',0,3651,37),
(5605,'2024-12-20 16:55:00',0,3651,37),
(5606,'2024-12-20 19:10:00',0,3651,37),
(5607,'2024-12-20 21:25:00',0,3651,37),
(5608,'2024-12-20 09:40:00',0,3666,36),
(5609,'2024-12-20 16:15:00',0,3666,36),
(5610,'2024-12-20 11:55:00',0,3669,36),
(5611,'2024-12-20 14:05:00',0,3669,36),
(5612,'2024-12-20 18:30:00',0,3669,36),
(5613,'2024-12-20 20:40:00',0,3669,36),
(5614,'2024-12-20 22:50:00',0,3670,36),
(5615,'2024-12-21 14:10:00',0,3669,37),
(5616,'2024-12-21 16:20:00',0,3669,37),
(5617,'2024-12-21 10:00:00',0,3673,37),
(5618,'2024-12-21 12:15:00',0,3613,37),
(5619,'2024-12-19 18:00:00',0,3651,53),
(5620,'2024-12-20 23:00:00',0,3651,51),
(5621,'2024-12-20 15:40:00',0,3651,52),
(5622,'2024-12-20 17:55:00',0,3651,52),
(5623,'2024-12-20 20:30:00',0,3666,51),
(5624,'2024-12-20 09:00:00',0,3666,52),
(5625,'2024-12-20 09:30:00',0,3668,53),
(5626,'2024-12-20 12:40:00',0,3668,53),
(5627,'2024-12-20 22:55:00',0,3668,53),
(5628,'2024-12-20 20:45:00',0,3669,53),
(5629,'2024-12-20 13:30:00',0,3669,52),
(5630,'2024-12-20 22:30:00',0,3669,52),
(5631,'2024-12-20 15:50:00',0,3649,53),
(5632,'2024-12-20 11:15:00',0,3673,52),
(5633,'2024-12-20 20:10:00',0,3657,52),
(5634,'2024-12-20 18:20:00',0,3608,53),
(5635,'2024-12-21 14:45:00',0,3651,53),
(5636,'2024-12-21 09:00:00',0,3651,49),
(5637,'2024-12-21 11:15:00',0,3651,49),
(5638,'2024-12-21 13:30:00',0,3651,49),
(5639,'2024-12-21 15:45:00',0,3651,49),
(5640,'2024-12-21 18:00:00',0,3651,49),
(5641,'2024-12-21 20:40:00',0,3651,49),
(5642,'2024-12-21 22:55:00',0,3651,49),
(5643,'2024-12-21 09:05:00',0,3666,50),
(5644,'2024-12-21 11:25:00',0,3666,50),
(5645,'2024-12-21 13:40:00',0,3666,50),
(5646,'2024-12-21 15:55:00',0,3666,50),
(5647,'2024-12-21 09:25:00',0,3668,53),
(5648,'2024-12-21 17:05:00',0,3668,53),
(5649,'2024-12-21 22:00:00',0,3668,51),
(5650,'2024-12-21 12:35:00',0,3669,53),
(5651,'2024-12-21 20:15:00',0,3669,53),
(5652,'2024-12-21 14:40:00',0,3669,52),
(5653,'2024-12-21 10:10:00',0,3670,52),
(5654,'2024-12-21 18:10:00',0,3649,50),
(5655,'2024-12-21 20:35:00',0,3649,50),
(5656,'2024-12-21 23:00:00',0,3649,50),
(5657,'2024-12-21 09:30:00',0,3649,51),
(5658,'2024-12-21 12:00:00',0,3649,51),
(5659,'2024-12-21 14:25:00',0,3649,51),
(5660,'2024-12-21 17:00:00',0,3649,51),
(5661,'2024-12-21 19:35:00',0,3673,51),
(5662,'2024-12-21 12:25:00',0,3673,52),
(5663,'2024-12-21 22:25:00',0,3608,53),
(5664,'2024-12-22 14:45:00',0,3651,53),
(5665,'2024-12-22 09:00:00',0,3651,49),
(5666,'2024-12-22 11:15:00',0,3651,49),
(5667,'2024-12-22 13:30:00',0,3651,49),
(5668,'2024-12-22 15:45:00',0,3651,49),
(5669,'2024-12-22 18:00:00',0,3651,49),
(5670,'2024-12-22 20:40:00',0,3651,49),
(5671,'2024-12-22 22:55:00',0,3651,49),
(5672,'2024-12-22 09:05:00',0,3666,50),
(5673,'2024-12-22 11:25:00',0,3666,50),
(5674,'2024-12-22 13:40:00',0,3666,50),
(5675,'2024-12-22 15:55:00',0,3666,50),
(5676,'2024-12-22 09:25:00',0,3668,53),
(5677,'2024-12-22 17:05:00',0,3668,53),
(5678,'2024-12-22 12:35:00',0,3669,53),
(5679,'2024-12-22 14:40:00',0,3669,52),
(5680,'2024-12-22 09:30:00',0,3649,51),
(5681,'2024-12-22 12:00:00',0,3649,51),
(5682,'2024-12-22 14:25:00',0,3649,51),
(5683,'2024-12-22 17:00:00',0,3649,51),
(5684,'2024-12-22 12:25:00',0,3673,52),
(5685,'2024-12-20 12:20:00',0,3651,54),
(5686,'2024-12-20 14:35:00',0,3651,54),
(5687,'2024-12-20 16:50:00',0,3651,54),
(5688,'2024-12-20 19:05:00',0,3651,54),
(5689,'2024-12-20 21:30:00',0,3651,54),
(5690,'2024-12-20 10:00:00',0,3666,54),
(5691,'2024-12-20 13:05:00',0,3666,59),
(5692,'2024-12-20 22:00:00',0,3668,56),
(5693,'2024-12-20 14:50:00',0,3669,57),
(5694,'2024-12-21 14:45:00',0,3651,57),
(5695,'2024-12-21 17:00:00',0,3651,57),
(5696,'2024-12-21 19:15:00',0,3651,57),
(5697,'2024-12-21 21:30:00',0,3651,57),
(5698,'2024-12-21 10:20:00',0,3651,59),
(5699,'2024-12-21 13:55:00',0,3666,55),
(5700,'2024-12-21 17:25:00',0,3668,59),
(5701,'2024-12-21 09:30:00',0,3649,56),
(5702,'2024-12-21 11:55:00',0,3649,56),
(5703,'2024-12-21 14:20:00',0,3649,56),
(5704,'2024-12-22 09:00:00',0,3651,56),
(5705,'2024-12-22 11:15:00',0,3651,56),
(5706,'2024-12-22 13:30:00',0,3651,56),
(5707,'2024-12-22 15:45:00',0,3651,56),
(5708,'2024-12-22 18:00:00',0,3651,56),
(5709,'2024-12-22 20:20:00',0,3651,56),
(5710,'2024-12-22 22:35:00',0,3651,56),
(5711,'2024-12-22 14:45:00',0,3651,57),
(5712,'2024-12-22 17:00:00',0,3651,57),
(5713,'2024-12-22 19:15:00',0,3651,57),
(5714,'2024-12-22 21:30:00',0,3651,57),
(5715,'2024-12-22 10:10:00',0,3651,59),
(5716,'2024-12-22 09:20:00',0,3666,54),
(5717,'2024-12-22 12:30:00',0,3666,59),
(5718,'2024-12-22 14:55:00',0,3666,59),
(5719,'2024-12-22 11:35:00',0,3650,54),
(5720,'2024-12-22 09:40:00',0,3668,57),
(5721,'2024-12-22 17:10:00',0,3668,59),
(5722,'2024-12-22 09:35:00',0,3669,55),
(5723,'2024-12-22 11:45:00',0,3669,55),
(5724,'2024-12-22 09:30:00',0,3649,58),
(5725,'2024-12-22 11:55:00',0,3649,58),
(5726,'2024-12-22 16:45:00',0,3649,58),
(5727,'2024-12-22 19:10:00',0,3649,58),
(5728,'2024-12-22 21:35:00',0,3649,58),
(5729,'2024-12-22 12:50:00',0,3613,57),
(5730,'2024-12-21 19:00:00',0,3668,1),
(5731,'2024-12-21 22:10:00',0,3668,1),
(5732,'2024-12-21 10:00:00',0,3669,4),
(5733,'2024-12-21 22:30:00',0,3669,4),
(5734,'2024-12-21 16:50:00',0,3669,1),
(5735,'2024-12-21 17:15:00',0,3685,4),
(5736,'2024-12-22 14:20:00',0,3651,2),
(5737,'2024-12-22 16:35:00',0,3651,2),
(5738,'2024-12-22 18:50:00',0,3651,2),
(5739,'2024-12-22 21:05:00',0,3651,2),
(5740,'2024-12-22 23:20:00',0,3651,2),
(5741,'2024-12-22 08:50:00',0,3651,3),
(5742,'2024-12-22 11:05:00',0,3651,3),
(5743,'2024-12-22 13:20:00',0,3651,3),
(5744,'2024-12-22 15:35:00',0,3651,3),
(5745,'2024-12-22 17:50:00',0,3651,3),
(5746,'2024-12-22 20:05:00',0,3651,3),
(5747,'2024-12-22 22:20:00',0,3651,3),
(5748,'2024-12-22 09:20:00',0,3651,6),
(5749,'2024-12-22 11:35:00',0,3651,6),
(5750,'2024-12-22 13:50:00',0,3651,6),
(5751,'2024-12-22 18:20:00',0,3651,6),
(5752,'2024-12-22 20:35:00',0,3651,6),
(5753,'2024-12-22 16:05:00',0,3666,6),
(5754,'2024-12-22 09:00:00',0,3666,8),
(5755,'2024-12-22 13:10:00',0,3666,8),
(5756,'2024-12-22 15:25:00',0,3666,8),
(5757,'2024-12-22 11:20:00',0,3668,1),
(5758,'2024-12-22 19:10:00',0,3668,1),
(5759,'2024-12-22 17:30:00',0,3668,5),
(5760,'2024-12-22 22:15:00',0,3668,5),
(5761,'2024-12-22 09:10:00',0,3669,1),
(5762,'2024-12-22 17:00:00',0,3669,1),
(5763,'2024-12-22 11:00:00',0,3669,5),
(5764,'2024-12-22 13:10:00',0,3669,5),
(5765,'2024-12-22 15:20:00',0,3669,5),
(5766,'2024-12-22 17:40:00',0,3650,8),
(5767,'2024-12-22 22:20:00',0,3667,1),
(5768,'2024-12-22 12:25:00',0,3649,4),
(5769,'2024-12-22 14:50:00',0,3649,4),
(5770,'2024-12-22 11:15:00',0,3613,8),
(5771,'2024-12-22 08:50:00',0,3673,5),
(5772,'2024-12-22 22:45:00',0,3615,8),
(5773,'2024-12-22 20:05:00',0,3656,8),
(5774,'2024-12-22 20:50:00',0,3606,8),
(5775,'2024-12-22 22:50:00',0,3690,6),
(5776,'2024-12-23 08:50:00',0,3651,3),
(5777,'2024-12-23 11:05:00',0,3651,3),
(5778,'2024-12-23 13:20:00',0,3651,3),
(5779,'2024-12-23 15:35:00',0,3651,3),
(5780,'2024-12-23 17:50:00',0,3651,3),
(5781,'2024-12-23 20:05:00',0,3651,3),
(5782,'2024-12-23 22:20:00',0,3651,3),
(5783,'2024-12-23 10:00:00',0,3666,1),
(5784,'2024-12-23 15:00:00',0,3666,6),
(5785,'2024-12-23 17:15:00',0,3666,6),
(5786,'2024-12-23 20:00:00',0,3668,1),
(5787,'2024-12-23 09:25:00',0,3668,6),
(5788,'2024-12-23 11:45:00',0,3669,8),
(5789,'2024-12-23 13:55:00',0,3669,8),
(5790,'2024-12-23 16:05:00',0,3669,8),
(5791,'2024-12-23 18:15:00',0,3669,8),
(5792,'2024-12-23 12:35:00',0,3650,6),
(5793,'2024-12-23 20:25:00',0,3650,8),
(5794,'2024-12-23 17:05:00',0,3667,1),
(5795,'2024-12-23 23:10:00',0,3667,1),
(5796,'2024-12-23 12:15:00',0,3649,1),
(5797,'2024-12-23 14:40:00',0,3649,1),
(5798,'2024-12-23 19:30:00',0,3670,6),
(5799,'2024-12-23 09:30:00',0,3673,8),
(5800,'2024-12-23 21:45:00',0,3656,6),
(5801,'2024-12-23 22:20:00',0,3690,6),
(5802,'2024-12-23 22:50:00',0,3690,8),
(5803,'2024-12-24 18:45:00',0,3651,8),
(5804,'2024-12-24 21:00:00',0,3651,8),
(5805,'2024-12-24 23:15:00',0,3651,8),
(5806,'2024-12-24 09:50:00',0,3666,5),
(5807,'2024-12-24 16:25:00',0,3666,5),
(5808,'2024-12-24 20:50:00',0,3666,5),
(5809,'2024-12-24 08:50:00',0,3668,8),
(5810,'2024-12-24 08:45:00',0,3611,7),
(5811,'2024-12-24 18:20:00',0,3611,7),
(5812,'2024-12-24 20:40:00',0,3611,7),
(5813,'2024-12-24 23:05:00',0,3611,7),
(5814,'2024-12-24 09:30:00',0,3611,1),
(5815,'2024-12-24 11:55:00',0,3611,1),
(5816,'2024-12-24 14:20:00',0,3611,1),
(5817,'2024-12-24 16:45:00',0,3611,1),
(5818,'2024-12-24 19:10:00',0,3611,1),
(5819,'2024-12-24 21:35:00',0,3611,1),
(5820,'2024-12-24 12:05:00',0,3669,5),
(5821,'2024-12-24 14:15:00',0,3669,5),
(5822,'2024-12-24 18:40:00',0,3669,5),
(5823,'2024-12-24 13:35:00',0,3650,8),
(5824,'2024-12-24 12:30:00',0,3649,4),
(5825,'2024-12-24 14:55:00',0,3649,4),
(5826,'2024-12-24 17:20:00',0,3649,4),
(5827,'2024-12-24 19:45:00',0,3649,4),
(5828,'2024-12-24 22:10:00',0,3649,4),
(5829,'2024-12-24 11:05:00',0,3649,7),
(5830,'2024-12-24 13:30:00',0,3649,7),
(5831,'2024-12-24 15:55:00',0,3649,7),
(5832,'2024-12-24 23:05:00',0,3673,5),
(5833,'2024-12-24 09:45:00',0,3685,4),
(5834,'2024-12-24 16:00:00',0,3685,8),
(5835,'2024-12-24 12:00:00',0,3615,8),
(5836,'2024-12-25 15:25:00',0,3666,5),
(5837,'2024-12-25 08:50:00',0,3668,8),
(5838,'2024-12-25 08:45:00',0,3611,7),
(5839,'2024-12-25 15:55:00',0,3611,7),
(5840,'2024-12-25 18:15:00',0,3611,7),
(5841,'2024-12-25 20:40:00',0,3611,7),
(5842,'2024-12-25 23:00:00',0,3611,7),
(5843,'2024-12-25 10:00:00',0,3669,1),
(5844,'2024-12-25 13:35:00',0,3650,8),
(5845,'2024-12-25 12:05:00',0,3649,4),
(5846,'2024-12-25 14:30:00',0,3649,4),
(5847,'2024-12-25 11:05:00',0,3649,7),
(5848,'2024-12-25 13:30:00',0,3649,7),
(5849,'2024-12-25 09:10:00',0,3618,4),
(5850,'2024-12-25 16:55:00',0,3618,4),
(5851,'2024-12-25 19:50:00',0,3618,4),
(5852,'2024-12-25 22:45:00',0,3618,4),
(5853,'2024-12-25 09:50:00',0,3673,5),
(5854,'2024-12-25 16:00:00',0,3685,8),
(5855,'2024-12-25 12:00:00',0,3615,8),
(5856,'2024-12-25 12:05:00',0,3628,5),
(5857,'2024-12-25 13:45:00',0,3628,5),
(5858,'2024-12-29 16:15:00',0,3611,1),
(5859,'2024-12-29 18:40:00',0,3611,1),
(5860,'2024-12-29 21:05:00',0,3611,1),
(5861,'2024-12-29 23:30:00',0,3611,1),
(5862,'2024-12-21 21:25:00',0,3668,10),
(5863,'2024-12-22 17:30:00',0,3651,12),
(5864,'2024-12-23 09:30:00',0,3651,9),
(5865,'2024-12-23 11:50:00',0,3651,9),
(5866,'2024-12-23 14:05:00',0,3651,9),
(5867,'2024-12-23 16:20:00',0,3651,9),
(5868,'2024-12-23 18:35:00',0,3651,9),
(5869,'2024-12-23 20:50:00',0,3651,9),
(5870,'2024-12-23 19:25:00',0,3651,11),
(5871,'2024-12-23 21:40:00',0,3651,11),
(5872,'2024-12-23 09:40:00',0,3666,12),
(5873,'2024-12-23 16:25:00',0,3666,12),
(5874,'2024-12-23 21:05:00',0,3668,12),
(5875,'2024-12-23 12:55:00',0,3669,11),
(5876,'2024-12-23 15:05:00',0,3669,11),
(5877,'2024-12-23 17:15:00',0,3669,11),
(5878,'2024-12-23 09:50:00',0,3649,10),
(5879,'2024-12-23 14:40:00',0,3649,10),
(5880,'2024-12-23 17:05:00',0,3649,10),
(5881,'2024-12-23 21:45:00',0,3649,10),
(5882,'2024-12-23 12:15:00',0,3649,10),
(5883,'2024-12-23 14:00:00',0,3649,12),
(5884,'2024-12-23 18:40:00',0,3649,12),
(5885,'2024-12-23 19:30:00',0,3670,10),
(5886,'2024-12-23 10:40:00',0,3670,11),
(5887,'2024-12-23 11:55:00',0,3693,12),
(5888,'2024-12-20 15:35:00',0,3666,19),
(5889,'2024-12-20 21:20:00',0,3668,15),
(5890,'2024-12-20 22:40:00',0,3668,19),
(5891,'2024-12-20 18:00:00',0,3611,13),
(5892,'2024-12-20 15:25:00',0,3669,13),
(5893,'2024-12-20 17:50:00',0,3669,19),
(5894,'2024-12-20 21:50:00',0,3650,16),
(5895,'2024-12-20 12:20:00',0,3667,13),
(5896,'2024-12-20 21:05:00',0,3670,21),
(5897,'2024-12-20 23:20:00',0,3672,21),
(5898,'2024-12-20 20:30:00',0,3673,13),
(5899,'2024-12-20 22:45:00',0,3673,13),
(5900,'2024-12-21 09:45:00',0,3651,13),
(5901,'2024-12-21 14:15:00',0,3651,13),
(5902,'2024-12-21 18:45:00',0,3651,13),
(5903,'2024-12-21 21:00:00',0,3651,13),
(5904,'2024-12-21 23:15:00',0,3651,13),
(5905,'2024-12-21 12:00:00',0,3666,13),
(5906,'2024-12-21 16:30:00',0,3666,13),
(5907,'2024-12-21 16:10:00',0,3668,17),
(5908,'2024-12-21 21:30:00',0,3668,17),
(5909,'2024-12-21 22:35:00',0,3668,19),
(5910,'2024-12-21 14:00:00',0,3669,17),
(5911,'2024-12-21 19:20:00',0,3669,17),
(5912,'2024-12-21 11:45:00',0,3670,17),
(5913,'2024-12-21 09:30:00',0,3673,17),
(5914,'2024-12-22 09:45:00',0,3651,13),
(5915,'2024-12-22 14:15:00',0,3651,13),
(5916,'2024-12-22 18:45:00',0,3651,13),
(5917,'2024-12-22 21:00:00',0,3651,13),
(5918,'2024-12-22 23:15:00',0,3651,13),
(5919,'2024-12-22 12:45:00',0,3651,22),
(5920,'2024-12-22 15:00:00',0,3651,22),
(5921,'2024-12-22 17:15:00',0,3651,22),
(5922,'2024-12-22 19:30:00',0,3651,22),
(5923,'2024-12-22 21:45:00',0,3651,22),
(5924,'2024-12-22 12:00:00',0,3666,13),
(5925,'2024-12-22 16:30:00',0,3666,13),
(5926,'2024-12-22 11:50:00',0,3668,15),
(5927,'2024-12-22 17:10:00',0,3668,15),
(5928,'2024-12-22 20:20:00',0,3668,15),
(5929,'2024-12-22 16:10:00',0,3668,17),
(5930,'2024-12-22 19:20:00',0,3668,17),
(5931,'2024-12-22 22:30:00',0,3668,17),
(5932,'2024-12-22 14:15:00',0,3668,19),
(5933,'2024-12-22 09:35:00',0,3668,22),
(5934,'2024-12-22 19:40:00',0,3669,20),
(5935,'2024-12-22 09:40:00',0,3669,15),
(5936,'2024-12-22 15:00:00',0,3669,15),
(5937,'2024-12-22 14:00:00',0,3669,17),
(5938,'2024-12-22 15:55:00',0,3669,18),
(5939,'2024-12-22 12:05:00',0,3669,19),
(5940,'2024-12-22 20:15:00',0,3669,19),
(5941,'2024-12-22 22:25:00',0,3669,19),
(5942,'2024-12-22 09:00:00',0,3669,21),
(5943,'2024-12-22 16:45:00',0,3650,16),
(5944,'2024-12-22 09:40:00',0,3650,19),
(5945,'2024-12-22 22:40:00',0,3667,16),
(5946,'2024-12-22 20:10:00',0,3667,18),
(5947,'2024-12-22 17:25:00',0,3667,19),
(5948,'2024-12-22 11:45:00',0,3670,17),
(5949,'2024-12-22 09:10:00',0,3670,18),
(5950,'2024-12-22 13:40:00',0,3670,18),
(5951,'2024-12-22 21:05:00',0,3670,21),
(5952,'2024-12-22 18:05:00',0,3672,18),
(5953,'2024-12-22 23:00:00',0,3672,18),
(5954,'2024-12-22 23:30:00',0,3673,15),
(5955,'2024-12-22 09:30:00',0,3673,17),
(5956,'2024-12-22 22:00:00',0,3685,20),
(5957,'2024-12-22 19:55:00',0,3686,16),
(5958,'2024-12-22 19:10:00',0,3616,16),
(5959,'2024-12-22 11:25:00',0,3602,18),
(5960,'2024-12-23 09:00:00',0,3651,14),
(5961,'2024-12-23 11:15:00',0,3651,14),
(5962,'2024-12-23 13:30:00',0,3651,14),
(5963,'2024-12-23 15:45:00',0,3651,14),
(5964,'2024-12-23 18:00:00',0,3651,14),
(5965,'2024-12-23 20:15:00',0,3651,14),
(5966,'2024-12-23 22:30:00',0,3651,14),
(5967,'2024-12-23 10:30:00',0,3651,17),
(5968,'2024-12-23 12:45:00',0,3651,17),
(5969,'2024-12-23 15:00:00',0,3651,17),
(5970,'2024-12-23 17:15:00',0,3651,17),
(5971,'2024-12-23 19:30:00',0,3651,17),
(5972,'2024-12-23 21:45:00',0,3651,17),
(5973,'2024-12-23 09:45:00',0,3651,22),
(5974,'2024-12-23 12:00:00',0,3651,22),
(5975,'2024-12-23 14:15:00',0,3651,22),
(5976,'2024-12-23 16:30:00',0,3651,22),
(5977,'2024-12-23 18:45:00',0,3651,22),
(5978,'2024-12-23 21:00:00',0,3651,22),
(5979,'2024-12-23 23:15:00',0,3651,22),
(5980,'2024-12-23 09:10:00',0,3666,16),
(5981,'2024-12-23 11:25:00',0,3666,16),
(5982,'2024-12-23 13:40:00',0,3666,16),
(5983,'2024-12-23 18:20:00',0,3666,16),
(5984,'2024-12-23 16:50:00',0,3668,13),
(5985,'2024-12-23 12:00:00',0,3668,15),
(5986,'2024-12-23 15:55:00',0,3668,15),
(5987,'2024-12-23 22:05:00',0,3668,15),
(5988,'2024-12-23 10:05:00',0,3668,19),
(5989,'2024-12-23 17:50:00',0,3668,19),
(5990,'2024-12-23 21:00:00',0,3668,19),
(5991,'2024-12-23 16:15:00',0,3669,20),
(5992,'2024-12-23 18:40:00',0,3669,20),
(5993,'2024-12-23 10:20:00',0,3669,13),
(5994,'2024-12-23 12:30:00',0,3669,13),
(5995,'2024-12-23 14:40:00',0,3669,13),
(5996,'2024-12-23 09:50:00',0,3669,15),
(5997,'2024-12-23 13:15:00',0,3669,19),
(5998,'2024-12-23 15:55:00',0,3650,16),
(5999,'2024-12-23 23:20:00',0,3650,16),
(6000,'2024-12-23 18:30:00',0,3667,18),
(6001,'2024-12-23 23:30:00',0,3667,18),
(6002,'2024-12-23 09:00:00',0,3649,20),
(6003,'2024-12-23 11:25:00',0,3649,20),
(6004,'2024-12-23 13:50:00',0,3649,20),
(6005,'2024-12-23 10:00:00',0,3649,21),
(6006,'2024-12-23 12:25:00',0,3649,21),
(6007,'2024-12-23 14:50:00',0,3649,21),
(6008,'2024-12-23 17:15:00',0,3649,21),
(6009,'2024-12-23 19:40:00',0,3649,21),
(6010,'2024-12-23 22:05:00',0,3649,21),
(6011,'2024-12-23 19:50:00',0,3670,15),
(6012,'2024-12-23 09:20:00',0,3670,18),
(6013,'2024-12-23 14:00:00',0,3670,18),
(6014,'2024-12-23 16:20:00',0,3672,18),
(6015,'2024-12-23 21:20:00',0,3672,18),
(6016,'2024-12-23 20:00:00',0,3673,13),
(6017,'2024-12-23 22:15:00',0,3673,13),
(6018,'2024-12-23 20:50:00',0,3685,20),
(6019,'2024-12-23 20:35:00',0,3686,16),
(6020,'2024-12-23 15:10:00',0,3616,15),
(6021,'2024-12-23 19:05:00',0,3616,15),
(6022,'2024-12-23 11:40:00',0,3602,18),
(6023,'2024-12-23 15:25:00',0,3602,19),
(6024,'2024-12-24 09:50:00',0,3651,15),
(6025,'2024-12-24 12:05:00',0,3651,15),
(6026,'2024-12-24 14:20:00',0,3651,15),
(6027,'2024-12-24 16:35:00',0,3651,15),
(6028,'2024-12-24 18:50:00',0,3651,15),
(6029,'2024-12-24 21:05:00',0,3651,15),
(6030,'2024-12-24 23:20:00',0,3651,15),
(6031,'2024-12-24 10:20:00',0,3666,17),
(6032,'2024-12-24 15:00:00',0,3666,17),
(6033,'2024-12-24 08:50:00',0,3668,16),
(6034,'2024-12-24 14:10:00',0,3668,16),
(6035,'2024-12-24 08:30:00',0,3611,13),
(6036,'2024-12-24 10:55:00',0,3611,13),
(6037,'2024-12-24 13:20:00',0,3611,13),
(6038,'2024-12-24 15:45:00',0,3611,13),
(6039,'2024-12-24 18:10:00',0,3611,13),
(6040,'2024-12-24 20:35:00',0,3611,13),
(6041,'2024-12-24 23:00:00',0,3611,13),
(6042,'2024-12-24 09:30:00',0,3611,22),
(6043,'2024-12-24 11:55:00',0,3611,22),
(6044,'2024-12-24 14:20:00',0,3611,22),
(6045,'2024-12-24 16:45:00',0,3611,22),
(6046,'2024-12-24 19:10:00',0,3611,22),
(6047,'2024-12-24 21:35:00',0,3611,22),
(6048,'2024-12-24 12:00:00',0,3669,16),
(6049,'2024-12-24 08:40:00',0,3669,18),
(6050,'2024-12-24 12:35:00',0,3650,17),
(6051,'2024-12-24 18:05:00',0,3667,16),
(6052,'2024-12-24 21:40:00',0,3667,16),
(6053,'2024-12-24 17:20:00',0,3649,17),
(6054,'2024-12-24 19:50:00',0,3673,17),
(6055,'2024-12-24 17:20:00',0,3616,16),
(6056,'2024-12-24 20:55:00',0,3616,16),
(6057,'2024-12-25 12:20:00',0,3651,15),
(6058,'2024-12-25 14:35:00',0,3651,15),
(6059,'2024-12-25 11:00:00',0,3666,18),
(6060,'2024-12-25 08:40:00',0,3668,16),
(6061,'2024-12-25 08:30:00',0,3611,13),
(6062,'2024-12-25 10:55:00',0,3611,13),
(6063,'2024-12-25 13:20:00',0,3611,13),
(6064,'2024-12-25 15:45:00',0,3611,13),
(6065,'2024-12-25 18:10:00',0,3611,13),
(6066,'2024-12-25 20:35:00',0,3611,13),
(6067,'2024-12-25 23:00:00',0,3611,13),
(6068,'2024-12-25 08:50:00',0,3669,18),
(6069,'2024-12-25 10:10:00',0,3650,17),
(6070,'2024-12-25 20:45:00',0,3612,17),
(6071,'2024-12-25 12:10:00',0,3649,20),
(6072,'2024-12-25 10:30:00',0,3649,19),
(6073,'2024-12-25 12:55:00',0,3649,19),
(6074,'2024-12-25 09:15:00',0,3618,20),
(6075,'2024-12-25 14:35:00',0,3618,20),
(6076,'2024-12-25 17:30:00',0,3618,20),
(6077,'2024-12-25 20:25:00',0,3618,20),
(6078,'2024-12-25 23:20:00',0,3618,20),
(6079,'2024-12-25 09:20:00',0,3673,15),
(6080,'2024-12-25 12:35:00',0,3628,17),
(6081,'2024-12-25 14:15:00',0,3628,17),
(6082,'2024-12-25 11:35:00',0,3616,15),
(6083,'2024-12-25 13:55:00',0,3632,16),
(6084,'2024-12-25 16:15:00',0,3632,16),
(6085,'2024-12-25 18:20:00',0,3708,17),
(6086,'2024-12-26 12:10:00',0,3649,20),
(6087,'2024-12-26 09:15:00',0,3618,20),
(6088,'2024-12-26 14:35:00',0,3618,20),
(6089,'2024-12-27 09:15:00',0,3618,20),
(6090,'2024-12-28 09:15:00',0,3618,20),
(6091,'2024-12-29 09:15:00',0,3618,20),
(6092,'2024-12-31 09:45:00',0,3622,15),
(6093,'2024-12-31 12:00:00',0,3622,15),
(6094,'2024-12-31 14:15:00',0,3622,15),
(6095,'2024-12-31 16:30:00',0,3622,15),
(6096,'2024-12-31 18:45:00',0,3622,15),
(6097,'2024-12-31 16:15:00',0,3623,18),
(6098,'2024-12-31 18:30:00',0,3623,18),
(6099,'2025-01-01 09:45:00',0,3622,15),
(6100,'2025-01-01 12:00:00',0,3622,15),
(6101,'2025-01-01 16:30:00',0,3622,15),
(6102,'2025-01-02 09:45:00',0,3622,15),
(6103,'2025-01-02 12:00:00',0,3622,15),
(6104,'2025-01-02 14:15:00',0,3622,15),
(6105,'2025-01-02 16:30:00',0,3622,15),
(6106,'2025-01-03 09:45:00',0,3622,15),
(6107,'2025-01-03 12:00:00',0,3622,15),
(6108,'2025-01-04 09:45:00',0,3622,15),
(6109,'2025-01-04 12:00:00',0,3622,15),
(6110,'2025-01-05 09:45:00',0,3622,15),
(6111,'2025-01-05 12:00:00',0,3622,15),
(6112,'2024-12-20 14:10:00',0,3651,29),
(6113,'2024-12-20 18:00:00',0,3666,27),
(6114,'2024-12-20 21:50:00',0,3668,29),
(6115,'2024-12-20 18:50:00',0,3667,29),
(6116,'2024-12-21 15:25:00',0,3666,27),
(6117,'2024-12-21 21:40:00',0,3668,29),
(6118,'2024-12-21 21:35:00',0,3669,26),
(6119,'2024-12-21 10:25:00',0,3669,27),
(6120,'2024-12-21 18:50:00',0,3667,29),
(6121,'2024-12-21 19:20:00',0,3675,26),
(6122,'2024-12-21 22:30:00',0,3608,27),
(6123,'2024-12-22 14:10:00',0,3651,29),
(6124,'2024-12-22 16:25:00',0,3651,29),
(6125,'2024-12-22 18:05:00',0,3666,27),
(6126,'2024-12-22 11:00:00',0,3668,29),
(6127,'2024-12-22 17:05:00',0,3669,26),
(6128,'2024-12-22 22:00:00',0,3669,26),
(6129,'2024-12-22 10:25:00',0,3669,27),
(6130,'2024-12-22 20:20:00',0,3669,27),
(6131,'2024-12-22 15:15:00',0,3667,27),
(6132,'2024-12-22 18:40:00',0,3667,29),
(6133,'2024-12-22 21:30:00',0,3670,29),
(6134,'2024-12-22 19:25:00',0,3675,26),
(6135,'2024-12-22 22:30:00',1,3608,27),
(6136,'2024-12-23 10:40:00',0,3651,25),
(6137,'2024-12-23 13:00:00',0,3651,25),
(6138,'2024-12-23 15:15:00',0,3651,25),
(6139,'2024-12-23 17:30:00',0,3651,25),
(6140,'2024-12-23 19:45:00',0,3651,25),
(6141,'2024-12-23 22:05:00',0,3651,25),
(6142,'2024-12-23 14:10:00',0,3651,29),
(6143,'2024-12-23 16:25:00',0,3651,29),
(6144,'2024-12-23 18:40:00',0,3651,29),
(6145,'2024-12-23 10:00:00',0,3666,24),
(6146,'2024-12-23 12:15:00',0,3666,24),
(6147,'2024-12-23 14:30:00',0,3666,24),
(6148,'2024-12-23 17:50:00',0,3666,27),
(6149,'2024-12-23 21:20:00',0,3668,24),
(6150,'2024-12-23 17:05:00',0,3668,26),
(6151,'2024-12-23 11:00:00',0,3668,29),
(6152,'2024-12-23 14:55:00',0,3669,26),
(6153,'2024-12-23 22:30:00',0,3669,26),
(6154,'2024-12-23 10:25:00',0,3669,27),
(6155,'2024-12-23 20:05:00',0,3669,27),
(6156,'2024-12-23 16:40:00',0,3667,23),
(6157,'2024-12-23 15:00:00',0,3667,27),
(6158,'2024-12-23 11:10:00',0,3667,28),
(6159,'2024-12-23 21:00:00',0,3667,29),
(6160,'2024-12-23 12:35:00',0,3649,27),
(6161,'2024-12-23 22:35:00',0,3670,28),
(6162,'2024-12-23 16:45:00',0,3673,24),
(6163,'2024-12-23 12:40:00',0,3673,26),
(6164,'2024-12-23 20:15:00',0,3675,26),
(6165,'2024-12-23 10:05:00',0,3682,23),
(6166,'2024-12-23 19:00:00',0,3657,24),
(6167,'2024-12-23 19:30:00',0,3603,23),
(6168,'2024-12-23 15:40:00',0,3603,28),
(6169,'2024-12-23 14:00:00',0,3609,28),
(6170,'2024-12-23 12:10:00',0,3687,23),
(6171,'2024-12-23 21:35:00',0,3687,23),
(6172,'2024-12-23 22:15:00',0,3608,27),
(6173,'2024-12-23 14:35:00',0,3661,23),
(6174,'2024-12-23 18:00:00',0,3661,28),
(6175,'2024-12-24 09:40:00',0,3651,24),
(6176,'2024-12-24 14:10:00',0,3651,24),
(6177,'2024-12-24 16:25:00',0,3651,24),
(6178,'2024-12-24 18:50:00',0,3651,24),
(6179,'2024-12-24 21:20:00',0,3651,24),
(6180,'2024-12-24 11:55:00',0,3666,24),
(6181,'2024-12-24 14:30:00',0,3666,26),
(6182,'2024-12-24 19:15:00',0,3666,26),
(6183,'2024-12-24 10:30:00',0,3668,29),
(6184,'2024-12-24 10:00:00',0,3611,25),
(6185,'2024-12-24 12:20:00',0,3611,25),
(6186,'2024-12-24 14:40:00',0,3611,25),
(6187,'2024-12-24 17:00:00',0,3611,25),
(6188,'2024-12-24 19:20:00',0,3611,25),
(6189,'2024-12-24 21:40:00',0,3611,25),
(6190,'2024-12-24 10:50:00',0,3611,27),
(6191,'2024-12-24 13:10:00',0,3611,27),
(6192,'2024-12-24 15:30:00',0,3611,27),
(6193,'2024-12-24 17:50:00',0,3611,27),
(6194,'2024-12-24 20:10:00',0,3611,27),
(6195,'2024-12-24 22:30:00',0,3611,27),
(6196,'2024-12-24 16:20:00',0,3611,29),
(6197,'2024-12-24 18:40:00',0,3611,29),
(6198,'2024-12-24 21:00:00',0,3611,29),
(6199,'2024-12-24 10:05:00',0,3669,26),
(6200,'2024-12-24 21:45:00',0,3649,26),
(6201,'2024-12-24 12:15:00',0,3673,26),
(6202,'2024-12-24 16:45:00',0,3673,26),
(6203,'2024-12-21 09:30:00',0,3651,32),
(6204,'2024-12-21 14:20:00',0,3651,32),
(6205,'2024-12-21 16:40:00',0,3651,32),
(6206,'2024-12-21 18:55:00',0,3651,32),
(6207,'2024-12-21 10:00:00',0,3651,33),
(6208,'2024-12-21 12:20:00',0,3651,33),
(6209,'2024-12-21 14:40:00',0,3651,33),
(6210,'2024-12-21 17:10:00',0,3651,33),
(6211,'2024-12-21 19:30:00',0,3651,33),
(6212,'2024-12-21 21:50:00',0,3651,33),
(6213,'2024-12-21 09:40:00',0,3666,34),
(6214,'2024-12-21 11:50:00',0,3666,34),
(6215,'2024-12-21 14:00:00',0,3666,34),
(6216,'2024-12-21 16:10:00',0,3668,34),
(6217,'2024-12-21 21:30:00',0,3668,35),
(6218,'2024-12-21 10:20:00',0,3669,35),
(6219,'2024-12-21 12:30:00',0,3669,35),
(6220,'2024-12-21 14:50:00',0,3669,35),
(6221,'2024-12-21 17:00:00',0,3669,35),
(6222,'2024-12-21 19:20:00',0,3669,35),
(6223,'2024-12-21 11:50:00',0,3649,32),
(6224,'2024-12-21 21:20:00',0,3670,32),
(6225,'2024-12-21 19:20:00',0,3670,34),
(6226,'2024-12-21 21:40:00',0,3602,34),
(6227,'2024-12-22 09:30:00',0,3651,32),
(6228,'2024-12-22 14:20:00',0,3651,32),
(6229,'2024-12-22 16:40:00',0,3651,32),
(6230,'2024-12-22 18:55:00',0,3651,32),
(6231,'2024-12-22 10:00:00',0,3651,33),
(6232,'2024-12-22 12:20:00',0,3651,33),
(6233,'2024-12-22 14:40:00',0,3651,33),
(6234,'2024-12-22 17:10:00',0,3651,33),
(6235,'2024-12-22 19:30:00',0,3651,33),
(6236,'2024-12-22 21:50:00',0,3651,33),
(6237,'2024-12-22 09:40:00',0,3666,34),
(6238,'2024-12-22 11:50:00',0,3666,34),
(6239,'2024-12-22 14:00:00',0,3666,34),
(6240,'2024-12-22 16:10:00',0,3668,34),
(6241,'2024-12-22 21:30:00',0,3668,35),
(6242,'2024-12-22 10:20:00',0,3669,35),
(6243,'2024-12-22 12:30:00',0,3669,35),
(6244,'2024-12-22 14:50:00',0,3669,35),
(6245,'2024-12-22 17:00:00',0,3669,35),
(6246,'2024-12-22 19:20:00',0,3669,35),
(6247,'2024-12-22 11:50:00',0,3649,32),
(6248,'2024-12-22 21:20:00',0,3670,32),
(6249,'2024-12-22 19:20:00',0,3670,34),
(6250,'2024-12-22 21:40:00',0,3602,34),
(6251,'2024-12-23 14:10:00',0,3651,32),
(6252,'2024-12-23 10:10:00',0,3651,33),
(6253,'2024-12-23 12:20:00',0,3651,33),
(6254,'2024-12-23 14:40:00',0,3651,33),
(6255,'2024-12-23 17:00:00',0,3651,33),
(6256,'2024-12-23 19:20:00',0,3651,33),
(6257,'2024-12-23 21:40:00',0,3651,33),
(6258,'2024-12-23 09:00:00',0,3651,34),
(6259,'2024-12-23 11:20:00',0,3651,34),
(6260,'2024-12-23 13:40:00',0,3651,34),
(6261,'2024-12-23 16:00:00',0,3651,34),
(6262,'2024-12-23 18:20:00',0,3651,34),
(6263,'2024-12-23 20:40:00',0,3651,34),
(6264,'2024-12-23 22:55:00',0,3651,34),
(6265,'2024-12-23 11:40:00',0,3666,30),
(6266,'2024-12-23 16:10:00',0,3666,30),
(6267,'2024-12-23 18:20:00',0,3666,30),
(6268,'2024-12-23 20:50:00',0,3668,32),
(6269,'2024-12-23 10:50:00',0,3668,35),
(6270,'2024-12-23 18:50:00',0,3668,35),
(6271,'2024-12-23 13:50:00',0,3669,30),
(6272,'2024-12-23 18:40:00',0,3669,32),
(6273,'2024-12-23 10:00:00',0,3649,31),
(6274,'2024-12-23 12:30:00',0,3649,31),
(6275,'2024-12-23 15:00:00',0,3649,31),
(6276,'2024-12-23 17:30:00',0,3649,31),
(6277,'2024-12-23 20:00:00',0,3649,31),
(6278,'2024-12-23 22:30:00',0,3649,31),
(6279,'2024-12-23 14:00:00',0,3649,35),
(6280,'2024-12-23 20:30:00',0,3670,30),
(6281,'2024-12-23 09:40:00',0,3670,32),
(6282,'2024-12-23 11:50:00',0,3670,32),
(6283,'2024-12-23 16:25:00',0,3670,32),
(6284,'2024-12-23 22:00:00',0,3608,35),
(6285,'2024-12-23 09:20:00',0,3602,30),
(6286,'2024-12-23 22:45:00',0,3602,30),
(6287,'2024-12-23 16:30:00',0,3602,35),
(6288,'2024-12-24 09:30:00',0,3651,32),
(6289,'2024-12-24 14:00:00',0,3651,32),
(6290,'2024-12-24 18:40:00',0,3651,32),
(6291,'2024-12-24 23:20:00',0,3651,32),
(6292,'2024-12-24 11:50:00',0,3666,32),
(6293,'2024-12-24 16:20:00',0,3666,32),
(6294,'2024-12-24 09:40:00',0,3611,30),
(6295,'2024-12-24 21:00:00',0,3611,32),
(6296,'2024-12-24 10:10:00',0,3611,34),
(6297,'2024-12-24 12:30:00',0,3611,34),
(6298,'2024-12-24 14:50:00',0,3611,34),
(6299,'2024-12-24 17:10:00',0,3611,34),
(6300,'2024-12-24 19:30:00',0,3611,34),
(6301,'2024-12-24 21:50:00',0,3611,34),
(6302,'2024-12-24 10:50:00',0,3611,35),
(6303,'2024-12-24 13:10:00',0,3611,35),
(6304,'2024-12-24 15:30:00',0,3611,35),
(6305,'2024-12-24 17:50:00',0,3611,35),
(6306,'2024-12-24 20:10:00',0,3611,35),
(6307,'2024-12-24 22:30:00',0,3611,35),
(6308,'2024-12-24 14:40:00',0,3669,30),
(6309,'2024-12-24 12:10:00',0,3649,30),
(6310,'2024-12-24 19:15:00',0,3649,30),
(6311,'2024-12-24 16:50:00',0,3649,30),
(6312,'2024-12-24 21:40:00',0,3670,30),
(6313,'2024-12-24 23:55:00',0,3670,30),
(6314,'2024-12-25 19:20:00',0,3651,30),
(6315,'2024-12-25 21:35:00',0,3651,30),
(6316,'2024-12-25 23:50:00',0,3651,30),
(6317,'2024-12-25 09:30:00',0,3651,32),
(6318,'2024-12-25 12:50:00',0,3666,30),
(6319,'2024-12-25 15:00:00',0,3666,30),
(6320,'2024-12-25 17:10:00',0,3666,30),
(6321,'2024-12-25 10:10:00',0,3611,34),
(6322,'2024-12-25 12:30:00',0,3611,34),
(6323,'2024-12-25 14:50:00',0,3611,34),
(6324,'2024-12-25 17:10:00',0,3611,34),
(6325,'2024-12-25 19:30:00',0,3611,34),
(6326,'2024-12-25 21:50:00',0,3611,34),
(6327,'2024-12-25 14:10:00',0,3669,32),
(6328,'2024-12-25 11:40:00',0,3649,32),
(6329,'2024-12-25 16:20:00',0,3649,32),
(6330,'2024-12-25 18:50:00',0,3649,32),
(6331,'2024-12-25 21:15:00',0,3670,32),
(6332,'2024-12-25 23:30:00',0,3670,32),
(6333,'2024-12-25 09:10:00',0,3613,30),
(6334,'2024-12-25 11:00:00',0,3613,30),
(6335,'2024-12-26 15:40:00',0,3651,30),
(6336,'2024-12-26 11:25:00',0,3651,35),
(6337,'2024-12-26 20:30:00',0,3651,35),
(6338,'2024-12-26 09:15:00',0,3666,35),
(6339,'2024-12-26 16:10:00',0,3666,35),
(6340,'2024-12-26 18:20:00',0,3666,35),
(6341,'2024-12-26 11:00:00',0,3611,30),
(6342,'2024-12-26 13:20:00',0,3611,30),
(6343,'2024-12-26 18:00:00',0,3611,30),
(6344,'2024-12-26 20:20:00',0,3611,30),
(6345,'2024-12-26 22:40:00',0,3611,30),
(6346,'2024-12-26 18:25:00',0,3611,34),
(6347,'2024-12-26 20:45:00',0,3611,34),
(6348,'2024-12-26 11:15:00',0,3649,34),
(6349,'2024-12-26 16:00:00',0,3649,34),
(6350,'2024-12-26 09:00:00',0,3670,34),
(6351,'2024-12-26 09:10:00',0,3613,30),
(6352,'2024-12-21 10:30:00',0,3651,36),
(6353,'2024-12-21 17:15:00',0,3651,36),
(6354,'2024-12-21 19:30:00',0,3651,36),
(6355,'2024-12-21 21:45:00',0,3651,36),
(6356,'2024-12-21 20:00:00',0,3651,38),
(6357,'2024-12-21 17:35:00',0,3666,38),
(6358,'2024-12-21 12:50:00',0,3669,36),
(6359,'2024-12-21 15:05:00',0,3669,36),
(6360,'2024-12-21 14:00:00',0,3669,37),
(6361,'2024-12-21 16:10:00',0,3669,37),
(6362,'2024-12-21 18:20:00',0,3669,37),
(6363,'2024-12-21 20:30:00',0,3669,37),
(6364,'2024-12-21 22:20:00',0,3649,38),
(6365,'2024-12-21 22:40:00',0,3670,37),
(6366,'2024-12-21 09:00:00',0,3670,39),
(6367,'2024-12-21 12:05:00',0,3613,37),
(6368,'2024-12-21 09:50:00',0,3673,37),
(6369,'2024-12-22 10:10:00',0,3651,36),
(6370,'2024-12-22 16:45:00',0,3651,36),
(6371,'2024-12-22 19:00:00',0,3651,36),
(6372,'2024-12-22 21:15:00',0,3651,36),
(6373,'2024-12-22 15:00:00',0,3651,38),
(6374,'2024-12-22 19:55:00',0,3651,38),
(6375,'2024-12-22 12:05:00',0,3666,37),
(6376,'2024-12-22 14:20:00',0,3666,37),
(6377,'2024-12-22 21:15:00',0,3668,40),
(6378,'2024-12-22 19:35:00',0,3668,41),
(6379,'2024-12-22 12:25:00',0,3669,36),
(6380,'2024-12-22 14:35:00',0,3669,36),
(6381,'2024-12-22 16:35:00',0,3669,37),
(6382,'2024-12-22 18:45:00',0,3669,37),
(6383,'2024-12-22 20:55:00',0,3669,37),
(6384,'2024-12-22 18:50:00',0,3650,40),
(6385,'2024-12-22 22:10:00',0,3649,38),
(6386,'2024-12-22 23:05:00',0,3670,37),
(6387,'2024-12-22 09:50:00',0,3673,37),
(6388,'2024-12-22 22:45:00',0,3673,41),
(6389,'2024-12-23 12:35:00',0,3651,37),
(6390,'2024-12-23 14:50:00',0,3651,37),
(6391,'2024-12-23 17:05:00',0,3651,37),
(6392,'2024-12-23 19:20:00',0,3651,37),
(6393,'2024-12-23 21:35:00',0,3651,37),
(6394,'2024-12-23 09:10:00',0,3651,39),
(6395,'2024-12-23 11:25:00',0,3651,39),
(6396,'2024-12-23 13:40:00',0,3651,39),
(6397,'2024-12-23 15:55:00',0,3651,39),
(6398,'2024-12-23 18:10:00',0,3651,39),
(6399,'2024-12-23 20:25:00',0,3651,39),
(6400,'2024-12-23 22:40:00',0,3651,39),
(6401,'2024-12-23 09:40:00',0,3666,36),
(6402,'2024-12-23 18:30:00',0,3666,36),
(6403,'2024-12-23 18:30:00',0,3668,41),
(6404,'2024-12-23 21:40:00',0,3668,41),
(6405,'2024-12-23 12:00:00',0,3669,36),
(6406,'2024-12-23 14:10:00',0,3669,36),
(6407,'2024-12-23 16:20:00',0,3669,36),
(6408,'2024-12-23 20:45:00',0,3669,36),
(6409,'2024-12-23 11:25:00',0,3650,41),
(6410,'2024-12-23 13:50:00',0,3650,41),
(6411,'2024-12-23 09:50:00',0,3649,38),
(6412,'2024-12-23 15:00:00',0,3649,38),
(6413,'2024-12-23 17:25:00',0,3649,38),
(6414,'2024-12-23 19:50:00',0,3649,38),
(6415,'2024-12-23 22:15:00',0,3649,38),
(6416,'2024-12-23 09:10:00',0,3649,40),
(6417,'2024-12-23 14:00:00',0,3649,40),
(6418,'2024-12-23 16:25:00',0,3649,40),
(6419,'2024-12-23 18:50:00',0,3649,40),
(6420,'2024-12-23 21:15:00',0,3649,40),
(6421,'2024-12-23 11:35:00',0,3649,40),
(6422,'2024-12-23 22:55:00',0,3670,36),
(6423,'2024-12-23 09:10:00',0,3670,41),
(6424,'2024-12-23 16:15:00',0,3673,41),
(6425,'2024-12-23 12:15:00',0,3685,38),
(6426,'2024-12-24 09:50:00',0,3649,38),
(6427,'2024-12-24 15:00:00',0,3649,38),
(6428,'2024-12-24 17:25:00',0,3649,38),
(6429,'2024-12-24 19:50:00',0,3649,38),
(6430,'2024-12-24 22:15:00',0,3649,38),
(6431,'2024-12-24 12:15:00',0,3685,38),
(6432,'2024-12-25 13:10:00',0,3613,39),
(6433,'2024-12-25 15:05:00',0,3613,39),
(6434,'2024-12-25 10:50:00',0,3632,39),
(6435,'2024-12-25 17:00:00',0,3632,39),
(6436,'2024-12-20 22:10:00',0,3651,42),
(6437,'2024-12-20 12:55:00',0,3651,44),
(6438,'2024-12-20 15:10:00',0,3651,44),
(6439,'2024-12-20 17:25:00',0,3651,44),
(6440,'2024-12-20 19:40:00',0,3651,44),
(6441,'2024-12-20 21:55:00',0,3651,44),
(6442,'2024-12-20 12:25:00',0,3668,42),
(6443,'2024-12-20 15:35:00',0,3669,42),
(6444,'2024-12-20 20:00:00',0,3669,42),
(6445,'2024-12-20 17:45:00',0,3673,42),
(6446,'2024-12-21 09:30:00',0,3651,47),
(6447,'2024-12-21 18:20:00',0,3651,47),
(6448,'2024-12-21 20:40:00',0,3651,47),
(6449,'2024-12-21 23:00:00',0,3651,47),
(6450,'2024-12-21 09:20:00',0,3666,46),
(6451,'2024-12-21 14:10:00',0,3666,46),
(6452,'2024-12-21 16:25:00',0,3666,46),
(6453,'2024-12-21 21:05:00',0,3668,46),
(6454,'2024-12-21 11:50:00',0,3668,47),
(6455,'2024-12-21 15:05:00',0,3668,47),
(6456,'2024-12-21 14:30:00',0,3669,45),
(6457,'2024-12-21 21:45:00',0,3669,45),
(6458,'2024-12-21 09:50:00',0,3669,43),
(6459,'2024-12-21 18:35:00',0,3669,43),
(6460,'2024-12-21 20:45:00',0,3669,43),
(6461,'2024-12-21 14:15:00',0,3669,43),
(6462,'2024-12-21 16:25:00',0,3669,43),
(6463,'2024-12-21 19:10:00',0,3649,45),
(6464,'2024-12-21 16:35:00',0,3649,45),
(6465,'2024-12-21 11:45:00',0,3649,46),
(6466,'2024-12-21 18:40:00',0,3649,46),
(6467,'2024-12-21 22:55:00',0,3670,43),
(6468,'2024-12-21 12:00:00',0,3673,43),
(6469,'2024-12-22 10:20:00',0,3651,42),
(6470,'2024-12-22 12:35:00',0,3651,42),
(6471,'2024-12-22 14:50:00',0,3651,42),
(6472,'2024-12-22 17:05:00',0,3651,42),
(6473,'2024-12-22 19:20:00',0,3651,42),
(6474,'2024-12-22 21:35:00',0,3651,42),
(6475,'2024-12-22 09:30:00',0,3651,47),
(6476,'2024-12-22 18:20:00',0,3651,47),
(6477,'2024-12-22 20:40:00',0,3651,47),
(6478,'2024-12-22 23:00:00',0,3651,47),
(6479,'2024-12-22 09:20:00',0,3666,46),
(6480,'2024-12-22 14:10:00',0,3666,46),
(6481,'2024-12-22 16:25:00',0,3666,46),
(6482,'2024-12-22 18:40:00',0,3668,46),
(6483,'2024-12-22 21:50:00',0,3668,46),
(6484,'2024-12-22 11:50:00',0,3668,47),
(6485,'2024-12-22 15:05:00',0,3668,47),
(6486,'2024-12-22 14:30:00',0,3669,45),
(6487,'2024-12-22 16:50:00',0,3669,45),
(6488,'2024-12-22 09:50:00',0,3669,43),
(6489,'2024-12-22 18:35:00',0,3669,43),
(6490,'2024-12-22 20:45:00',0,3669,43),
(6491,'2024-12-22 14:15:00',0,3669,43),
(6492,'2024-12-22 16:25:00',0,3669,43),
(6493,'2024-12-22 19:00:00',0,3649,45),
(6494,'2024-12-22 21:30:00',0,3649,45),
(6495,'2024-12-22 11:45:00',0,3649,46),
(6496,'2024-12-22 22:55:00',0,3670,43),
(6497,'2024-12-22 12:00:00',0,3673,43),
(6498,'2024-12-23 10:40:00',0,3651,44),
(6499,'2024-12-23 12:55:00',0,3651,44),
(6500,'2024-12-23 15:10:00',0,3651,44),
(6501,'2024-12-23 17:25:00',0,3651,44),
(6502,'2024-12-23 19:40:00',0,3651,44),
(6503,'2024-12-23 21:55:00',0,3651,44),
(6504,'2024-12-23 09:30:00',0,3651,46),
(6505,'2024-12-23 11:45:00',0,3651,46),
(6506,'2024-12-23 14:00:00',0,3651,46),
(6507,'2024-12-23 16:15:00',0,3651,46),
(6508,'2024-12-23 18:30:00',0,3651,46),
(6509,'2024-12-23 20:45:00',0,3651,46),
(6510,'2024-12-23 23:00:00',0,3651,46),
(6511,'2024-12-23 09:10:00',0,3651,48),
(6512,'2024-12-23 11:25:00',0,3651,48),
(6513,'2024-12-23 13:40:00',0,3651,48),
(6514,'2024-12-23 15:55:00',0,3651,48),
(6515,'2024-12-23 18:10:00',0,3651,48),
(6516,'2024-12-23 20:25:00',0,3651,48),
(6517,'2024-12-23 22:40:00',0,3651,48),
(6518,'2024-12-23 09:20:00',0,3666,47),
(6519,'2024-12-23 13:45:00',0,3666,47),
(6520,'2024-12-23 18:10:00',0,3668,47),
(6521,'2024-12-23 21:20:00',0,3668,47),
(6522,'2024-12-23 11:35:00',0,3669,47),
(6523,'2024-12-23 16:00:00',0,3669,47),
(6524,'2024-12-23 09:40:00',0,3649,45),
(6525,'2024-12-23 14:50:00',0,3649,45),
(6526,'2024-12-23 17:15:00',0,3649,45),
(6527,'2024-12-23 19:40:00',0,3649,45),
(6528,'2024-12-23 22:05:00',0,3649,45),
(6529,'2024-12-23 12:05:00',0,3685,45),
(6530,'2024-12-24 10:10:00',0,3611,44),
(6531,'2024-12-24 12:30:00',0,3611,44),
(6532,'2024-12-24 14:50:00',0,3611,44),
(6533,'2024-12-24 17:10:00',0,3611,44),
(6534,'2024-12-24 19:30:00',0,3611,44),
(6535,'2024-12-24 21:50:00',0,3611,44),
(6536,'2024-12-24 09:40:00',0,3649,45),
(6537,'2024-12-24 14:50:00',0,3649,45),
(6538,'2024-12-24 17:15:00',0,3649,45),
(6539,'2024-12-24 19:40:00',0,3649,45),
(6540,'2024-12-24 22:05:00',0,3649,45),
(6541,'2024-12-24 18:00:00',0,3673,47),
(6542,'2024-12-24 12:05:00',0,3685,45),
(6543,'2024-12-25 10:10:00',0,3611,44),
(6544,'2024-12-25 12:30:00',0,3611,44),
(6545,'2024-12-25 14:50:00',0,3611,44),
(6546,'2024-12-25 17:10:00',0,3611,44),
(6547,'2024-12-25 19:30:00',0,3611,44),
(6548,'2024-12-25 21:50:00',0,3611,44),
(6549,'2024-12-25 11:55:00',0,3649,45),
(6550,'2024-12-27 11:55:00',0,3649,45),
(6551,'2024-12-28 11:55:00',0,3649,45),
(6552,'2024-12-29 11:55:00',0,3649,45),
(6553,'2024-12-20 14:00:00',0,3651,45),
(6554,'2024-12-20 19:00:00',0,3651,45),
(6555,'2024-12-21 12:10:00',0,3651,51),
(6556,'2024-12-21 16:50:00',0,3651,52),
(6557,'2024-12-21 19:05:00',0,3651,52),
(6558,'2024-12-21 20:35:00',0,3666,50),
(6559,'2024-12-21 17:10:00',0,3666,51),
(6560,'2024-12-21 18:10:00',0,3669,50),
(6561,'2024-12-21 23:00:00',0,3669,50),
(6562,'2024-12-21 10:10:00',0,3669,52),
(6563,'2024-12-21 21:20:00',0,3657,52),
(6564,'2024-12-21 09:30:00',0,3608,51),
(6565,'2024-12-22 12:30:00',0,3651,53),
(6566,'2024-12-22 16:50:00',0,3651,52),
(6567,'2024-12-22 19:05:00',0,3651,52),
(6568,'2024-12-22 17:05:00',0,3666,51),
(6569,'2024-12-22 09:20:00',0,3668,53),
(6570,'2024-12-22 17:00:00',0,3668,53),
(6571,'2024-12-22 14:00:00',0,3668,51),
(6572,'2024-12-22 21:40:00',0,3668,51),
(6573,'2024-12-22 20:15:00',0,3669,53),
(6574,'2024-12-22 18:10:00',0,3669,50),
(6575,'2024-12-22 09:20:00',0,3669,51),
(6576,'2024-12-22 11:45:00',0,3669,51),
(6577,'2024-12-22 23:00:00',0,3649,50),
(6578,'2024-12-22 10:10:00',0,3670,52),
(6579,'2024-12-22 19:20:00',0,3673,51),
(6580,'2024-12-22 21:20:00',0,3657,52),
(6581,'2024-12-22 22:25:00',0,3608,53),
(6582,'2024-12-22 20:35:00',0,3608,50),
(6583,'2024-12-23 14:45:00',0,3651,53),
(6584,'2024-12-23 17:00:00',0,3651,53),
(6585,'2024-12-23 19:35:00',0,3651,53),
(6586,'2024-12-23 09:00:00',0,3651,49),
(6587,'2024-12-23 11:15:00',0,3651,49),
(6588,'2024-12-23 13:30:00',0,3651,49),
(6589,'2024-12-23 15:45:00',0,3651,49),
(6590,'2024-12-23 18:00:00',0,3651,49),
(6591,'2024-12-23 20:40:00',0,3651,49),
(6592,'2024-12-23 23:00:00',0,3651,49),
(6593,'2024-12-23 21:40:00',0,3651,51),
(6594,'2024-12-23 09:05:00',0,3666,50),
(6595,'2024-12-23 11:25:00',0,3666,50),
(6596,'2024-12-23 13:40:00',0,3666,50),
(6597,'2024-12-23 15:55:00',0,3666,50),
(6598,'2024-12-23 20:25:00',0,3666,50),
(6599,'2024-12-23 17:05:00',0,3666,51),
(6600,'2024-12-23 09:25:00',0,3668,53),
(6601,'2024-12-23 14:00:00',0,3668,51),
(6602,'2024-12-23 21:35:00',0,3668,52),
(6603,'2024-12-23 12:35:00',0,3669,53),
(6604,'2024-12-23 18:10:00',0,3669,50),
(6605,'2024-12-23 09:20:00',0,3669,51),
(6606,'2024-12-23 14:40:00',0,3669,52),
(6607,'2024-12-23 11:30:00',0,3649,51),
(6608,'2024-12-23 22:40:00',0,3670,50),
(6609,'2024-12-23 10:10:00',0,3670,52),
(6610,'2024-12-23 19:20:00',0,3673,51),
(6611,'2024-12-23 12:25:00',0,3673,52),
(6612,'2024-12-23 19:15:00',0,3657,52),
(6613,'2024-12-23 22:00:00',0,3608,53),
(6614,'2024-12-23 16:50:00',0,3608,52),
(6615,'2024-12-24 12:25:00',0,3651,53),
(6616,'2024-12-24 17:10:00',0,3651,53),
(6617,'2024-12-24 21:00:00',0,3651,51),
(6618,'2024-12-24 23:20:00',0,3651,51),
(6619,'2024-12-24 09:20:00',0,3651,52),
(6620,'2024-12-24 14:00:00',0,3651,52),
(6621,'2024-12-24 10:20:00',0,3666,51),
(6622,'2024-12-24 12:50:00',0,3666,51),
(6623,'2024-12-24 16:20:00',0,3666,52),
(6624,'2024-12-24 23:25:00',0,3668,52),
(6625,'2024-12-24 19:50:00',0,3611,53),
(6626,'2024-12-24 09:40:00',0,3611,50),
(6627,'2024-12-24 12:00:00',0,3611,50),
(6628,'2024-12-24 14:20:00',0,3611,50),
(6629,'2024-12-24 16:40:00',0,3611,50),
(6630,'2024-12-24 19:10:00',0,3611,50),
(6631,'2024-12-24 21:30:00',0,3611,50),
(6632,'2024-12-25 00:00:00',0,3611,50),
(6633,'2024-12-24 15:10:00',0,3611,51),
(6634,'2024-12-24 17:30:00',0,3611,51),
(6635,'2024-12-24 14:50:00',0,3669,53),
(6636,'2024-12-24 21:10:00',0,3669,52),
(6637,'2024-12-24 10:00:00',0,3649,53),
(6638,'2024-12-24 22:15:00',0,3649,53),
(6639,'2024-12-24 11:40:00',0,3673,52),
(6640,'2024-12-24 18:40:00',0,3673,52),
(6641,'2024-12-21 16:10:00',0,3666,55),
(6642,'2024-12-21 20:40:00',0,3666,55),
(6643,'2024-12-21 21:10:00',0,3668,54),
(6644,'2024-12-21 16:25:00',0,3669,54),
(6645,'2024-12-21 22:55:00',0,3669,55),
(6646,'2024-12-21 20:35:00',0,3649,59),
(6647,'2024-12-21 21:35:00',0,3670,56),
(6648,'2024-12-21 18:40:00',0,3608,54),
(6649,'2024-12-21 23:00:00',0,3608,59),
(6650,'2024-12-22 13:55:00',0,3666,55),
(6651,'2024-12-22 16:10:00',0,3666,55),
(6652,'2024-12-22 19:10:00',0,3666,58),
(6653,'2024-12-22 21:10:00',0,3668,54),
(6654,'2024-12-22 16:25:00',0,3669,54),
(6655,'2024-12-22 18:25:00',0,3669,55),
(6656,'2024-12-22 20:40:00',0,3669,55),
(6657,'2024-12-22 23:00:00',0,3669,59),
(6658,'2024-12-22 14:00:00',0,3650,54),
(6659,'2024-12-22 14:20:00',0,3649,58),
(6660,'2024-12-22 22:50:00',0,3670,55),
(6661,'2024-12-22 18:40:00',0,3608,54),
(6662,'2024-12-22 21:25:00',0,3608,58),
(6663,'2024-12-22 20:20:00',0,3608,59),
(6664,'2024-12-23 09:00:00',0,3651,56),
(6665,'2024-12-23 11:15:00',0,3651,56),
(6666,'2024-12-23 13:30:00',0,3651,56),
(6667,'2024-12-23 15:45:00',0,3651,56),
(6668,'2024-12-23 18:00:00',0,3651,56),
(6669,'2024-12-23 20:20:00',0,3651,56),
(6670,'2024-12-23 22:35:00',0,3651,56),
(6671,'2024-12-23 12:25:00',0,3651,57),
(6672,'2024-12-23 14:45:00',0,3651,57),
(6673,'2024-12-23 17:00:00',0,3651,57),
(6674,'2024-12-23 19:15:00',0,3651,57),
(6675,'2024-12-23 21:30:00',0,3651,57),
(6676,'2024-12-23 10:10:00',0,3651,59),
(6677,'2024-12-23 09:20:00',0,3666,54),
(6678,'2024-12-23 13:55:00',0,3666,55),
(6679,'2024-12-23 16:10:00',0,3666,55),
(6680,'2024-12-23 19:10:00',0,3666,58),
(6681,'2024-12-23 12:30:00',0,3666,59),
(6682,'2024-12-23 14:55:00',0,3666,59),
(6683,'2024-12-23 21:10:00',0,3668,54),
(6684,'2024-12-23 09:15:00',0,3668,57),
(6685,'2024-12-23 17:10:00',0,3668,59),
(6686,'2024-12-23 16:25:00',0,3669,54),
(6687,'2024-12-23 09:35:00',0,3669,55),
(6688,'2024-12-23 18:25:00',0,3669,55),
(6689,'2024-12-23 20:40:00',0,3669,55),
(6690,'2024-12-23 22:50:00',0,3669,55),
(6691,'2024-12-23 11:45:00',0,3669,55),
(6692,'2024-12-23 11:35:00',0,3650,54),
(6693,'2024-12-23 14:00:00',0,3650,54),
(6694,'2024-12-23 18:40:00',0,3608,54),
(6695,'2024-12-23 23:00:00',0,3608,59),
(6696,'2024-12-24 11:10:00',0,3611,54),
(6697,'2024-12-24 13:30:00',0,3611,54),
(6698,'2024-12-24 15:50:00',0,3611,54),
(6699,'2024-12-24 18:10:00',0,3611,54),
(6700,'2024-12-24 20:30:00',0,3611,54),
(6701,'2024-12-24 22:50:00',0,3611,54),
(6702,'2024-12-24 10:30:00',0,3611,55),
(6703,'2024-12-24 15:10:00',0,3611,55),
(6704,'2024-12-24 17:30:00',0,3611,55),
(6705,'2024-12-24 19:50:00',0,3611,55),
(6706,'2024-12-24 22:10:00',0,3611,55),
(6707,'2024-12-24 09:00:00',0,3669,54),
(6708,'2024-12-25 10:10:00',0,3611,59),
(6709,'2024-12-25 12:30:00',0,3611,59),
(6710,'2024-12-25 14:50:00',0,3611,59),
(6711,'2024-12-25 17:10:00',0,3611,59),
(6712,'2024-12-25 19:30:00',0,3611,59),
(6713,'2024-12-25 21:50:00',0,3611,59),
(6714,'2024-12-22 10:00:00',0,3669,4),
(6715,'2024-12-22 19:40:00',0,3669,4),
(6716,'2024-12-22 17:15:00',0,3649,4),
(6717,'2024-12-23 16:50:00',0,3669,4),
(6718,'2024-12-23 19:00:00',0,3669,4),
(6719,'2024-12-23 21:20:00',0,3685,4),
(6720,'2024-12-24 17:30:00',0,3669,4),
(6721,'2024-12-24 19:50:00',0,3669,4),
(6722,'2024-12-24 15:00:00',0,3649,4),
(6723,'2024-12-24 22:00:00',0,3649,4),
(6724,'2024-12-21 22:05:00',0,3670,9),
(6725,'2024-12-22 17:20:00',0,3669,9),
(6726,'2024-12-22 21:30:00',0,3668,10),
(6727,'2024-12-22 22:05:00',0,3670,9),
(6728,'2024-12-25 16:05:00',0,3692,17),
(6729,'2024-12-22 20:20:00',0,3666,27),
(6730,'2024-12-22 22:35:00',0,3608,27),
(6731,'2024-12-24 14:00:00',0,3611,29),
(6732,'2024-12-24 18:00:00',0,3667,23),
(6733,'2024-12-24 11:10:00',0,3667,28),
(6734,'2024-12-24 13:45:00',0,3682,23),
(6735,'2024-12-24 09:30:00',0,3604,23),
(6736,'2024-12-24 16:15:00',0,3604,28),
(6737,'2024-12-24 15:50:00',0,3684,23),
(6738,'2024-12-24 18:25:00',0,3684,28),
(6739,'2024-12-24 11:40:00',0,3687,23),
(6740,'2024-12-24 20:35:00',0,3659,28),
(6741,'2024-12-25 19:35:00',0,3666,26),
(6742,'2024-12-25 11:10:00',0,3666,28),
(6743,'2024-12-25 13:30:00',0,3666,28),
(6744,'2024-12-25 10:05:00',0,3669,26),
(6745,'2024-12-25 22:50:00',0,3669,28),
(6746,'2024-12-25 10:50:00',0,3611,27),
(6747,'2024-12-25 13:10:00',0,3611,27),
(6748,'2024-12-25 15:30:00',0,3611,27),
(6749,'2024-12-25 17:50:00',0,3611,27),
(6750,'2024-12-25 20:10:00',0,3611,27),
(6751,'2024-12-25 22:30:00',0,3611,27),
(6752,'2024-12-25 09:30:00',0,3612,23),
(6753,'2024-12-25 16:45:00',0,3612,23),
(6754,'2024-12-25 21:50:00',0,3649,26),
(6755,'2024-12-25 09:40:00',0,3651,24),
(6756,'2024-12-25 11:55:00',0,3651,24),
(6757,'2024-12-25 14:10:00',0,3651,24),
(6758,'2024-12-25 19:00:00',0,3651,24),
(6759,'2024-12-25 21:20:00',0,3651,24),
(6760,'2024-12-25 19:10:00',0,3667,23),
(6761,'2024-12-25 14:30:00',0,3667,26),
(6762,'2024-12-25 12:15:00',0,3673,26),
(6763,'2024-12-25 17:20:00',0,3673,26),
(6764,'2024-12-25 12:00:00',0,3682,23),
(6765,'2024-12-25 18:10:00',0,3604,28),
(6766,'2024-12-25 22:00:00',0,3687,23),
(6767,'2024-12-25 20:30:00',0,3660,28),
(6768,'2024-12-22 22:30:00',0,3685,4),
(6769,'2024-12-24 09:50:00',0,3651,12),
(6770,'2024-12-24 14:15:00',0,3651,12),
(6771,'2024-12-24 19:40:00',0,3651,12),
(6772,'2024-12-24 21:55:00',0,3651,12),
(6773,'2024-12-24 15:30:00',0,3666,11),
(6774,'2024-12-24 12:05:00',0,3669,12),
(6775,'2024-12-24 11:30:00',0,3611,9),
(6776,'2024-12-24 13:50:00',0,3611,9),
(6777,'2024-12-24 16:10:00',0,3611,9),
(6778,'2024-12-24 18:30:00',0,3611,9),
(6779,'2024-12-24 20:50:00',0,3611,9),
(6780,'2024-12-24 23:10:00',0,3611,9),
(6781,'2024-12-24 10:50:00',0,3611,11),
(6782,'2024-12-24 13:10:00',0,3611,11),
(6783,'2024-12-24 20:10:00',0,3611,11),
(6784,'2024-12-24 22:30:00',0,3611,11),
(6785,'2024-12-24 16:30:00',0,3668,12),
(6786,'2024-12-24 17:45:00',0,3649,11),
(6787,'2024-12-24 09:30:00',0,3693,9),
(6788,'2024-12-25 12:10:00',0,3666,12),
(6789,'2024-12-25 14:25:00',0,3666,12),
(6790,'2024-12-25 13:10:00',0,3669,11),
(6791,'2024-12-25 11:30:00',0,3611,9),
(6792,'2024-12-25 13:50:00',0,3611,9),
(6793,'2024-12-25 16:10:00',0,3611,9),
(6794,'2024-12-25 18:30:00',0,3611,9),
(6795,'2024-12-25 20:50:00',0,3611,9),
(6796,'2024-12-25 23:10:00',0,3611,9),
(6797,'2024-12-25 10:50:00',0,3611,11),
(6798,'2024-12-25 20:05:00',0,3611,11),
(6799,'2024-12-25 22:25:00',0,3611,11),
(6800,'2024-12-25 09:50:00',0,3632,12),
(6801,'2024-12-25 16:40:00',0,3632,12),
(6802,'2024-12-25 14:20:00',0,3724,23),
(6803,'2024-12-26 19:35:00',0,3666,26),
(6804,'2024-12-26 11:10:00',0,3666,28),
(6805,'2024-12-26 13:30:00',0,3666,28),
(6806,'2024-12-26 10:05:00',0,3669,26),
(6807,'2024-12-26 22:50:00',0,3669,28),
(6808,'2024-12-26 10:00:00',0,3611,25),
(6809,'2024-12-26 10:50:00',0,3611,27),
(6810,'2024-12-26 13:10:00',0,3611,27),
(6811,'2024-12-26 15:30:00',0,3611,27),
(6812,'2024-12-26 17:50:00',0,3611,27),
(6813,'2024-12-26 20:10:00',0,3611,27),
(6814,'2024-12-26 22:30:00',0,3611,27),
(6815,'2024-12-26 11:40:00',0,3612,23),
(6816,'2024-12-26 22:10:00',0,3612,23),
(6817,'2024-12-26 21:50:00',0,3649,26),
(6818,'2024-12-26 19:10:00',0,3667,23),
(6819,'2024-12-26 14:30:00',0,3667,26),
(6820,'2024-12-26 12:15:00',0,3673,26),
(6821,'2024-12-26 17:20:00',0,3673,26),
(6822,'2024-12-26 09:30:00',0,3682,23),
(6823,'2024-12-26 14:20:00',0,3687,23),
(6824,'2024-12-26 16:45:00',0,3724,23),
(6825,'2024-12-26 17:30:00',0,3601,28),
(6826,'2024-12-26 19:45:00',0,3661,28),
(6827,'2024-12-26 15:50:00',0,3663,28),
(6828,'2024-12-27 09:40:00',0,3651,24),
(6829,'2024-12-27 11:55:00',0,3651,24),
(6830,'2024-12-27 19:35:00',0,3666,26),
(6831,'2024-12-27 11:10:00',0,3666,28),
(6832,'2024-12-27 13:30:00',0,3666,28),
(6833,'2024-12-27 10:05:00',0,3669,26),
(6834,'2024-12-27 22:50:00',0,3669,28),
(6835,'2024-12-27 10:50:00',0,3611,27),
(6836,'2024-12-27 13:10:00',0,3611,27),
(6837,'2024-12-27 15:30:00',0,3611,27),
(6838,'2024-12-27 17:50:00',0,3611,27),
(6839,'2024-12-27 20:10:00',0,3611,27),
(6840,'2024-12-27 22:30:00',0,3611,27),
(6841,'2024-12-27 14:20:00',0,3612,23),
(6842,'2024-12-27 21:25:00',0,3612,23),
(6843,'2024-12-27 21:50:00',0,3649,26),
(6844,'2024-12-27 11:30:00',0,3667,23),
(6845,'2024-12-27 14:30:00',0,3667,26),
(6846,'2024-12-27 12:15:00',0,3673,26),
(6847,'2024-12-27 17:20:00',0,3673,26),
(6848,'2024-12-27 16:45:00',0,3682,23),
(6849,'2024-12-27 09:30:00',0,3609,23),
(6850,'2024-12-27 15:50:00',0,3684,28),
(6851,'2024-12-27 18:55:00',0,3724,23),
(6852,'2024-12-27 18:00:00',0,3659,28),
(6853,'2024-12-28 16:35:00',0,3612,23),
(6854,'2024-12-29 13:50:00',0,3612,23),
(6855,'2024-12-22 19:10:00',0,3666,35),
(6856,'2024-12-22 18:50:00',0,3666,40),
(6857,'2024-12-23 15:20:00',0,3651,38),
(6858,'2024-12-23 20:00:00',0,3651,38),
(6859,'2024-12-23 20:30:00',0,3651,39),
(6860,'2024-12-23 22:45:00',0,3651,39),
(6861,'2024-12-23 11:40:00',0,3666,40),
(6862,'2024-12-23 16:30:00',0,3668,40),
(6863,'2024-12-23 10:00:00',0,3649,38),
(6864,'2024-12-23 17:35:00',0,3649,38),
(6865,'2024-12-23 22:35:00',0,3649,38),
(6866,'2024-12-23 19:45:00',0,3649,40),
(6867,'2024-12-23 22:15:00',0,3673,40),
(6868,'2024-12-23 12:30:00',0,3685,38),
(6869,'2024-12-24 15:00:00',0,3651,38),
(6870,'2024-12-24 19:40:00',0,3651,38),
(6871,'2024-12-24 21:55:00',0,3651,38),
(6872,'2024-12-24 11:00:00',0,3651,40),
(6873,'2024-12-24 16:20:00',0,3666,41),
(6874,'2024-12-24 15:30:00',0,3669,40),
(6875,'2024-12-24 09:20:00',0,3669,41),
(6876,'2024-12-24 23:40:00',0,3611,37),
(6877,'2024-12-24 10:10:00',0,3611,39),
(6878,'2024-12-24 12:30:00',0,3611,39),
(6879,'2024-12-24 14:50:00',0,3611,39),
(6880,'2024-12-24 17:10:00',0,3611,39),
(6881,'2024-12-24 19:30:00',0,3611,39),
(6882,'2024-12-24 21:50:00',0,3611,39),
(6883,'2024-12-24 17:40:00',0,3611,40),
(6884,'2024-12-24 20:00:00',0,3611,40),
(6885,'2024-12-24 22:20:00',0,3611,40),
(6886,'2024-12-24 18:40:00',0,3668,41),
(6887,'2024-12-24 21:50:00',0,3668,41),
(6888,'2024-12-24 17:15:00',0,3649,38),
(6889,'2024-12-24 11:30:00',0,3650,41),
(6890,'2024-12-24 13:55:00',0,3650,41),
(6891,'2024-12-24 13:15:00',0,3673,40),
(6892,'2024-12-25 08:30:00',0,3651,41),
(6893,'2024-12-25 13:10:00',0,3666,39),
(6894,'2024-12-25 15:25:00',0,3666,39),
(6895,'2024-12-25 11:00:00',0,3666,40),
(6896,'2024-12-25 14:20:00',0,3669,41),
(6897,'2024-12-25 16:30:00',0,3669,41),
(6898,'2024-12-25 08:30:00',0,3611,40),
(6899,'2024-12-25 17:15:00',0,3668,40),
(6900,'2024-12-25 09:50:00',0,3650,38),
(6901,'2024-12-25 12:25:00',0,3613,41),
(6902,'2024-12-25 13:15:00',0,3628,40),
(6903,'2024-12-25 10:45:00',0,3628,41),
(6904,'2024-12-25 14:55:00',0,3632,40),
(6905,'2024-12-28 14:00:00',0,3651,36),
(6906,'2024-12-28 10:00:00',0,3666,36),
(6907,'2024-12-28 12:00:00',0,3670,36),
(6908,'2024-12-23 13:10:00',0,3651,43),
(6909,'2024-12-23 17:50:00',0,3651,43),
(6910,'2024-12-23 15:00:00',0,3669,45),
(6911,'2024-12-23 17:20:00',0,3669,45),
(6912,'2024-12-23 15:35:00',0,3669,42),
(6913,'2024-12-23 20:00:00',0,3669,42),
(6914,'2024-12-23 12:25:00',0,3668,42),
(6915,'2024-12-23 10:40:00',0,3649,43),
(6916,'2024-12-23 15:25:00',0,3649,43),
(6917,'2024-12-23 20:05:00',0,3649,43),
(6918,'2024-12-23 10:10:00',0,3670,42),
(6919,'2024-12-23 22:30:00',0,3670,43),
(6920,'2024-12-23 17:45:00',0,3673,42),
(6921,'2024-12-23 22:10:00',0,3673,42),
(6922,'2024-12-24 10:00:00',0,3651,43),
(6923,'2024-12-24 14:25:00',0,3651,43),
(6924,'2024-12-24 18:50:00',0,3651,43),
(6925,'2024-12-24 12:30:00',0,3666,47),
(6926,'2024-12-24 15:00:00',0,3669,45),
(6927,'2024-12-24 19:50:00',0,3669,45),
(6928,'2024-12-24 12:15:00',0,3669,43),
(6929,'2024-12-24 16:40:00',0,3669,43),
(6930,'2024-12-24 10:30:00',0,3611,42),
(6931,'2024-12-24 12:50:00',0,3611,42),
(6932,'2024-12-24 15:10:00',0,3611,42),
(6933,'2024-12-24 17:30:00',0,3611,42),
(6934,'2024-12-24 19:50:00',0,3611,42),
(6935,'2024-12-24 22:10:00',0,3611,42),
(6936,'2024-12-24 23:20:00',0,3611,46),
(6937,'2024-12-24 20:15:00',0,3611,47),
(6938,'2024-12-24 22:40:00',0,3611,47),
(6939,'2024-12-24 21:05:00',0,3668,43),
(6940,'2024-12-24 14:50:00',0,3668,47),
(6941,'2024-12-24 10:00:00',0,3649,47),
(6942,'2024-12-25 11:00:00',0,3666,47),
(6943,'2024-12-25 13:15:00',0,3666,47),
(6944,'2024-12-25 15:30:00',0,3666,47),
(6945,'2024-12-25 15:00:00',0,3669,43),
(6946,'2024-12-25 09:50:00',0,3611,42),
(6947,'2024-12-25 14:30:00',0,3611,42),
(6948,'2024-12-25 16:50:00',0,3611,42),
(6949,'2024-12-25 19:10:00',0,3611,42),
(6950,'2024-12-25 21:30:00',0,3611,42),
(6951,'2024-12-25 08:30:00',0,3611,46),
(6952,'2024-12-25 11:50:00',0,3668,43),
(6953,'2024-12-25 09:20:00',0,3649,43),
(6954,'2024-12-25 08:40:00',0,3673,47),
(6955,'2024-12-24 14:50:00',0,3666,53),
(6956,'2024-12-24 10:00:00',0,3669,53),
(6957,'2024-12-25 21:00:00',0,3651,51),
(6958,'2024-12-25 23:20:00',0,3651,51),
(6959,'2024-12-25 09:20:00',0,3651,52),
(6960,'2024-12-25 14:00:00',0,3651,52),
(6961,'2024-12-25 10:20:00',0,3666,51),
(6962,'2024-12-25 12:50:00',0,3666,51),
(6963,'2024-12-25 16:20:00',0,3666,52),
(6964,'2024-12-25 09:40:00',0,3611,50),
(6965,'2024-12-25 12:00:00',0,3611,50),
(6966,'2024-12-25 20:00:00',0,3617,51),
(6967,'2024-12-25 11:40:00',0,3673,52),
(6968,'2024-12-26 14:00:00',0,3651,51),
(6969,'2024-12-26 20:50:00',0,3651,52),
(6970,'2024-12-26 16:20:00',0,3666,51),
(6971,'2024-12-26 10:20:00',0,3666,52),
(6972,'2024-12-26 12:50:00',0,3666,52),
(6973,'2024-12-26 09:15:00',0,3611,51),
(6974,'2024-12-26 20:05:00',0,3617,52),
(6975,'2024-12-26 11:40:00',0,3673,51),
(6976,'2024-12-27 21:00:00',0,3651,51),
(6977,'2024-12-27 23:20:00',0,3651,51),
(6978,'2024-12-27 16:40:00',0,3666,50),
(6979,'2024-12-27 10:20:00',0,3666,51),
(6980,'2024-12-27 12:50:00',0,3666,51),
(6981,'2024-12-27 09:40:00',0,3611,50),
(6982,'2024-12-27 12:00:00',0,3611,50),
(6983,'2024-12-27 14:20:00',0,3611,50),
(6984,'2024-12-27 21:30:00',0,3611,50),
(6985,'2024-12-27 20:00:00',0,3617,51),
(6986,'2024-12-23 11:55:00',0,3649,58),
(6987,'2024-12-23 14:20:00',0,3649,58),
(6988,'2024-12-23 20:30:00',0,3649,59),
(6989,'2024-12-23 09:30:00',0,3670,58),
(6990,'2024-12-23 16:50:00',0,3670,58),
(6991,'2024-12-23 21:25:00',0,3608,58),
(6992,'2024-12-24 19:30:00',0,3651,57),
(6993,'2024-12-24 21:50:00',0,3651,58),
(6994,'2024-12-24 12:25:00',0,3651,59),
(6995,'2024-12-24 12:40:00',0,3666,57),
(6996,'2024-12-24 15:00:00',0,3666,57),
(6997,'2024-12-24 17:15:00',0,3666,57),
(6998,'2024-12-24 12:35:00',0,3669,58),
(6999,'2024-12-24 14:45:00',0,3669,58),
(7000,'2024-12-24 12:50:00',0,3611,55),
(7001,'2024-12-24 23:20:00',0,3611,56),
(7002,'2024-12-24 14:40:00',0,3611,59),
(7003,'2024-12-24 17:00:00',0,3611,59),
(7004,'2024-12-24 19:20:00',0,3611,59),
(7005,'2024-12-24 21:40:00',0,3611,59),
(7006,'2024-12-24 21:45:00',0,3649,57),
(7007,'2024-12-24 16:55:00',0,3650,58),
(7008,'2024-12-24 19:25:00',0,3650,58),
(7009,'2024-12-25 12:05:00',0,3651,55),
(7010,'2024-12-25 21:10:00',0,3651,55),
(7011,'2024-12-25 09:00:00',0,3666,54),
(7012,'2024-12-25 11:15:00',0,3666,54),
(7013,'2024-12-25 13:30:00',0,3666,54),
(7014,'2024-12-25 15:45:00',0,3666,54),
(7015,'2024-12-25 16:35:00',0,3669,55),
(7016,'2024-12-25 09:10:00',0,3669,58),
(7017,'2024-12-25 11:20:00',0,3669,58),
(7018,'2024-12-25 10:40:00',0,3611,57),
(7019,'2024-12-25 13:00:00',0,3611,57),
(7020,'2024-12-25 15:20:00',0,3611,57),
(7021,'2024-12-25 17:40:00',0,3611,57),
(7022,'2024-12-25 20:00:00',0,3611,57),
(7023,'2024-12-25 22:20:00',0,3611,57),
(7024,'2024-12-25 18:45:00',0,3650,55),
(7025,'2024-12-26 09:15:00',0,3651,54),
(7026,'2024-12-26 18:25:00',0,3651,54),
(7027,'2024-12-26 11:35:00',0,3651,55),
(7028,'2024-12-26 20:45:00',0,3651,55),
(7029,'2024-12-26 23:00:00',0,3651,55),
(7030,'2024-12-26 11:30:00',0,3666,54),
(7031,'2024-12-26 13:45:00',0,3666,54),
(7032,'2024-12-26 13:50:00',0,3669,55),
(7033,'2024-12-26 10:40:00',0,3611,57),
(7034,'2024-12-26 13:00:00',0,3611,57),
(7035,'2024-12-26 15:20:00',0,3611,57),
(7036,'2024-12-26 17:40:00',0,3611,57),
(7037,'2024-12-26 20:00:00',0,3611,57),
(7038,'2024-12-26 22:20:00',0,3611,57),
(7039,'2024-12-26 10:00:00',0,3611,59),
(7040,'2024-12-26 12:20:00',0,3611,59),
(7041,'2024-12-26 14:40:00',0,3611,59),
(7042,'2024-12-26 17:00:00',0,3611,59),
(7043,'2024-12-26 19:20:00',0,3611,59),
(7044,'2024-12-26 21:40:00',0,3611,59),
(7045,'2024-12-26 09:10:00',0,3650,55),
(7046,'2024-12-26 16:05:00',0,3650,55),
(7047,'2024-12-27 10:00:00',0,3611,54),
(7048,'2024-12-27 12:20:00',0,3611,54),
(7049,'2024-12-27 14:40:00',0,3611,54),
(7050,'2024-12-27 17:00:00',0,3611,54),
(7051,'2024-12-27 19:20:00',0,3611,54),
(7052,'2024-12-27 21:40:00',0,3611,54),
(7053,'2024-12-28 00:00:00',0,3611,54),
(7054,'2024-12-27 10:40:00',0,3611,57),
(7055,'2024-12-27 13:00:00',0,3611,57),
(7056,'2024-12-27 15:20:00',0,3611,57),
(7057,'2024-12-27 17:40:00',0,3611,57),
(7058,'2024-12-27 20:00:00',0,3611,57),
(7059,'2024-12-27 22:20:00',0,3611,57),
(7060,'2024-12-26 11:45:00',0,3649,10),
(7061,'2024-12-26 11:40:00',0,3611,9),
(7062,'2024-12-26 16:20:00',0,3611,9),
(7063,'2024-12-26 18:40:00',0,3611,9),
(7064,'2024-12-26 21:00:00',0,3611,9),
(7065,'2024-12-26 09:20:00',0,3611,10),
(7066,'2024-12-26 17:00:00',0,3611,10),
(7067,'2024-12-26 19:20:00',0,3611,10),
(7068,'2024-12-26 21:40:00',0,3611,10),
(7069,'2024-12-27 11:50:00',0,3611,9),
(7070,'2024-12-27 14:10:00',0,3611,9),
(7071,'2024-12-27 16:30:00',0,3611,9),
(7072,'2024-12-27 18:50:00',0,3611,9),
(7073,'2024-12-27 21:10:00',0,3611,9),
(7074,'2024-12-27 10:40:00',0,3611,10),
(7075,'2024-12-27 13:00:00',0,3611,10),
(7076,'2024-12-27 15:20:00',0,3611,10),
(7077,'2024-12-27 17:40:00',0,3611,10),
(7078,'2024-12-27 20:00:00',0,3611,10),
(7079,'2024-12-27 22:20:00',0,3611,10),
(7080,'2024-12-24 09:10:00',0,3649,20),
(7081,'2024-12-24 13:45:00',0,3649,20),
(7082,'2024-12-24 18:30:00',0,3649,20),
(7083,'2024-12-24 11:35:00',0,3669,20),
(7084,'2024-12-24 16:20:00',0,3669,20),
(7085,'2024-12-24 21:00:00',0,3669,20),
(7086,'2024-12-24 23:10:00',0,3685,20),
(7087,'2024-12-24 20:50:00',0,3687,23),
(7088,'2024-12-25 00:00:00',0,3611,1),
(7089,'2024-12-24 17:45:00',0,3611,6),
(7090,'2024-12-24 20:10:00',0,3611,6),
(7091,'2024-12-24 22:35:00',0,3611,6),
(7092,'2024-12-24 11:00:00',0,3651,6),
(7093,'2024-12-24 13:15:00',0,3651,6),
(7094,'2024-12-24 15:30:00',0,3651,6),
(7095,'2024-12-25 14:20:00',0,3611,1),
(7096,'2024-12-25 16:45:00',0,3611,1),
(7097,'2024-12-25 19:10:00',0,3611,1),
(7098,'2024-12-25 21:35:00',0,3611,1),
(7099,'2024-12-26 00:00:00',0,3611,1),
(7100,'2024-12-25 10:50:00',0,3651,6),
(7101,'2024-12-25 15:15:00',0,3651,6),
(7102,'2024-12-25 19:45:00',0,3651,6),
(7103,'2024-12-25 22:00:00',0,3651,6),
(7104,'2024-12-25 18:45:00',0,3651,8),
(7105,'2024-12-25 23:25:00',0,3651,8),
(7106,'2024-12-25 08:30:00',0,3666,6),
(7107,'2024-12-25 17:30:00',0,3666,6),
(7108,'2024-12-25 12:10:00',0,3669,1),
(7109,'2024-12-25 17:40:00',0,3669,5),
(7110,'2024-12-25 13:05:00',0,3669,6),
(7111,'2024-12-25 20:00:00',0,3612,5),
(7112,'2024-12-25 21:00:00',0,3650,8),
(7113,'2024-12-25 22:30:00',0,3673,5),
(7114,'2024-12-26 08:30:00',0,3649,4),
(7115,'2024-12-26 10:55:00',0,3649,4),
(7116,'2024-12-26 11:50:00',0,3649,7),
(7117,'2024-12-26 14:15:00',0,3649,7),
(7118,'2024-12-26 09:30:00',0,3611,7),
(7119,'2024-12-26 16:40:00',0,3611,7),
(7120,'2024-12-26 19:05:00',0,3611,7),
(7121,'2024-12-26 21:30:00',0,3611,7),
(7122,'2024-12-26 23:55:00',0,3611,7),
(7123,'2024-12-26 08:30:00',0,3611,1),
(7124,'2024-12-26 10:50:00',0,3611,1),
(7125,'2024-12-26 13:15:00',0,3611,1),
(7126,'2024-12-26 15:40:00',0,3611,1),
(7127,'2024-12-26 18:05:00',0,3611,1),
(7128,'2024-12-26 20:30:00',0,3611,1),
(7129,'2024-12-26 22:55:00',0,3611,1),
(7130,'2024-12-26 09:20:00',0,3651,6),
(7131,'2024-12-26 13:20:00',0,3651,6),
(7132,'2024-12-26 15:35:00',0,3651,6),
(7133,'2024-12-26 17:50:00',0,3651,6),
(7134,'2024-12-26 20:10:00',0,3651,6),
(7135,'2024-12-26 22:25:00',0,3651,6),
(7136,'2024-12-26 13:20:00',0,3618,4),
(7137,'2024-12-26 16:15:00',0,3618,4),
(7138,'2024-12-26 19:10:00',0,3618,4),
(7139,'2024-12-26 22:05:00',0,3618,4),
(7140,'2024-12-26 08:40:00',0,3666,8),
(7141,'2024-12-26 13:05:00',0,3666,8),
(7142,'2024-12-26 15:25:00',0,3669,5),
(7143,'2024-12-26 10:55:00',0,3669,8),
(7144,'2024-12-26 18:30:00',0,3669,8),
(7145,'2024-12-26 09:50:00',0,3668,5),
(7146,'2024-12-26 15:20:00',0,3668,8),
(7147,'2024-12-26 13:00:00',0,3650,5),
(7148,'2024-12-26 11:45:00',0,3615,6),
(7149,'2024-12-27 09:40:00',0,3649,4),
(7150,'2024-12-27 12:05:00',0,3649,4),
(7151,'2024-12-27 10:50:00',0,3649,7),
(7152,'2024-12-27 13:15:00',0,3649,7),
(7153,'2024-12-27 08:30:00',0,3611,7),
(7154,'2024-12-27 15:45:00',0,3611,7),
(7155,'2024-12-27 18:10:00',0,3611,7),
(7156,'2024-12-27 20:35:00',0,3611,7),
(7157,'2024-12-27 23:00:00',0,3611,7),
(7158,'2024-12-27 14:50:00',0,3611,3),
(7159,'2024-12-27 17:15:00',0,3611,3),
(7160,'2024-12-27 19:40:00',0,3611,3),
(7161,'2024-12-27 22:05:00',0,3611,3),
(7162,'2024-12-27 08:50:00',0,3651,6),
(7163,'2024-12-27 12:45:00',0,3651,6),
(7164,'2024-12-27 15:00:00',0,3651,6),
(7165,'2024-12-27 17:15:00',0,3651,6),
(7166,'2024-12-27 19:30:00',0,3651,6),
(7167,'2024-12-27 21:45:00',0,3651,6),
(7168,'2024-12-28 00:00:00',0,3651,6),
(7169,'2024-12-27 14:30:00',0,3618,4),
(7170,'2024-12-27 17:25:00',0,3618,4),
(7171,'2024-12-27 20:20:00',0,3618,4),
(7172,'2024-12-27 23:15:00',0,3618,4),
(7173,'2024-12-27 08:40:00',0,3666,8),
(7174,'2024-12-27 13:10:00',0,3666,8),
(7175,'2024-12-27 11:00:00',0,3669,8),
(7176,'2024-12-27 15:25:00',0,3669,8),
(7177,'2024-12-27 09:00:00',0,3668,5),
(7178,'2024-12-27 14:35:00',0,3668,5),
(7179,'2024-12-27 17:35:00',0,3668,8),
(7180,'2024-12-27 12:10:00',0,3650,5),
(7181,'2024-12-27 11:05:00',0,3615,6),
(7182,'2024-12-28 10:55:00',0,3649,7),
(7183,'2024-12-28 13:20:00',0,3649,7),
(7184,'2024-12-28 10:00:00',0,3649,5),
(7185,'2024-12-28 08:30:00',0,3611,7),
(7186,'2024-12-28 15:45:00',0,3611,7),
(7187,'2024-12-28 18:10:00',0,3611,7),
(7188,'2024-12-28 20:35:00',0,3611,7),
(7189,'2024-12-28 23:00:00',0,3611,7),
(7190,'2024-12-28 12:25:00',0,3611,3),
(7191,'2024-12-28 14:50:00',0,3611,3),
(7192,'2024-12-28 17:15:00',0,3611,3),
(7193,'2024-12-28 19:40:00',0,3611,3),
(7194,'2024-12-28 22:05:00',0,3611,3),
(7195,'2024-12-28 15:35:00',0,3651,6),
(7196,'2024-12-28 17:50:00',0,3651,6),
(7197,'2024-12-28 17:00:00',0,3618,4),
(7198,'2024-12-28 20:00:00',0,3618,4),
(7199,'2024-12-28 23:10:00',0,3618,4),
(7200,'2024-12-28 11:05:00',0,3666,6),
(7201,'2024-12-28 13:00:00',0,3666,8),
(7202,'2024-12-28 10:50:00',0,3669,8),
(7203,'2024-12-28 15:15:00',0,3669,8),
(7204,'2024-12-25 15:20:00',0,3649,11),
(7205,'2024-12-25 17:45:00',0,3611,11),
(7206,'2024-12-25 16:40:00',0,3651,12),
(7207,'2024-12-25 22:05:00',0,3651,12),
(7208,'2024-12-25 09:25:00',0,3669,9),
(7209,'2024-12-25 18:55:00',0,3668,12),
(7210,'2024-12-26 14:00:00',0,3611,9),
(7211,'2024-12-26 09:35:00',0,3611,10),
(7212,'2024-12-26 17:20:00',0,3611,10),
(7213,'2024-12-26 20:00:00',0,3611,10),
(7214,'2024-12-26 22:20:00',0,3611,10),
(7215,'2024-12-26 19:20:00',0,3611,11),
(7216,'2024-12-26 10:40:00',0,3611,12),
(7217,'2024-12-26 11:55:00',0,3651,10),
(7218,'2024-12-26 21:50:00',0,3651,11),
(7219,'2024-12-26 16:10:00',0,3651,12),
(7220,'2024-12-26 18:30:00',0,3651,12),
(7221,'2024-12-26 17:00:00',0,3666,11),
(7222,'2024-12-26 11:40:00',0,3669,11),
(7223,'2024-12-26 20:45:00',0,3668,12),
(7224,'2024-12-26 09:40:00',0,3693,11),
(7225,'2025-01-01 12:20:00',0,3632,12),
(7226,'2025-01-02 12:20:00',0,3632,12),
(7227,'2025-01-04 12:20:00',0,3632,12),
(7228,'2024-12-24 12:55:00',0,3611,19),
(7229,'2024-12-24 15:20:00',0,3611,19),
(7230,'2024-12-24 17:45:00',0,3611,19),
(7231,'2024-12-24 20:10:00',0,3611,19),
(7232,'2024-12-24 22:35:00',0,3611,19),
(7233,'2024-12-25 00:00:00',0,3611,22),
(7234,'2024-12-24 16:10:00',0,3666,18),
(7235,'2024-12-24 20:35:00',0,3666,18),
(7236,'2024-12-24 14:00:00',0,3669,18),
(7237,'2024-12-24 18:25:00',0,3669,18),
(7238,'2024-12-24 22:10:00',0,3650,17),
(7239,'2024-12-24 22:50:00',0,3667,18),
(7240,'2024-12-25 15:20:00',0,3649,19),
(7241,'2024-12-25 20:10:00',0,3611,19),
(7242,'2024-12-25 22:35:00',0,3611,19),
(7243,'2024-12-25 09:30:00',0,3611,22),
(7244,'2024-12-25 11:55:00',0,3611,22),
(7245,'2024-12-25 14:20:00',0,3611,22),
(7246,'2024-12-25 16:45:00',0,3611,22),
(7247,'2024-12-25 19:10:00',0,3611,22),
(7248,'2024-12-25 21:35:00',0,3611,22),
(7249,'2024-12-26 00:00:00',0,3611,22),
(7250,'2024-12-25 16:50:00',0,3651,15),
(7251,'2024-12-25 19:50:00',0,3651,15),
(7252,'2024-12-25 17:50:00',0,3651,19),
(7253,'2024-12-25 15:25:00',0,3666,18),
(7254,'2024-12-25 20:50:00',0,3666,18),
(7255,'2024-12-25 13:15:00',0,3669,18),
(7256,'2024-12-25 17:40:00',0,3668,18),
(7257,'2024-12-25 23:05:00',0,3668,18),
(7258,'2024-12-25 23:10:00',0,3650,17),
(7259,'2024-12-25 22:10:00',0,3667,15),
(7260,'2024-12-25 19:05:00',0,3616,15),
(7261,'2024-12-26 15:30:00',0,3649,18),
(7262,'2024-12-26 20:15:00',0,3649,18),
(7263,'2024-12-26 08:30:00',0,3611,13),
(7264,'2024-12-26 10:55:00',0,3611,13),
(7265,'2024-12-26 13:20:00',0,3611,13),
(7266,'2024-12-26 15:45:00',0,3611,13),
(7267,'2024-12-26 18:10:00',0,3611,13),
(7268,'2024-12-26 20:35:00',0,3611,13),
(7269,'2024-12-26 23:00:00',0,3611,13),
(7270,'2024-12-26 10:30:00',0,3611,22),
(7271,'2024-12-26 12:55:00',0,3611,22),
(7272,'2024-12-26 15:20:00',0,3611,22),
(7273,'2024-12-26 17:45:00',0,3611,22),
(7274,'2024-12-26 20:10:00',0,3611,22),
(7275,'2024-12-26 22:35:00',0,3611,22),
(7276,'2024-12-26 09:10:00',0,3651,19),
(7277,'2024-12-26 11:25:00',0,3651,19),
(7278,'2024-12-26 13:40:00',0,3651,19),
(7279,'2024-12-26 15:55:00',0,3651,19),
(7280,'2024-12-26 18:10:00',0,3651,19),
(7281,'2024-12-26 20:25:00',0,3651,19),
(7282,'2024-12-26 22:40:00',0,3651,19),
(7283,'2024-12-26 17:30:00',0,3618,20),
(7284,'2024-12-26 20:25:00',0,3618,20),
(7285,'2024-12-26 23:20:00',0,3618,20),
(7286,'2024-12-26 08:40:00',0,3666,18),
(7287,'2024-12-26 13:10:00',0,3666,18),
(7288,'2024-12-26 10:55:00',0,3669,18),
(7289,'2024-12-26 18:00:00',0,3669,18),
(7290,'2024-12-26 13:25:00',0,3668,15),
(7291,'2024-12-26 17:20:00',0,3668,15),
(7292,'2024-12-26 09:20:00',0,3668,16),
(7293,'2024-12-26 19:05:00',0,3612,16),
(7294,'2024-12-26 12:25:00',0,3708,16),
(7295,'2024-12-26 14:40:00',0,3692,16),
(7296,'2024-12-26 16:35:00',0,3616,15),
(7297,'2024-12-27 12:10:00',0,3649,20),
(7298,'2024-12-27 08:30:00',0,3611,13),
(7299,'2024-12-27 10:55:00',0,3611,13),
(7300,'2024-12-27 13:20:00',0,3611,13),
(7301,'2024-12-27 15:45:00',0,3611,13),
(7302,'2024-12-27 18:10:00',0,3611,13),
(7303,'2024-12-27 20:35:00',0,3611,13),
(7304,'2024-12-27 23:00:00',0,3611,13),
(7305,'2024-12-27 09:30:00',0,3611,22),
(7306,'2024-12-27 11:55:00',0,3611,22),
(7307,'2024-12-27 14:20:00',0,3611,22),
(7308,'2024-12-27 16:45:00',0,3611,22),
(7309,'2024-12-27 19:10:00',0,3611,22),
(7310,'2024-12-27 21:35:00',0,3611,22),
(7311,'2024-12-28 00:00:00',0,3611,22),
(7312,'2024-12-27 14:35:00',0,3618,20),
(7313,'2024-12-27 17:30:00',0,3618,20),
(7314,'2024-12-27 20:25:00',0,3618,20),
(7315,'2024-12-27 23:20:00',0,3618,20),
(7316,'2024-12-27 09:20:00',0,3666,18),
(7317,'2024-12-27 13:45:00',0,3666,18),
(7318,'2024-12-27 11:35:00',0,3669,18),
(7319,'2024-12-27 13:25:00',0,3668,15),
(7320,'2024-12-27 09:20:00',0,3668,16),
(7321,'2024-12-27 19:15:00',0,3612,16),
(7322,'2024-12-27 14:45:00',0,3708,16),
(7323,'2024-12-27 17:05:00',0,3692,16),
(7324,'2024-12-27 16:35:00',0,3616,15),
(7325,'2024-12-28 12:10:00',0,3649,20),
(7326,'2024-12-28 14:50:00',0,3611,14),
(7327,'2024-12-28 17:15:00',0,3611,14),
(7328,'2024-12-28 19:40:00',0,3611,14),
(7329,'2024-12-28 22:05:00',0,3611,14),
(7330,'2024-12-28 14:35:00',0,3618,20),
(7331,'2024-12-28 17:30:00',0,3618,20),
(7332,'2024-12-28 20:25:00',0,3618,20),
(7333,'2024-12-28 23:20:00',0,3618,20),
(7334,'2025-01-01 11:00:00',0,3632,16),
(7335,'2025-01-01 13:20:00',0,3632,16),
(7336,'2025-01-01 15:40:00',0,3632,16),
(7337,'2025-01-02 17:30:00',0,3632,16),
(7338,'2025-01-03 13:20:00',0,3632,16),
(7339,'2025-01-03 15:40:00',0,3632,16),
(7340,'2024-12-24 23:20:00',0,3611,29),
(7341,'2024-12-24 23:35:00',0,3651,24),
(7342,'2024-12-24 23:00:00',0,3669,28),
(7343,'2024-12-24 22:55:00',0,3667,23),
(7344,'2024-12-25 14:00:00',0,3611,29),
(7345,'2024-12-25 18:40:00',0,3611,29),
(7346,'2024-12-25 21:00:00',0,3611,29),
(7347,'2024-12-25 23:20:00',0,3611,29),
(7348,'2024-12-25 23:35:00',0,3651,24),
(7349,'2024-12-25 16:20:00',0,3651,29),
(7350,'2024-12-25 16:40:00',0,3666,24),
(7351,'2024-12-25 10:30:00',0,3668,29),
(7352,'2024-12-26 14:00:00',0,3611,29),
(7353,'2024-12-26 16:20:00',0,3611,29),
(7354,'2024-12-26 18:40:00',0,3611,29),
(7355,'2024-12-26 21:00:00',0,3611,29),
(7356,'2024-12-26 23:20:00',0,3611,29),
(7357,'2024-12-26 09:40:00',0,3651,24),
(7358,'2024-12-26 11:55:00',0,3651,24),
(7359,'2024-12-26 14:10:00',0,3651,24),
(7360,'2024-12-26 16:40:00',0,3651,24),
(7361,'2024-12-26 19:00:00',0,3651,24),
(7362,'2024-12-26 21:20:00',0,3651,24),
(7363,'2024-12-26 23:35:00',0,3651,24),
(7364,'2024-12-26 22:00:00',0,3669,28),
(7365,'2024-12-26 10:30:00',0,3668,29),
(7366,'2024-12-28 09:30:00',0,3612,23),
(7367,'2024-12-28 23:00:00',0,3667,23),
(7368,'2024-12-28 11:55:00',0,3682,23),
(7369,'2024-12-28 20:30:00',0,3724,23),
(7370,'2024-12-28 14:00:00',0,3631,23),
(7371,'2024-12-25 10:50:00',0,3611,35),
(7372,'2024-12-25 13:10:00',0,3611,35),
(7373,'2024-12-25 15:30:00',0,3611,35),
(7374,'2024-12-25 17:50:00',0,3611,35),
(7375,'2024-12-25 20:10:00',0,3611,35),
(7376,'2024-12-25 22:30:00',0,3611,35),
(7377,'2024-12-26 10:30:00',0,3611,32),
(7378,'2024-12-26 12:50:00',0,3611,32),
(7379,'2024-12-26 15:10:00',0,3611,32),
(7380,'2024-12-26 17:30:00',0,3611,32),
(7381,'2024-12-26 19:50:00',0,3611,32),
(7382,'2024-12-26 22:10:00',0,3611,32),
(7383,'2024-12-26 23:50:00',0,3611,34),
(7384,'2024-12-26 23:00:00',0,3651,35),
(7385,'2024-12-27 11:30:00',0,3649,30),
(7386,'2024-12-27 21:30:00',0,3649,30),
(7387,'2024-12-27 10:10:00',0,3611,34),
(7388,'2024-12-27 12:30:00',0,3611,34),
(7389,'2024-12-27 14:50:00',0,3611,34),
(7390,'2024-12-27 17:10:00',0,3611,34),
(7391,'2024-12-27 19:30:00',0,3611,34),
(7392,'2024-12-27 21:50:00',0,3611,34),
(7393,'2024-12-27 09:10:00',0,3651,32),
(7394,'2024-12-27 11:25:00',0,3651,32),
(7395,'2024-12-27 13:40:00',0,3651,32),
(7396,'2024-12-27 15:55:00',0,3651,32),
(7397,'2024-12-27 18:10:00',0,3651,32),
(7398,'2024-12-27 20:25:00',0,3651,32),
(7399,'2024-12-27 22:40:00',0,3651,32),
(7400,'2024-12-27 09:20:00',0,3666,30),
(7401,'2024-12-27 19:20:00',0,3666,30),
(7402,'2024-12-27 16:10:00',0,3668,30),
(7403,'2024-12-27 13:55:00',0,3670,30),
(7404,'2024-12-27 23:55:00',0,3670,30),
(7405,'2024-12-25 12:20:00',0,3649,38),
(7406,'2024-12-25 22:10:00',0,3649,38),
(7407,'2024-12-25 14:50:00',0,3649,38),
(7408,'2024-12-25 17:40:00',0,3649,39),
(7409,'2024-12-25 17:20:00',0,3611,38),
(7410,'2024-12-25 19:40:00',0,3611,38),
(7411,'2024-12-25 20:10:00',0,3611,39),
(7412,'2024-12-25 22:30:00',0,3611,39),
(7413,'2024-12-25 18:40:00',0,3611,41),
(7414,'2024-12-25 21:00:00',0,3611,41),
(7415,'2024-12-25 20:25:00',0,3651,40),
(7416,'2024-12-25 22:40:00',0,3651,40),
(7417,'2024-12-25 08:40:00',0,3669,39),
(7418,'2024-12-26 14:20:00',0,3649,38),
(7419,'2024-12-26 21:30:00',0,3649,38),
(7420,'2024-12-26 10:40:00',0,3611,37),
(7421,'2024-12-26 13:00:00',0,3611,37),
(7422,'2024-12-26 15:20:00',0,3611,37),
(7423,'2024-12-26 17:40:00',0,3611,37),
(7424,'2024-12-26 20:00:00',0,3611,37),
(7425,'2024-12-26 22:25:00',0,3611,37),
(7426,'2024-12-26 09:30:00',0,3611,38),
(7427,'2024-12-26 16:45:00',0,3611,38),
(7428,'2024-12-26 19:05:00',0,3611,38),
(7429,'2024-12-26 12:20:00',0,3611,39),
(7430,'2024-12-26 14:40:00',0,3611,39),
(7431,'2024-12-26 17:10:00',0,3611,39),
(7432,'2024-12-26 19:35:00',0,3611,39),
(7433,'2024-12-26 21:55:00',0,3611,39),
(7434,'2024-12-26 10:00:00',0,3651,41),
(7435,'2024-12-26 12:20:00',0,3651,41),
(7436,'2024-12-26 14:40:00',0,3651,41),
(7437,'2024-12-26 19:20:00',0,3651,41),
(7438,'2024-12-26 21:40:00',0,3651,41),
(7439,'2024-12-26 17:00:00',0,3666,41),
(7440,'2024-12-26 11:50:00',0,3669,38),
(7441,'2024-12-26 16:25:00',0,3669,40),
(7442,'2024-12-26 18:35:00',0,3669,40),
(7443,'2024-12-26 20:50:00',0,3668,40),
(7444,'2024-12-26 12:00:00',0,3613,40),
(7445,'2024-12-26 14:00:00',0,3650,40),
(7446,'2024-12-27 10:10:00',0,3611,39),
(7447,'2024-12-27 12:30:00',0,3611,39),
(7448,'2024-12-27 14:50:00',0,3611,39),
(7449,'2024-12-27 17:10:00',0,3611,39),
(7450,'2024-12-27 19:30:00',0,3611,39),
(7451,'2024-12-27 21:50:00',0,3611,39),
(7452,'2024-12-28 10:10:00',0,3611,39),
(7453,'2024-12-28 12:30:00',0,3611,39),
(7454,'2024-12-28 14:50:00',0,3611,39),
(7455,'2024-12-28 17:10:00',0,3611,39),
(7456,'2024-12-28 19:30:00',0,3611,39),
(7457,'2024-12-28 21:50:00',0,3611,39),
(7458,'2024-12-28 14:00:00',0,3651,39),
(7459,'2024-12-28 10:00:00',0,3666,39),
(7460,'2024-12-28 17:15:00',0,3650,41),
(7461,'2024-12-28 19:40:00',0,3650,41),
(7462,'2024-12-28 12:00:00',0,3670,41),
(7463,'2024-12-29 10:10:00',0,3611,39),
(7464,'2024-12-29 12:30:00',0,3611,39),
(7465,'2024-12-29 14:50:00',0,3611,39),
(7466,'2024-12-29 17:10:00',0,3611,39),
(7467,'2024-12-29 19:30:00',0,3611,39),
(7468,'2024-12-29 21:50:00',0,3611,39),
(7469,'2024-12-29 10:30:00',0,3650,41),
(7470,'2024-12-29 13:00:00',0,3650,41),
(7471,'2025-01-01 12:10:00',0,3632,41),
(7472,'2025-01-01 14:30:00',0,3632,41),
(7473,'2025-01-02 12:10:00',0,3632,41),
(7474,'2024-12-25 17:45:00',0,3611,6),
(7475,'2024-12-25 20:10:00',0,3611,6),
(7476,'2024-12-25 22:35:00',0,3611,6),
(7477,'2024-12-25 13:15:00',0,3651,6),
(7478,'2024-12-25 15:30:00',0,3651,6),
(7479,'2024-12-25 21:00:00',0,3651,8),
(7480,'2024-12-25 23:15:00',0,3651,8),
(7481,'2024-12-25 16:25:00',0,3666,5),
(7482,'2024-12-25 20:50:00',0,3666,5),
(7483,'2024-12-25 17:30:00',0,3669,4),
(7484,'2024-12-25 19:50:00',0,3669,4),
(7485,'2024-12-25 12:05:00',0,3669,5),
(7486,'2024-12-25 14:15:00',0,3669,5),
(7487,'2024-12-25 18:40:00',0,3669,5),
(7488,'2024-12-25 23:05:00',0,3673,5),
(7489,'2024-12-26 11:25:00',0,3611,2),
(7490,'2024-12-26 13:50:00',1,3611,2),
(7491,'2024-12-26 16:15:00',1,3611,2),
(7492,'2024-12-26 18:40:00',1,3611,2),
(7493,'2024-12-26 21:05:00',1,3611,2),
(7494,'2024-12-26 23:30:00',1,3611,2),
(7495,'2024-12-26 12:25:00',0,3611,3),
(7496,'2024-12-26 14:50:00',0,3611,3),
(7497,'2024-12-26 17:15:00',0,3611,3),
(7498,'2024-12-26 19:40:00',0,3611,3),
(7499,'2024-12-26 22:05:00',0,3611,3),
(7500,'2024-12-26 10:50:00',0,3651,6),
(7501,'2024-12-26 15:15:00',0,3651,6),
(7502,'2024-12-26 19:45:00',0,3651,6),
(7503,'2024-12-26 22:00:00',0,3651,6),
(7504,'2024-12-26 18:45:00',0,3651,8),
(7505,'2024-12-26 23:25:00',0,3651,8),
(7506,'2024-12-26 09:10:00',0,3618,4),
(7507,'2024-12-26 16:55:00',0,3618,4),
(7508,'2024-12-26 19:50:00',0,3618,4),
(7509,'2024-12-26 22:45:00',0,3618,4),
(7510,'2024-12-26 15:25:00',0,3666,5),
(7511,'2024-12-26 08:30:00',0,3666,6),
(7512,'2024-12-26 17:30:00',0,3666,6),
(7513,'2024-12-26 10:00:00',0,3669,1),
(7514,'2024-12-26 12:10:00',0,3669,1),
(7515,'2024-12-26 17:40:00',0,3669,5),
(7516,'2024-12-26 13:05:00',0,3669,6),
(7517,'2024-12-26 08:50:00',0,3668,8),
(7518,'2024-12-26 20:00:00',0,3612,5),
(7519,'2024-12-26 13:35:00',0,3650,8),
(7520,'2024-12-26 21:00:00',0,3650,8),
(7521,'2024-12-26 12:05:00',0,3628,5),
(7522,'2024-12-26 13:45:00',0,3628,5),
(7523,'2024-12-26 09:50:00',0,3673,5),
(7524,'2024-12-26 22:30:00',0,3673,5),
(7525,'2024-12-26 16:00:00',0,3685,8),
(7526,'2024-12-26 12:00:00',0,3615,8),
(7527,'2024-12-28 14:30:00',0,3618,4),
(7528,'2024-12-28 17:25:00',0,3618,4),
(7529,'2024-12-28 20:20:00',0,3618,4),
(7530,'2024-12-28 23:15:00',0,3618,4),
(7531,'2024-12-28 08:40:00',0,3666,8),
(7532,'2024-12-28 13:10:00',0,3666,8),
(7533,'2024-12-28 11:00:00',0,3669,8),
(7534,'2024-12-28 15:25:00',0,3669,8),
(7535,'2024-12-28 09:00:00',0,3668,5),
(7536,'2024-12-28 14:35:00',0,3668,5),
(7537,'2024-12-28 17:35:00',0,3668,8),
(7538,'2024-12-28 12:10:00',0,3650,5),
(7539,'2024-12-28 11:05:00',0,3615,6),
(7540,'2024-12-25 12:05:00',0,3651,15),
(7541,'2024-12-25 14:20:00',0,3651,15),
(7542,'2024-12-25 16:35:00',0,3651,15),
(7543,'2024-12-25 18:50:00',0,3651,15),
(7544,'2024-12-25 21:05:00',0,3651,15),
(7545,'2024-12-25 23:20:00',0,3651,15),
(7546,'2024-12-25 15:00:00',0,3666,17),
(7547,'2024-12-25 16:10:00',0,3666,18),
(7548,'2024-12-25 20:35:00',0,3666,18),
(7549,'2024-12-25 16:20:00',0,3669,20),
(7550,'2024-12-25 21:00:00',0,3669,20),
(7551,'2024-12-25 12:00:00',0,3669,16),
(7552,'2024-12-25 14:00:00',0,3669,18),
(7553,'2024-12-25 18:25:00',0,3669,18),
(7554,'2024-12-25 14:10:00',0,3668,16),
(7555,'2024-12-25 12:35:00',0,3650,17),
(7556,'2024-12-25 22:10:00',0,3650,17),
(7557,'2024-12-25 18:05:00',0,3667,16),
(7558,'2024-12-25 21:40:00',0,3667,16),
(7559,'2024-12-25 22:50:00',0,3667,18),
(7560,'2024-12-25 19:50:00',0,3673,17),
(7561,'2024-12-25 23:10:00',0,3685,20),
(7562,'2024-12-25 17:20:00',0,3616,16),
(7563,'2024-12-25 20:55:00',0,3616,16),
(7564,'2024-12-26 12:20:00',0,3651,15),
(7565,'2024-12-26 14:35:00',0,3651,15),
(7566,'2024-12-26 16:50:00',0,3651,15),
(7567,'2024-12-26 19:50:00',0,3651,15),
(7568,'2024-12-26 17:50:00',0,3651,19),
(7569,'2024-12-26 11:00:00',0,3666,18),
(7570,'2024-12-26 15:25:00',0,3666,18),
(7571,'2024-12-26 20:50:00',0,3666,18),
(7572,'2024-12-26 08:50:00',0,3669,18),
(7573,'2024-12-26 13:15:00',0,3669,18),
(7574,'2024-12-26 08:40:00',0,3668,16),
(7575,'2024-12-26 17:40:00',0,3668,18),
(7576,'2024-12-26 23:05:00',0,3668,18),
(7577,'2024-12-26 20:45:00',0,3612,17),
(7578,'2024-12-26 10:10:00',0,3650,17),
(7579,'2024-12-26 23:10:00',0,3650,17),
(7580,'2024-12-26 12:35:00',0,3628,17),
(7581,'2024-12-26 14:15:00',0,3628,17),
(7582,'2024-12-26 22:10:00',0,3667,15),
(7583,'2024-12-26 09:20:00',0,3673,15),
(7584,'2024-12-26 13:55:00',0,3632,16),
(7585,'2024-12-26 16:15:00',0,3632,16),
(7586,'2024-12-26 18:20:00',0,3708,17),
(7587,'2024-12-26 16:05:00',0,3692,17),
(7588,'2024-12-26 11:35:00',0,3616,15),
(7589,'2024-12-26 19:05:00',0,3616,15),
(7590,'2024-12-28 09:20:00',0,3666,18),
(7591,'2024-12-28 13:45:00',0,3666,18),
(7592,'2024-12-28 11:35:00',0,3669,18),
(7593,'2024-12-28 13:25:00',0,3668,15),
(7594,'2024-12-28 09:20:00',0,3668,16),
(7595,'2024-12-28 19:15:00',0,3612,16),
(7596,'2024-12-28 14:45:00',0,3708,16),
(7597,'2024-12-28 17:05:00',0,3692,16),
(7598,'2024-12-28 16:35:00',0,3616,15),
(7599,'2024-12-25 00:05:00',0,3611,43),
(7600,'2024-12-26 00:10:00',0,3611,44),
(7601,'2024-12-26 23:20:00',0,3611,46),
(7602,'2024-12-26 20:15:00',0,3611,47),
(7603,'2024-12-26 22:40:00',0,3611,47),
(7604,'2024-12-26 14:25:00',0,3651,43),
(7605,'2024-12-26 18:50:00',0,3651,43),
(7606,'2024-12-26 12:30:00',0,3666,47),
(7607,'2024-12-26 15:00:00',0,3669,45),
(7608,'2024-12-26 19:50:00',0,3669,45),
(7609,'2024-12-26 12:15:00',0,3669,43),
(7610,'2024-12-26 16:40:00',0,3669,43),
(7611,'2024-12-26 21:05:00',0,3668,43),
(7612,'2024-12-26 14:50:00',0,3668,47),
(7613,'2024-12-26 18:00:00',0,3673,47),
(7614,'2024-12-26 12:05:00',0,3685,45),
(7615,'2024-12-25 17:10:00',0,3649,43),
(7616,'2024-12-25 18:10:00',0,3611,47),
(7617,'2024-12-25 20:50:00',0,3611,47),
(7618,'2024-12-25 23:10:00',0,3611,47),
(7619,'2024-12-25 19:35:00',0,3651,43),
(7620,'2024-12-25 21:50:00',0,3651,43),
(7621,'2024-12-25 12:20:00',0,3669,42),
(7622,'2024-12-26 11:55:00',0,3649,45),
(7623,'2024-12-26 10:30:00',0,3611,42),
(7624,'2024-12-26 12:50:00',0,3611,42),
(7625,'2024-12-26 15:10:00',0,3611,42),
(7626,'2024-12-26 17:30:00',0,3611,42),
(7627,'2024-12-26 19:50:00',0,3611,42),
(7628,'2024-12-26 22:10:00',0,3611,42),
(7629,'2024-12-26 20:20:00',0,3611,43),
(7630,'2024-12-26 10:10:00',0,3611,44),
(7631,'2024-12-26 12:30:00',0,3611,44),
(7632,'2024-12-26 14:50:00',0,3611,44),
(7633,'2024-12-26 17:10:00',0,3611,44),
(7634,'2024-12-26 19:30:00',0,3611,44),
(7635,'2024-12-26 21:50:00',0,3611,44),
(7636,'2024-12-26 09:10:00',0,3651,47),
(7637,'2024-12-26 13:35:00',0,3651,47),
(7638,'2024-12-26 15:50:00',0,3651,47),
(7639,'2024-12-26 20:15:00',0,3651,47),
(7640,'2024-12-26 22:30:00',0,3651,47),
(7641,'2024-12-26 09:00:00',0,3618,45),
(7642,'2024-12-26 14:20:00',0,3618,45),
(7643,'2024-12-26 17:15:00',0,3618,45),
(7644,'2024-12-26 20:10:00',0,3618,45),
(7645,'2024-12-26 23:05:00',0,3618,45),
(7646,'2024-12-26 12:35:00',0,3666,43),
(7647,'2024-12-26 18:00:00',0,3666,43),
(7648,'2024-12-26 11:25:00',0,3669,47),
(7649,'2024-12-26 18:05:00',0,3669,47),
(7650,'2024-12-26 14:50:00',0,3668,43),
(7651,'2024-12-26 10:20:00',0,3673,43),
(7652,'2024-12-26 22:45:00',0,3673,43),
(7653,'2024-12-27 12:50:00',0,3611,42),
(7654,'2024-12-27 15:10:00',0,3611,42),
(7655,'2024-12-27 17:30:00',0,3611,42),
(7656,'2024-12-27 19:50:00',0,3611,42),
(7657,'2024-12-27 22:10:00',0,3611,42),
(7658,'2024-12-27 10:10:00',0,3611,44),
(7659,'2024-12-27 12:30:00',0,3611,44),
(7660,'2024-12-27 14:50:00',0,3611,44),
(7661,'2024-12-27 17:10:00',0,3611,44),
(7662,'2024-12-27 19:30:00',0,3611,44),
(7663,'2024-12-27 21:50:00',0,3611,44),
(7664,'2024-12-27 23:20:00',0,3611,46),
(7665,'2024-12-27 09:10:00',0,3651,47),
(7666,'2024-12-27 11:30:00',0,3651,47),
(7667,'2024-12-27 13:50:00',0,3651,47),
(7668,'2024-12-27 16:10:00',0,3651,47),
(7669,'2024-12-27 18:30:00',0,3651,47),
(7670,'2024-12-27 20:50:00',0,3651,47),
(7671,'2024-12-27 23:10:00',0,3651,47),
(7672,'2024-12-27 10:30:00',0,3673,42),
(7673,'2024-12-28 10:10:00',0,3611,44),
(7674,'2024-12-28 12:30:00',0,3611,44),
(7675,'2024-12-28 14:50:00',0,3611,44),
(7676,'2024-12-28 17:10:00',0,3611,44),
(7677,'2024-12-28 19:30:00',0,3611,44),
(7678,'2024-12-28 21:50:00',0,3611,44),
(7679,'2024-12-29 10:10:00',0,3611,44),
(7680,'2024-12-29 12:30:00',0,3611,44),
(7681,'2024-12-29 14:50:00',0,3611,44),
(7682,'2024-12-29 17:10:00',0,3611,44),
(7683,'2024-12-29 19:30:00',0,3611,44),
(7684,'2024-12-29 21:50:00',0,3611,44),
(7685,'2024-12-25 15:10:00',0,3611,51),
(7686,'2024-12-25 17:30:00',0,3611,51),
(7687,'2024-12-25 12:25:00',0,3651,53),
(7688,'2024-12-25 17:10:00',0,3651,53),
(7689,'2024-12-25 22:10:00',0,3651,53),
(7690,'2024-12-25 14:50:00',0,3666,53),
(7691,'2024-12-25 21:10:00',0,3669,52),
(7692,'2024-12-25 23:25:00',0,3668,52),
(7693,'2024-12-25 18:40:00',0,3673,52),
(7694,'2024-12-25 22:15:00',0,3649,53),
(7695,'2024-12-25 14:40:00',0,3611,53),
(7696,'2024-12-25 17:30:00',0,3611,53),
(7697,'2024-12-25 19:50:00',0,3611,53),
(7698,'2024-12-25 16:40:00',0,3611,50),
(7699,'2024-12-25 21:30:00',0,3611,50),
(7700,'2024-12-26 00:00:00',0,3611,50),
(7701,'2024-12-26 15:20:00',0,3611,51),
(7702,'2024-12-26 12:15:00',0,3651,53),
(7703,'2024-12-26 17:40:00',0,3651,51),
(7704,'2024-12-26 21:00:00',0,3651,51),
(7705,'2024-12-26 23:20:00',0,3651,51),
(7706,'2024-12-26 09:20:00',0,3651,52),
(7707,'2024-12-26 14:00:00',0,3651,52),
(7708,'2024-12-26 14:20:00',0,3666,50),
(7709,'2024-12-26 19:00:00',0,3666,50),
(7710,'2024-12-26 10:20:00',0,3666,51),
(7711,'2024-12-26 12:50:00',0,3666,51),
(7712,'2024-12-26 16:20:00',0,3666,52),
(7713,'2024-12-26 10:00:00',0,3669,53),
(7714,'2024-12-26 21:10:00',0,3669,52),
(7715,'2024-12-26 23:25:00',0,3668,52),
(7716,'2024-12-26 20:00:00',0,3617,51),
(7717,'2024-12-26 11:40:00',0,3673,52),
(7718,'2024-12-26 18:40:00',0,3673,52),
(7719,'2024-12-26 22:25:00',0,3649,53),
(7720,'2024-12-26 14:30:00',0,3611,53),
(7721,'2024-12-26 20:00:00',0,3611,53),
(7722,'2024-12-26 09:40:00',0,3611,50),
(7723,'2024-12-26 12:20:00',0,3611,50),
(7724,'2024-12-26 17:10:00',0,3611,50),
(7725,'2024-12-26 21:45:00',0,3611,50),
(7726,'2024-12-26 15:20:00',0,3611,52),
(7727,'2024-12-26 10:00:00',0,3651,53),
(7728,'2024-12-26 17:45:00',0,3651,52),
(7729,'2024-12-26 23:30:00',0,3651,52),
(7730,'2024-12-26 14:50:00',0,3666,50),
(7731,'2024-12-26 19:30:00',0,3666,50),
(7732,'2024-12-26 18:40:00',0,3669,51),
(7733,'2024-12-26 16:50:00',0,3668,53),
(7734,'2024-12-26 23:20:00',0,3668,51),
(7735,'2024-12-26 21:00:00',0,3673,51),
(7736,'2024-12-25 00:30:00',0,3611,55),
(7737,'2024-12-25 23:20:00',0,3611,56),
(7738,'2024-12-25 14:40:00',0,3611,59),
(7739,'2024-12-25 17:00:00',0,3611,59),
(7740,'2024-12-25 19:20:00',0,3611,59),
(7741,'2024-12-25 21:40:00',0,3611,59),
(7742,'2024-12-25 19:30:00',0,3651,57),
(7743,'2024-12-25 21:50:00',0,3651,58),
(7744,'2024-12-26 00:05:00',0,3651,58),
(7745,'2024-12-26 12:25:00',0,3651,59),
(7746,'2024-12-26 12:40:00',0,3666,57),
(7747,'2024-12-26 15:00:00',0,3666,57),
(7748,'2024-12-26 17:15:00',0,3666,57),
(7749,'2024-12-27 00:10:00',0,3669,57),
(7750,'2024-12-27 12:35:00',0,3669,58),
(7751,'2024-12-27 14:45:00',0,3669,58),
(7752,'2024-12-28 00:00:00',0,3668,59),
(7753,'2024-12-28 16:55:00',0,3650,58),
(7754,'2024-12-28 19:25:00',0,3650,58),
(7755,'2024-12-25 23:30:00',0,3649,54),
(7756,'2024-12-25 13:30:00',0,3649,58),
(7757,'2024-12-25 18:10:00',0,3611,58),
(7758,'2024-12-25 20:30:00',0,3611,58),
(7759,'2024-12-26 00:10:00',0,3611,59),
(7760,'2024-12-26 18:00:00',0,3651,54),
(7761,'2024-12-26 09:40:00',0,3651,55),
(7762,'2024-12-26 12:05:00',0,3651,55),
(7763,'2024-12-26 21:10:00',0,3651,55),
(7764,'2024-12-26 23:25:00',0,3651,55),
(7765,'2024-12-26 15:55:00',0,3651,58),
(7766,'2024-12-26 09:00:00',0,3666,54),
(7767,'2024-12-26 11:15:00',0,3666,54),
(7768,'2024-12-26 13:30:00',0,3666,54),
(7769,'2024-12-26 15:45:00',0,3666,54),
(7770,'2024-12-26 14:20:00',0,3669,55),
(7771,'2024-12-26 16:35:00',0,3669,55),
(7772,'2024-12-26 09:10:00',0,3669,58),
(7773,'2024-12-26 11:20:00',0,3669,58),
(7774,'2024-12-26 20:15:00',0,3668,54),
(7775,'2024-12-26 22:50:00',0,3668,58),
(7776,'2024-12-26 18:45:00',0,3650,55),
(7777,'2024-12-26 22:55:00',0,3649,54),
(7778,'2024-12-26 13:25:00',0,3649,58),
(7779,'2024-12-26 23:20:00',0,3611,56),
(7780,'2024-12-26 15:50:00',0,3611,58),
(7781,'2024-12-26 18:10:00',0,3611,58),
(7782,'2024-12-26 20:30:00',0,3611,58),
(7783,'2024-12-26 16:00:00',0,3666,54),
(7784,'2024-12-26 18:30:00',0,3666,55),
(7785,'2024-12-26 20:40:00',0,3669,54),
(7786,'2024-12-26 09:00:00',0,3669,58),
(7787,'2024-12-26 11:15:00',0,3669,58),
(7788,'2024-12-27 13:30:00',0,3669,58),
(7789,'2024-12-28 09:40:00',0,3611,56),
(7790,'2024-12-28 12:00:00',0,3611,56),
(7791,'2024-12-28 14:20:00',0,3611,56),
(7792,'2024-12-28 16:40:00',0,3611,56),
(7793,'2024-12-28 19:00:00',0,3611,56),
(7794,'2024-12-28 21:20:00',0,3611,56),
(7795,'2024-12-28 23:40:00',0,3611,56),
(7796,'2024-12-28 11:25:00',0,3650,58),
(7797,'2024-12-28 18:25:00',0,3650,58),
(7798,'2024-12-29 09:20:00',0,3611,56),
(7799,'2024-12-29 11:40:00',0,3611,56),
(7800,'2024-12-29 14:00:00',0,3611,56),
(7801,'2024-12-29 16:20:00',0,3611,56),
(7802,'2024-12-29 18:40:00',0,3611,56),
(7803,'2024-12-29 21:00:00',0,3611,56),
(7804,'2024-12-29 23:20:00',0,3611,56),
(7805,'2024-12-29 11:10:00',0,3650,58),
(7806,'2024-12-29 17:25:00',0,3650,58),
(7807,'2024-12-26 17:40:00',0,3611,5),
(7808,'2024-12-26 20:05:00',0,3611,5),
(7809,'2024-12-26 20:40:00',0,3668,8),
(7810,'2024-12-26 22:30:00',0,3612,5),
(7811,'2024-12-26 23:50:00',0,3673,8),
(7812,'2024-12-28 17:45:00',0,3611,5),
(7813,'2024-12-28 20:10:00',0,3611,5),
(7814,'2024-12-28 22:35:00',0,3612,5),
(7815,'2024-12-28 14:00:00',0,3628,5),
(7816,'2024-12-28 15:45:00',0,3628,5),
(7817,'2024-12-28 12:25:00',0,3615,5),
(7818,'2024-12-28 13:10:00',0,3649,12),
(7819,'2024-12-28 15:35:00',0,3669,12),
(7820,'2024-12-28 14:40:00',0,3666,11),
(7821,'2024-12-28 12:20:00',0,3632,11),
(7822,'2024-12-28 09:40:00',0,3628,12),
(7823,'2024-12-28 11:30:00',0,3628,12),
(7824,'2025-01-03 12:20:00',0,3632,12),
(7825,'2025-01-05 12:20:00',0,3632,12),
(7826,'2024-12-26 17:00:00',0,3669,17),
(7827,'2024-12-26 09:30:00',0,3611,17),
(7828,'2024-12-26 11:55:00',0,3611,17),
(7829,'2024-12-26 14:20:00',0,3611,17),
(7830,'2024-12-26 19:10:00',0,3611,17),
(7831,'2024-12-26 21:35:00',0,3611,17),
(7832,'2024-12-27 00:00:00',0,3611,17),
(7833,'2024-12-27 11:20:00',0,3611,21),
(7834,'2024-12-27 13:45:00',0,3611,21),
(7835,'2024-12-27 16:10:00',0,3611,21),
(7836,'2024-12-27 18:35:00',0,3611,21),
(7837,'2024-12-27 21:00:00',0,3611,21),
(7838,'2024-12-27 23:25:00',0,3611,21),
(7839,'2024-12-27 10:30:00',0,3611,22),
(7840,'2024-12-27 12:55:00',0,3611,22),
(7841,'2024-12-27 15:20:00',0,3611,22),
(7842,'2024-12-27 17:45:00',0,3611,22),
(7843,'2024-12-27 20:10:00',0,3611,22),
(7844,'2024-12-27 22:35:00',0,3611,22),
(7845,'2024-12-27 17:20:00',0,3668,15),
(7846,'2024-12-28 00:00:00',0,3612,15),
(7847,'2024-12-28 19:05:00',0,3612,16),
(7848,'2024-12-28 20:30:00',0,3667,15),
(7849,'2024-12-28 11:00:00',0,3650,15),
(7850,'2024-12-28 08:45:00',0,3673,15),
(7851,'2024-12-28 12:25:00',0,3708,16),
(7852,'2024-12-28 14:40:00',0,3692,16),
(7853,'2024-12-28 23:20:00',0,3616,15),
(7854,'2024-12-27 16:00:00',0,3649,18),
(7855,'2024-12-27 20:40:00',0,3649,18),
(7856,'2024-12-27 09:10:00',0,3651,19),
(7857,'2024-12-27 11:25:00',0,3651,19),
(7858,'2024-12-27 13:40:00',0,3651,19),
(7859,'2024-12-27 15:55:00',0,3651,19),
(7860,'2024-12-27 18:10:00',0,3651,19),
(7861,'2024-12-27 20:25:00',0,3651,19),
(7862,'2024-12-27 22:40:00',0,3651,19),
(7863,'2024-12-27 18:25:00',0,3669,18),
(7864,'2024-12-28 17:20:00',0,3668,15),
(7865,'2024-12-29 00:00:00',0,3612,15),
(7866,'2024-12-29 19:15:00',0,3612,16),
(7867,'2024-12-29 20:30:00',0,3667,15),
(7868,'2024-12-29 11:00:00',0,3650,15),
(7869,'2024-12-29 08:45:00',0,3673,15),
(7870,'2024-12-29 14:45:00',0,3708,16),
(7871,'2024-12-29 17:05:00',0,3692,16),
(7872,'2024-12-29 16:35:00',0,3616,15),
(7873,'2024-12-29 23:20:00',0,3616,15),
(7874,'2024-12-29 09:40:00',0,3628,17),
(7875,'2024-12-29 11:25:00',0,3628,17),
(7876,'2024-12-25 17:50:00',0,3651,27),
(7877,'2024-12-27 14:10:00',0,3651,24),
(7878,'2024-12-27 16:40:00',0,3651,24),
(7879,'2024-12-27 19:00:00',0,3651,24),
(7880,'2024-12-27 21:20:00',0,3651,24),
(7881,'2024-12-27 23:35:00',0,3651,24),
(7882,'2024-12-28 09:35:00',0,3651,24),
(7883,'2024-12-28 11:50:00',0,3651,24),
(7884,'2024-12-28 14:10:00',0,3651,24),
(7885,'2024-12-28 16:40:00',0,3651,24),
(7886,'2024-12-28 19:00:00',0,3651,24),
(7887,'2024-12-28 21:20:00',0,3651,24),
(7888,'2024-12-28 23:35:00',0,3651,24),
(7889,'2024-12-28 10:05:00',0,3669,26),
(7890,'2024-12-28 22:15:00',0,3669,28),
(7891,'2024-12-28 17:20:00',0,3666,26),
(7892,'2024-12-28 11:10:00',0,3666,28),
(7893,'2024-12-28 13:30:00',0,3666,28),
(7894,'2024-12-28 10:50:00',0,3611,27),
(7895,'2024-12-28 13:10:00',0,3611,27),
(7896,'2024-12-28 20:10:00',0,3611,27),
(7897,'2024-12-28 22:30:00',0,3611,27),
(7898,'2024-12-28 14:30:00',0,3667,26),
(7899,'2024-12-28 12:15:00',0,3673,26),
(7900,'2024-12-28 19:35:00',0,3673,26),
(7901,'2024-12-28 20:05:00',0,3604,28),
(7902,'2024-12-28 15:50:00',0,3601,28),
(7903,'2024-12-28 18:10:00',0,3660,28),
(7904,'2024-12-29 09:40:00',0,3651,24),
(7905,'2024-12-29 11:55:00',0,3651,24),
(7906,'2024-12-29 14:10:00',0,3651,24),
(7907,'2024-12-29 16:40:00',0,3651,24),
(7908,'2024-12-29 19:00:00',0,3651,24),
(7909,'2024-12-29 21:20:00',0,3651,24),
(7910,'2024-12-29 23:35:00',0,3651,24),
(7911,'2024-12-29 11:10:00',0,3666,28),
(7912,'2024-12-29 13:30:00',0,3666,28),
(7913,'2024-12-29 23:00:00',0,3612,23),
(7914,'2024-12-29 20:05:00',0,3667,23),
(7915,'2024-12-29 11:35:00',0,3682,23),
(7916,'2024-12-29 17:40:00',0,3724,23),
(7917,'2024-12-29 20:40:00',0,3603,28),
(7918,'2024-12-29 09:30:00',0,3687,23),
(7919,'2024-12-29 18:00:00',0,3658,28),
(7920,'2024-12-31 19:00:00',0,3667,24),
(7921,'2024-12-25 21:15:00',0,3651,32),
(7922,'2024-12-28 11:40:00',0,3649,30),
(7923,'2024-12-28 16:20:00',0,3649,30),
(7924,'2024-12-28 09:10:00',0,3651,32),
(7925,'2024-12-28 11:25:00',0,3651,32),
(7926,'2024-12-28 15:55:00',0,3651,32),
(7927,'2024-12-28 18:10:00',0,3651,32),
(7928,'2024-12-28 20:25:00',0,3651,32),
(7929,'2024-12-28 22:40:00',0,3651,32),
(7930,'2024-12-28 14:10:00',0,3669,30),
(7931,'2024-12-28 13:40:00',0,3666,32),
(7932,'2024-12-28 10:10:00',0,3611,34),
(7933,'2024-12-28 12:30:00',0,3611,34),
(7934,'2024-12-28 14:50:00',0,3611,34),
(7935,'2024-12-28 17:10:00',0,3611,34),
(7936,'2024-12-28 19:30:00',0,3611,34),
(7937,'2024-12-28 21:50:00',0,3611,34),
(7938,'2024-12-29 11:40:00',0,3649,30),
(7939,'2024-12-29 16:20:00',0,3649,30),
(7940,'2024-12-29 09:10:00',0,3651,32),
(7941,'2024-12-29 11:25:00',0,3651,32),
(7942,'2024-12-29 15:55:00',0,3651,32),
(7943,'2024-12-29 18:10:00',0,3651,32),
(7944,'2024-12-29 20:25:00',0,3651,32),
(7945,'2024-12-29 22:40:00',0,3651,32),
(7946,'2024-12-29 14:10:00',0,3669,30),
(7947,'2024-12-29 13:40:00',0,3666,32),
(7948,'2024-12-29 10:10:00',0,3611,34),
(7949,'2024-12-29 12:30:00',0,3611,34),
(7950,'2024-12-29 14:50:00',0,3611,34),
(7951,'2024-12-29 17:10:00',0,3611,34),
(7952,'2024-12-29 19:30:00',0,3611,34),
(7953,'2024-12-28 11:40:00',0,3628,41),
(7954,'2024-12-28 13:30:00',0,3628,41),
(7955,'2024-12-28 15:20:00',0,3613,41),
(7956,'2025-01-01 09:00:00',0,3611,36),
(7957,'2025-01-01 11:20:00',0,3611,36),
(7958,'2025-01-01 13:40:00',0,3611,36),
(7959,'2025-01-01 16:00:00',0,3611,36),
(7960,'2025-01-01 18:20:00',0,3611,36),
(7961,'2025-01-01 20:40:00',0,3611,36),
(7962,'2025-01-01 23:00:00',0,3611,36),
(7963,'2025-01-03 12:10:00',0,3632,41),
(7964,'2025-01-04 12:10:00',0,3632,41),
(7965,'2025-01-04 14:30:00',0,3632,41),
(7966,'2025-01-05 12:10:00',0,3632,41),
(7967,'2025-01-05 14:30:00',1,3632,41),
(7968,'2024-12-28 13:50:00',0,3649,47),
(7969,'2024-12-28 09:10:00',0,3651,47),
(7970,'2024-12-28 11:30:00',0,3666,47),
(7971,'2024-12-28 16:15:00',0,3666,47),
(7972,'2024-12-29 11:40:00',0,3628,43),
(7973,'2024-12-29 13:30:00',0,3628,43),
(7974,'2024-12-25 17:40:00',0,3651,51),
(7975,'2024-12-25 14:20:00',0,3666,50),
(7976,'2024-12-25 19:00:00',0,3666,50),
(7977,'2024-12-27 22:00:00',0,3649,53),
(7978,'2024-12-27 12:25:00',0,3651,53),
(7979,'2024-12-27 19:30:00',0,3651,53),
(7980,'2024-12-27 09:20:00',0,3651,52),
(7981,'2024-12-27 14:00:00',0,3651,52),
(7982,'2024-12-27 16:20:00',0,3651,52),
(7983,'2024-12-27 10:00:00',0,3669,53),
(7984,'2024-12-27 14:40:00',0,3669,53),
(7985,'2024-12-27 16:50:00',0,3611,53),
(7986,'2024-12-28 00:00:00',0,3611,50),
(7987,'2024-12-28 20:00:00',0,3617,51),
(7988,'2024-12-28 11:40:00',0,3673,52),
(7989,'2024-12-28 22:10:00',0,3649,53),
(7990,'2024-12-28 12:15:00',0,3651,53),
(7991,'2024-12-28 17:40:00',0,3651,51),
(7992,'2024-12-28 21:00:00',0,3651,51),
(7993,'2024-12-28 23:20:00',0,3651,51),
(7994,'2024-12-28 10:00:00',0,3669,53),
(7995,'2024-12-28 10:20:00',0,3666,51),
(7996,'2024-12-28 12:50:00',0,3666,51),
(7997,'2024-12-28 17:30:00',0,3611,53),
(7998,'2024-12-28 09:40:00',0,3611,50),
(7999,'2024-12-28 12:00:00',0,3611,50),
(8000,'2024-12-28 16:40:00',0,3611,50),
(8001,'2024-12-28 21:30:00',0,3611,50),
(8002,'2024-12-29 00:00:00',0,3611,50),
(8003,'2024-12-29 20:00:00',0,3617,51),
(8004,'2024-12-29 21:00:00',0,3651,51),
(8005,'2024-12-29 23:20:00',0,3651,51),
(8006,'2024-12-29 10:20:00',0,3666,51),
(8007,'2024-12-29 12:50:00',0,3666,51),
(8008,'2024-12-29 09:40:00',0,3611,50),
(8009,'2024-12-29 12:00:00',0,3611,50),
(8010,'2024-12-25 18:00:00',0,3651,54),
(8011,'2024-12-25 23:25:00',0,3651,55),
(8012,'2024-12-25 15:55:00',0,3651,58),
(8013,'2024-12-25 14:20:00',0,3669,55),
(8014,'2024-12-26 15:50:00',0,3651,58),
(8015,'2024-12-27 22:00:00',0,3649,54),
(8016,'2024-12-27 11:35:00',0,3651,55),
(8017,'2024-12-27 21:05:00',0,3651,55),
(8018,'2024-12-27 23:25:00',0,3651,55),
(8019,'2024-12-27 09:00:00',0,3651,58),
(8020,'2024-12-28 00:00:00',0,3669,58),
(8021,'2024-12-28 13:50:00',0,3666,55),
(8022,'2024-12-28 18:45:00',0,3666,55),
(8023,'2024-12-28 11:15:00',0,3666,58),
(8024,'2024-12-28 10:00:00',0,3611,54),
(8025,'2024-12-28 12:20:00',0,3611,54),
(8026,'2024-12-28 14:40:00',0,3611,54),
(8027,'2024-12-28 17:00:00',0,3611,54),
(8028,'2024-12-29 00:30:00',0,3611,54),
(8029,'2024-12-29 10:40:00',0,3611,57),
(8030,'2024-12-29 13:00:00',0,3611,57),
(8031,'2024-12-29 15:20:00',0,3611,57),
(8032,'2024-12-29 17:40:00',0,3611,57),
(8033,'2024-12-29 20:00:00',0,3611,57),
(8034,'2024-12-29 22:20:00',0,3611,57),
(8035,'2024-12-29 21:40:00',0,3611,58),
(8036,'2024-12-29 15:40:00',0,3668,58),
(8037,'2024-12-29 09:10:00',0,3650,55),
(8038,'2024-12-28 09:30:00',0,3651,57),
(8039,'2024-12-28 11:45:00',0,3651,57),
(8040,'2024-12-28 20:50:00',0,3651,58),
(8041,'2024-12-28 23:05:00',0,3651,58),
(8042,'2024-12-28 09:10:00',0,3666,58),
(8043,'2024-12-28 13:50:00',0,3666,58),
(8044,'2024-12-28 16:05:00',0,3666,58),
(8045,'2024-12-28 12:40:00',0,3611,54),
(8046,'2024-12-28 17:20:00',0,3611,54),
(8047,'2024-12-28 19:40:00',0,3611,54),
(8048,'2024-12-28 22:00:00',0,3611,54),
(8049,'2024-12-29 00:20:00',0,3611,54),
(8050,'2024-12-29 10:50:00',0,3611,55),
(8051,'2024-12-29 13:10:00',0,3611,55),
(8052,'2024-12-29 15:30:00',0,3611,55),
(8053,'2024-12-29 17:50:00',0,3611,55),
(8054,'2024-12-29 20:10:00',0,3611,55),
(8055,'2024-12-29 22:30:00',0,3611,55),
(8056,'2024-12-29 09:40:00',0,3611,56),
(8057,'2024-12-29 12:00:00',0,3611,56),
(8058,'2024-12-29 14:20:00',0,3611,56),
(8059,'2024-12-29 16:40:00',0,3611,56),
(8060,'2024-12-29 19:00:00',0,3611,56),
(8061,'2024-12-29 21:20:00',0,3611,56),
(8062,'2024-12-29 23:40:00',0,3611,56),
(8063,'2024-12-29 11:25:00',0,3650,58),
(8064,'2024-12-29 18:25:00',0,3650,58),
(8065,'2024-12-29 09:15:00',0,3651,54),
(8066,'2024-12-29 11:30:00',0,3651,54),
(8067,'2024-12-29 18:20:00',0,3651,54),
(8068,'2024-12-29 20:35:00',0,3669,54),
(8069,'2024-12-29 16:00:00',0,3666,54),
(8070,'2024-12-29 10:00:00',0,3611,59),
(8071,'2024-12-29 12:20:00',0,3611,59),
(8072,'2024-12-29 14:40:00',0,3611,59),
(8073,'2024-12-29 17:00:00',0,3611,59),
(8074,'2024-12-29 19:20:00',0,3611,59),
(8075,'2024-12-29 21:40:00',0,3611,59),
(8076,'2024-12-29 22:45:00',0,3668,54),
(8077,'2024-12-29 13:50:00',0,3628,58),
(8078,'2024-12-29 15:40:00',0,3628,58),
(8079,'2024-12-27 17:45:00',0,3611,5),
(8080,'2024-12-27 20:10:00',0,3611,5),
(8081,'2024-12-27 22:35:00',0,3612,5),
(8082,'2024-12-28 12:05:00',0,3649,4),
(8083,'2024-12-28 14:30:00',0,3649,4),
(8084,'2024-12-28 09:10:00',0,3618,4),
(8085,'2024-12-28 08:50:00',0,3651,6),
(8086,'2024-12-28 13:20:00',0,3651,6),
(8087,'2024-12-28 20:05:00',0,3651,6),
(8088,'2024-12-28 08:35:00',0,3666,8),
(8089,'2024-12-29 08:30:00',0,3611,7),
(8090,'2024-12-29 15:45:00',0,3611,7),
(8091,'2024-12-29 18:10:00',0,3611,7),
(8092,'2024-12-29 20:35:00',0,3611,7),
(8093,'2024-12-29 23:00:00',0,3611,7),
(8094,'2024-12-29 12:05:00',0,3649,4),
(8095,'2024-12-29 10:55:00',0,3649,7),
(8096,'2024-12-29 13:20:00',0,3649,7),
(8097,'2024-12-29 09:10:00',0,3618,4),
(8098,'2024-12-29 17:00:00',0,3618,4),
(8099,'2024-12-29 20:00:00',0,3618,4),
(8100,'2024-12-29 23:10:00',0,3618,4),
(8101,'2024-12-27 19:20:00',0,3611,11),
(8102,'2024-12-27 21:45:00',0,3611,11),
(8103,'2024-12-27 11:00:00',0,3651,11),
(8104,'2024-12-27 18:15:00',0,3651,12),
(8105,'2024-12-27 20:30:00',0,3651,12),
(8106,'2024-12-27 16:10:00',0,3668,11),
(8107,'2024-12-27 16:00:00',0,3666,12),
(8108,'2024-12-27 11:20:00',0,3669,12),
(8109,'2024-12-27 09:15:00',0,3693,12),
(8110,'2024-12-28 10:40:00',0,3611,10),
(8111,'2024-12-28 13:00:00',0,3611,10),
(8112,'2024-12-28 15:20:00',0,3611,10),
(8113,'2024-12-28 17:50:00',0,3611,10),
(8114,'2024-12-28 20:10:00',0,3611,10),
(8115,'2024-12-28 22:40:00',0,3611,10),
(8116,'2024-12-28 10:00:00',0,3651,11),
(8117,'2024-12-29 10:40:00',0,3611,10),
(8118,'2024-12-29 13:10:00',0,3611,10),
(8119,'2024-12-29 15:30:00',0,3611,10),
(8120,'2024-12-29 17:50:00',0,3611,10),
(8121,'2024-12-29 20:10:00',0,3611,10),
(8122,'2024-12-29 13:00:00',0,3649,12),
(8123,'2024-12-29 09:40:00',0,3651,11),
(8124,'2024-12-29 12:05:00',0,3632,11),
(8125,'2024-12-29 14:25:00',0,3666,11),
(8126,'2024-12-29 15:25:00',0,3669,12),
(8127,'2024-12-30 09:30:00',0,3611,9),
(8128,'2024-12-30 11:50:00',0,3611,9),
(8129,'2024-12-30 14:10:00',0,3611,9),
(8130,'2024-12-30 16:30:00',0,3611,9),
(8131,'2024-12-30 18:50:00',0,3611,9),
(8132,'2024-12-30 21:10:00',0,3611,9),
(8133,'2024-12-31 09:30:00',0,3611,9),
(8134,'2024-12-31 11:50:00',0,3611,9),
(8135,'2024-12-31 14:10:00',0,3611,9),
(8136,'2024-12-31 16:30:00',0,3611,9),
(8137,'2024-12-31 18:50:00',0,3611,9),
(8138,'2024-12-31 21:10:00',0,3611,9),
(8139,'2025-01-01 09:30:00',0,3611,9),
(8140,'2025-01-01 11:50:00',0,3611,9),
(8141,'2025-01-01 14:10:00',0,3611,9),
(8142,'2025-01-01 16:30:00',0,3611,9),
(8143,'2025-01-01 18:50:00',0,3611,9),
(8144,'2025-01-01 21:10:00',0,3611,9),
(8145,'2024-12-27 15:30:00',0,3649,18),
(8146,'2024-12-27 20:15:00',0,3649,18),
(8147,'2024-12-28 11:25:00',0,3651,19),
(8148,'2024-12-28 13:40:00',0,3651,19),
(8149,'2024-12-28 15:55:00',0,3651,19),
(8150,'2024-12-28 18:10:00',0,3651,19),
(8151,'2024-12-28 20:25:00',0,3651,19),
(8152,'2024-12-28 22:40:00',0,3651,19),
(8153,'2024-12-28 13:10:00',0,3666,18),
(8154,'2024-12-28 17:00:00',0,3669,17),
(8155,'2024-12-28 18:00:00',0,3669,18),
(8156,'2024-12-28 16:00:00',0,3649,18),
(8157,'2024-12-28 20:40:00',0,3649,18),
(8158,'2024-12-29 09:10:00',0,3651,19),
(8159,'2024-12-29 11:25:00',0,3651,19),
(8160,'2024-12-29 13:40:00',0,3651,19),
(8161,'2024-12-29 15:55:00',0,3651,19),
(8162,'2024-12-29 18:10:00',0,3651,19),
(8163,'2024-12-29 20:25:00',0,3651,19),
(8164,'2024-12-29 22:40:00',0,3651,19),
(8165,'2024-12-29 13:25:00',0,3668,15),
(8166,'2024-12-29 17:20:00',0,3668,15),
(8167,'2024-12-29 09:20:00',0,3668,16),
(8168,'2024-12-29 09:20:00',0,3666,18),
(8169,'2024-12-29 13:45:00',0,3666,18),
(8170,'2024-12-29 11:35:00',0,3669,18),
(8171,'2024-12-29 18:25:00',0,3669,18),
(8172,'2024-12-28 08:30:00',0,3611,13),
(8173,'2024-12-28 10:55:00',0,3611,13),
(8174,'2024-12-28 13:20:00',0,3611,13),
(8175,'2024-12-28 15:45:00',0,3611,13),
(8176,'2024-12-28 18:10:00',0,3611,13),
(8177,'2024-12-28 20:35:00',0,3611,13),
(8178,'2024-12-28 23:00:00',0,3611,13),
(8179,'2024-12-28 09:30:00',0,3611,22),
(8180,'2024-12-28 11:55:00',0,3611,22),
(8181,'2024-12-28 14:20:00',0,3611,22),
(8182,'2024-12-28 16:45:00',0,3611,22),
(8183,'2024-12-28 19:10:00',0,3611,22),
(8184,'2024-12-28 21:35:00',0,3611,22),
(8185,'2024-12-29 00:00:00',0,3611,22),
(8186,'2024-12-29 12:10:00',0,3649,20),
(8187,'2024-12-29 10:30:00',0,3649,19),
(8188,'2024-12-29 12:55:00',0,3649,19),
(8189,'2024-12-29 15:20:00',0,3649,19),
(8190,'2024-12-29 14:35:00',0,3618,20),
(8191,'2024-12-29 17:30:00',0,3618,20),
(8192,'2024-12-29 20:25:00',0,3618,20),
(8193,'2024-12-29 23:20:00',0,3618,20),
(8194,'2024-12-29 12:20:00',0,3651,15),
(8195,'2024-12-29 14:35:00',0,3651,15),
(8196,'2024-12-29 16:50:00',0,3651,15),
(8197,'2024-12-29 19:50:00',0,3651,15),
(8198,'2024-12-29 17:50:00',0,3651,19),
(8199,'2024-12-29 08:35:00',0,3668,16),
(8200,'2024-12-29 17:40:00',0,3668,18),
(8201,'2024-12-29 23:05:00',0,3668,18),
(8202,'2024-12-29 22:10:00',0,3667,15),
(8203,'2024-12-29 13:50:00',0,3632,16),
(8204,'2024-12-29 11:00:00',0,3666,18),
(8205,'2024-12-29 15:25:00',0,3666,18),
(8206,'2024-12-29 20:50:00',0,3666,18),
(8207,'2024-12-29 08:50:00',0,3669,18),
(8208,'2024-12-29 13:15:00',0,3669,18),
(8209,'2024-12-29 12:35:00',0,3628,17),
(8210,'2024-12-29 09:20:00',0,3673,15),
(8211,'2024-12-29 11:35:00',0,3616,15),
(8212,'2024-12-29 19:05:00',0,3616,15),
(8213,'2024-12-29 08:30:00',0,3611,13),
(8214,'2024-12-29 10:55:00',0,3611,13),
(8215,'2024-12-29 13:20:00',0,3611,13),
(8216,'2024-12-29 15:45:00',0,3611,13),
(8217,'2024-12-29 18:10:00',0,3611,13),
(8218,'2024-12-29 20:35:00',0,3611,13),
(8219,'2024-12-29 23:00:00',0,3611,13),
(8220,'2024-12-29 14:50:00',0,3611,14),
(8221,'2024-12-29 17:15:00',0,3611,14),
(8222,'2024-12-29 19:40:00',0,3611,14),
(8223,'2024-12-29 22:05:00',0,3611,14),
(8224,'2024-12-29 09:30:00',0,3611,22),
(8225,'2024-12-29 11:55:00',0,3611,22),
(8226,'2024-12-29 14:20:00',0,3611,22),
(8227,'2024-12-29 16:45:00',0,3611,22),
(8228,'2024-12-29 19:10:00',0,3611,22),
(8229,'2024-12-29 21:35:00',0,3611,22),
(8230,'2024-12-30 00:00:00',0,3611,22),
(8231,'2024-12-30 12:10:00',0,3649,20),
(8232,'2024-12-30 09:15:00',0,3618,20),
(8233,'2024-12-30 14:35:00',0,3618,20),
(8234,'2024-12-30 17:30:00',0,3618,20),
(8235,'2024-12-30 20:25:00',0,3618,20),
(8236,'2024-12-30 23:20:00',0,3618,20),
(8237,'2024-12-30 12:20:00',0,3651,15),
(8238,'2024-12-30 14:35:00',0,3651,15),
(8239,'2024-12-30 16:50:00',0,3651,15),
(8240,'2024-12-30 19:50:00',0,3651,15),
(8241,'2024-12-30 17:40:00',0,3668,18),
(8242,'2024-12-30 23:05:00',0,3668,18),
(8243,'2024-12-30 22:10:00',0,3667,15),
(8244,'2024-12-30 11:00:00',0,3666,18),
(8245,'2024-12-30 15:25:00',0,3666,18),
(8246,'2024-12-30 20:50:00',0,3666,18),
(8247,'2024-12-30 08:50:00',0,3669,18),
(8248,'2024-12-30 13:15:00',0,3669,18),
(8249,'2024-12-30 09:40:00',0,3628,17),
(8250,'2024-12-30 11:25:00',0,3628,17),
(8251,'2024-12-30 09:20:00',0,3673,15),
(8252,'2024-12-30 11:35:00',0,3616,15),
(8253,'2024-12-30 19:05:00',0,3616,15),
(8254,'2024-12-27 21:40:00',0,3667,25),
(8255,'2024-12-27 17:50:00',0,3666,27),
(8256,'2024-12-27 10:40:00',0,3611,35),
(8257,'2024-12-27 13:00:00',0,3611,35),
(8258,'2024-12-27 15:20:00',0,3611,35),
(8259,'2024-12-27 17:40:00',0,3611,35),
(8260,'2024-12-27 20:00:00',0,3611,35),
(8261,'2024-12-27 22:20:00',0,3611,35),
(8262,'2024-12-27 09:35:00',0,3611,37),
(8263,'2024-12-27 11:55:00',0,3611,37),
(8264,'2024-12-27 14:15:00',0,3611,37),
(8265,'2024-12-27 16:35:00',0,3611,37),
(8266,'2024-12-27 18:55:00',0,3611,37),
(8267,'2024-12-27 21:15:00',0,3611,37),
(8268,'2024-12-27 17:45:00',0,3611,38),
(8269,'2024-12-27 20:05:00',0,3611,38),
(8270,'2024-12-27 22:25:00',0,3611,38),
(8271,'2024-12-27 10:30:00',0,3649,38),
(8272,'2024-12-27 15:25:00',0,3649,38),
(8273,'2024-12-27 10:00:00',0,3651,41),
(8274,'2024-12-27 14:45:00',0,3651,41),
(8275,'2024-12-27 17:00:00',0,3651,41),
(8276,'2024-12-27 19:15:00',0,3651,41),
(8277,'2024-12-27 21:30:00',0,3651,41),
(8278,'2024-12-27 13:00:00',0,3669,38),
(8279,'2024-12-27 12:20:00',0,3650,41),
(8280,'2024-12-28 20:00:00',0,3611,38),
(8281,'2024-12-28 10:30:00',0,3649,38),
(8282,'2024-12-28 22:30:00',0,3649,38),
(8283,'2024-12-28 16:35:00',0,3649,40),
(8284,'2024-12-28 14:00:00',0,3651,40),
(8285,'2024-12-28 13:00:00',0,3632,38),
(8286,'2024-12-28 10:00:00',0,3666,38),
(8287,'2024-12-28 09:55:00',0,3666,40),
(8288,'2024-12-28 14:20:00',0,3666,40),
(8289,'2024-12-28 12:10:00',0,3669,40),
(8290,'2024-12-29 17:40:00',0,3611,38),
(8291,'2024-12-29 20:00:00',0,3611,38),
(8292,'2024-12-29 10:30:00',0,3649,38),
(8293,'2024-12-29 15:30:00',0,3649,41),
(8294,'2024-12-29 12:55:00',0,3632,38),
(8295,'2024-12-29 10:00:00',0,3666,40),
(8296,'2024-12-29 14:25:00',0,3666,40),
(8297,'2024-12-29 15:15:00',0,3669,38),
(8298,'2024-12-29 12:15:00',0,3669,40),
(8299,'2024-12-29 16:40:00',0,3613,40),
(8300,'2024-12-27 11:30:00',0,3666,47),
(8301,'2024-12-27 16:10:00',0,3666,47),
(8302,'2024-12-28 10:30:00',0,3611,42),
(8303,'2024-12-28 12:50:00',0,3611,42),
(8304,'2024-12-28 15:10:00',0,3611,42),
(8305,'2024-12-28 17:30:00',0,3611,42),
(8306,'2024-12-28 19:50:00',0,3611,42),
(8307,'2024-12-28 22:10:00',0,3611,42),
(8308,'2024-12-28 18:30:00',0,3651,47),
(8309,'2024-12-28 20:50:00',0,3651,47),
(8310,'2024-12-28 23:10:00',0,3651,47),
(8311,'2024-12-29 10:30:00',0,3611,42),
(8312,'2024-12-29 12:50:00',0,3611,42),
(8313,'2024-12-29 15:10:00',0,3611,42),
(8314,'2024-12-29 17:30:00',0,3611,42),
(8315,'2024-12-29 19:50:00',0,3611,42),
(8316,'2024-12-29 22:10:00',0,3611,42),
(8317,'2024-12-29 15:10:00',0,3649,43),
(8318,'2024-12-29 17:40:00',0,3651,43),
(8319,'2024-12-29 19:55:00',0,3651,43),
(8320,'2024-12-29 22:10:00',0,3651,43),
(8321,'2024-12-30 09:20:00',0,3611,46),
(8322,'2024-12-30 11:40:00',0,3611,46),
(8323,'2024-12-30 14:00:00',0,3611,46),
(8324,'2024-12-30 16:20:00',0,3611,46),
(8325,'2024-12-30 18:40:00',0,3611,46),
(8326,'2024-12-30 21:00:00',0,3611,46),
(8327,'2024-12-30 09:00:00',0,3611,48),
(8328,'2024-12-30 11:20:00',0,3611,48),
(8329,'2024-12-30 13:40:00',0,3611,48),
(8330,'2024-12-30 16:00:00',0,3611,48),
(8331,'2024-12-30 18:20:00',0,3611,48),
(8332,'2024-12-30 20:40:00',0,3611,48),
(8333,'2024-12-30 23:00:00',0,3611,48),
(8334,'2024-12-31 09:20:00',0,3611,46),
(8335,'2024-12-31 11:40:00',0,3611,46),
(8336,'2024-12-31 14:00:00',0,3611,46),
(8337,'2024-12-31 16:20:00',0,3611,46),
(8338,'2024-12-31 18:40:00',0,3611,46),
(8339,'2024-12-31 21:00:00',0,3611,46),
(8340,'2024-12-31 23:20:00',0,3611,46),
(8341,'2024-12-31 09:00:00',0,3611,48),
(8342,'2024-12-31 11:20:00',0,3611,48),
(8343,'2024-12-31 13:40:00',0,3611,48),
(8344,'2024-12-31 16:00:00',0,3611,48),
(8345,'2024-12-31 18:20:00',0,3611,48),
(8346,'2024-12-31 20:40:00',0,3611,48),
(8347,'2024-12-31 23:00:00',0,3611,48),
(8348,'2025-01-01 08:50:00',0,3611,46),
(8349,'2025-01-01 11:10:00',0,3611,46),
(8350,'2025-01-01 13:30:00',0,3611,46),
(8351,'2025-01-01 15:50:00',0,3611,46),
(8352,'2025-01-01 18:10:00',0,3611,46),
(8353,'2025-01-01 20:30:00',0,3611,46),
(8354,'2025-01-01 22:50:00',0,3611,46),
(8355,'2025-01-01 08:30:00',0,3611,48),
(8356,'2025-01-01 10:50:00',0,3611,48),
(8357,'2025-01-01 13:10:00',0,3611,48),
(8358,'2025-01-01 15:30:00',0,3611,48),
(8359,'2025-01-01 17:50:00',0,3611,48),
(8360,'2025-01-01 20:10:00',0,3611,48),
(8361,'2025-01-01 22:30:00',0,3611,48),
(8362,'2025-01-01 11:25:00',0,3618,45),
(8363,'2025-01-01 09:00:00',0,3632,45),
(8364,'2025-01-01 14:20:00',0,3632,45),
(8365,'2024-12-28 22:00:00',0,3649,53),
(8366,'2024-12-28 12:25:00',0,3651,53),
(8367,'2024-12-28 19:30:00',0,3651,53),
(8368,'2024-12-28 09:20:00',0,3651,52),
(8369,'2024-12-28 14:00:00',0,3651,52),
(8370,'2024-12-28 16:20:00',0,3651,52),
(8371,'2024-12-28 16:40:00',0,3666,50),
(8372,'2024-12-28 14:40:00',0,3669,53),
(8373,'2024-12-29 22:10:00',0,3649,53),
(8374,'2024-12-29 12:15:00',0,3651,53),
(8375,'2024-12-29 17:40:00',0,3651,51),
(8376,'2024-12-29 10:00:00',0,3669,53),
(8377,'2024-12-28 00:30:00',0,3611,54),
(8378,'2024-12-28 09:20:00',0,3611,56),
(8379,'2024-12-28 11:40:00',0,3611,56),
(8380,'2024-12-28 14:00:00',0,3611,56),
(8381,'2024-12-28 16:20:00',0,3611,56),
(8382,'2024-12-28 18:40:00',0,3611,56),
(8383,'2024-12-28 21:00:00',0,3611,56),
(8384,'2024-12-28 23:20:00',0,3611,56),
(8385,'2024-12-28 10:40:00',0,3611,57),
(8386,'2024-12-28 13:00:00',0,3611,57),
(8387,'2024-12-28 15:20:00',0,3611,57),
(8388,'2024-12-28 17:40:00',0,3611,57),
(8389,'2024-12-28 20:00:00',0,3611,57),
(8390,'2024-12-28 22:20:00',0,3611,57),
(8391,'2024-12-28 21:40:00',0,3611,58),
(8392,'2024-12-28 22:00:00',0,3649,54),
(8393,'2024-12-28 11:35:00',0,3651,55),
(8394,'2024-12-28 21:05:00',0,3651,55),
(8395,'2024-12-28 23:25:00',0,3651,55),
(8396,'2024-12-28 09:00:00',0,3651,58),
(8397,'2024-12-28 15:40:00',0,3668,58),
(8398,'2024-12-28 13:30:00',0,3669,58),
(8399,'2024-12-29 00:00:00',0,3669,58),
(8400,'2024-12-29 09:30:00',0,3651,57),
(8401,'2024-12-29 11:45:00',0,3651,57),
(8402,'2024-12-29 20:50:00',0,3651,58),
(8403,'2024-12-29 23:05:00',0,3651,58),
(8404,'2024-12-29 09:10:00',0,3666,58),
(8405,'2024-12-29 13:50:00',0,3666,58),
(8406,'2024-12-29 16:05:00',0,3666,58),
(8407,'2024-12-27 11:55:00',0,3611,1),
(8408,'2024-12-27 14:20:00',0,3611,1),
(8409,'2024-12-27 16:45:00',0,3611,1),
(8410,'2024-12-27 19:10:00',0,3611,1),
(8411,'2024-12-27 21:35:00',0,3611,1),
(8412,'2024-12-28 00:00:00',0,3611,1),
(8413,'2024-12-28 12:45:00',0,3651,6),
(8414,'2024-12-28 15:00:00',0,3651,6),
(8415,'2024-12-28 17:15:00',0,3651,6),
(8416,'2024-12-28 19:30:00',0,3651,6),
(8417,'2024-12-28 21:45:00',0,3651,6),
(8418,'2024-12-29 00:00:00',0,3651,6),
(8419,'2024-12-29 14:30:00',0,3618,4),
(8420,'2024-12-29 17:25:00',0,3618,4),
(8421,'2024-12-29 20:20:00',0,3618,4),
(8422,'2024-12-29 23:15:00',0,3618,4),
(8423,'2024-12-29 14:35:00',0,3668,5),
(8424,'2024-12-29 17:35:00',0,3668,8),
(8425,'2024-12-29 11:00:00',0,3669,8),
(8426,'2024-12-29 15:25:00',0,3669,8),
(8427,'2024-12-29 12:10:00',0,3650,5),
(8428,'2024-12-29 13:10:00',0,3666,8),
(8429,'2024-12-29 20:45:00',0,3666,8),
(8430,'2024-12-29 23:00:00',0,3673,8),
(8431,'2024-12-29 11:05:00',0,3615,6),
(8432,'2024-12-28 16:45:00',0,3611,1),
(8433,'2024-12-28 19:10:00',0,3611,1),
(8434,'2024-12-28 21:35:00',0,3611,1),
(8435,'2024-12-29 00:00:00',0,3611,1),
(8436,'2024-12-29 12:25:00',0,3611,3),
(8437,'2024-12-29 14:50:00',0,3611,3),
(8438,'2024-12-29 17:15:00',0,3611,3),
(8439,'2024-12-29 19:40:00',0,3611,3),
(8440,'2024-12-29 22:05:00',0,3611,3),
(8441,'2024-12-29 20:40:00',0,3612,5),
(8442,'2024-12-29 08:50:00',0,3651,6),
(8443,'2024-12-29 13:20:00',0,3651,6),
(8444,'2024-12-29 15:35:00',0,3651,6),
(8445,'2024-12-29 17:50:00',0,3651,6),
(8446,'2024-12-29 20:05:00',0,3651,6),
(8447,'2024-12-29 22:20:00',0,3651,6),
(8448,'2024-12-29 17:30:00',0,3668,5),
(8449,'2024-12-29 19:40:00',0,3668,8),
(8450,'2024-12-29 10:10:00',0,3669,1),
(8451,'2024-12-29 12:20:00',0,3669,1),
(8452,'2024-12-29 14:30:00',0,3669,1),
(8453,'2024-12-29 10:50:00',0,3669,8),
(8454,'2024-12-29 15:15:00',0,3669,8),
(8455,'2024-12-29 22:50:00',0,3650,8),
(8456,'2024-12-29 11:05:00',0,3666,6),
(8457,'2024-12-29 08:35:00',0,3666,8),
(8458,'2024-12-29 13:00:00',0,3666,8),
(8459,'2024-12-29 17:25:00',0,3666,8),
(8460,'2024-12-29 14:00:00',0,3628,5),
(8461,'2024-12-29 15:45:00',0,3628,5),
(8462,'2024-12-29 23:05:00',0,3673,5),
(8463,'2024-12-29 12:25:00',0,3615,5),
(8464,'2024-12-29 14:30:00',0,3649,4),
(8465,'2024-12-29 21:40:00',0,3611,2),
(8466,'2024-12-30 00:00:00',0,3611,2),
(8467,'2024-12-30 10:00:00',0,3611,3),
(8468,'2024-12-30 14:50:00',0,3611,5),
(8469,'2024-12-30 17:15:00',0,3611,5),
(8470,'2024-12-30 19:40:00',0,3611,5),
(8471,'2024-12-30 22:05:00',0,3611,5),
(8472,'2024-12-30 09:30:00',0,3611,6),
(8473,'2024-12-30 11:55:00',0,3611,6),
(8474,'2024-12-30 14:20:00',0,3611,6),
(8475,'2024-12-30 16:45:00',0,3611,6),
(8476,'2024-12-30 19:10:00',0,3611,8),
(8477,'2024-12-30 21:40:00',0,3612,6),
(8478,'2024-12-30 11:45:00',0,3651,1),
(8479,'2024-12-30 14:00:00',0,3651,1),
(8480,'2024-12-30 21:30:00',0,3651,3),
(8481,'2024-12-30 23:45:00',0,3651,3),
(8482,'2024-12-30 16:50:00',0,3651,8),
(8483,'2024-12-30 09:10:00',0,3618,4),
(8484,'2024-12-30 17:00:00',0,3618,4),
(8485,'2024-12-30 20:00:00',0,3618,4),
(8486,'2024-12-30 23:10:00',0,3618,4),
(8487,'2024-12-30 08:30:00',0,3668,1),
(8488,'2024-12-30 21:50:00',0,3668,8),
(8489,'2024-12-30 14:00:00',0,3669,3),
(8490,'2024-12-30 08:15:00',0,3669,8),
(8491,'2024-12-30 10:20:00',0,3669,8),
(8492,'2024-12-30 12:25:00',0,3669,8),
(8493,'2024-12-30 16:25:00',0,3650,2),
(8494,'2024-12-30 19:00:00',0,3650,2),
(8495,'2024-12-30 16:10:00',0,3650,3),
(8496,'2024-12-30 18:45:00',0,3650,3),
(8497,'2024-12-30 19:15:00',0,3650,6),
(8498,'2024-12-30 08:35:00',0,3666,5),
(8499,'2024-12-30 12:35:00',0,3666,5),
(8500,'2024-12-30 14:35:00',0,3666,8),
(8501,'2024-12-30 12:20:00',0,3628,3),
(8502,'2024-12-30 10:50:00',0,3628,5),
(8503,'2024-12-31 00:05:00',0,3673,6),
(8504,'2024-12-30 10:20:00',0,3649,4),
(8505,'2024-12-30 12:45:00',0,3649,4),
(8506,'2024-12-30 11:20:00',0,3649,7),
(8507,'2024-12-30 13:45:00',0,3649,7),
(8508,'2024-12-30 09:00:00',0,3611,7),
(8509,'2024-12-30 16:10:00',0,3611,7),
(8510,'2024-12-30 18:30:00',0,3611,7),
(8511,'2024-12-30 20:50:00',0,3611,7),
(8512,'2024-12-30 23:10:00',0,3611,7),
(8513,'2024-12-30 10:10:00',0,3611,1),
(8514,'2024-12-30 12:30:00',0,3611,1),
(8515,'2024-12-30 14:50:00',0,3611,1),
(8516,'2024-12-30 17:10:00',0,3611,1),
(8517,'2024-12-30 19:30:00',0,3611,1),
(8518,'2024-12-30 21:50:00',0,3611,1),
(8519,'2024-12-31 00:10:00',0,3611,1),
(8520,'2024-12-31 08:30:00',0,3611,2),
(8521,'2024-12-31 10:50:00',0,3611,2),
(8522,'2024-12-31 13:10:00',0,3611,2),
(8523,'2024-12-31 15:30:00',0,3611,2),
(8524,'2024-12-31 18:30:00',0,3611,2),
(8525,'2024-12-31 09:40:00',0,3611,3),
(8526,'2024-12-31 12:00:00',0,3611,3),
(8527,'2024-12-31 14:20:00',0,3611,3),
(8528,'2024-12-31 16:40:00',0,3611,3),
(8529,'2024-12-31 19:00:00',0,3611,3),
(8530,'2024-12-31 21:20:00',0,3611,3),
(8531,'2024-12-31 23:40:00',0,3611,3),
(8532,'2024-12-31 17:45:00',0,3611,5),
(8533,'2024-12-31 20:10:00',0,3611,5),
(8534,'2024-12-31 20:05:00',0,3611,6),
(8535,'2024-12-31 22:25:00',0,3611,6),
(8536,'2025-01-01 00:05:00',0,3612,5),
(8537,'2025-01-01 21:10:00',0,3651,2),
(8538,'2025-01-01 23:30:00',0,3651,2),
(8539,'2025-01-01 08:50:00',0,3651,6),
(8540,'2025-01-01 11:05:00',0,3651,6),
(8541,'2025-01-01 13:20:00',0,3651,6),
(8542,'2025-01-01 15:35:00',0,3651,6),
(8543,'2025-01-01 17:50:00',0,3651,6),
(8544,'2025-01-01 15:10:00',0,3618,4),
(8545,'2025-01-01 18:05:00',0,3618,4),
(8546,'2025-01-01 21:00:00',0,3618,4),
(8547,'2025-01-02 00:00:00',0,3618,4),
(8548,'2025-01-02 09:00:00',0,3668,5),
(8549,'2025-01-02 14:35:00',0,3668,5),
(8550,'2025-01-02 17:35:00',0,3668,8),
(8551,'2025-01-02 11:00:00',0,3669,8),
(8552,'2025-01-02 15:25:00',0,3669,8),
(8553,'2025-01-02 12:10:00',0,3650,5),
(8554,'2025-01-02 08:40:00',0,3666,8),
(8555,'2025-01-02 13:10:00',0,3666,8),
(8556,'2025-01-02 20:45:00',0,3666,8),
(8557,'2025-01-02 23:00:00',0,3673,8),
(8558,'2025-01-02 22:30:00',0,3615,5),
(8559,'2024-12-31 12:20:00',0,3611,7),
(8560,'2024-12-31 14:40:00',0,3611,7),
(8561,'2024-12-31 19:20:00',0,3611,7),
(8562,'2025-01-01 00:00:00',0,3611,7),
(8563,'2025-01-01 09:00:00',0,3611,2),
(8564,'2025-01-01 11:20:00',0,3611,2),
(8565,'2025-01-01 13:40:00',0,3611,2),
(8566,'2025-01-01 16:00:00',0,3611,2),
(8567,'2025-01-01 18:20:00',0,3611,2),
(8568,'2025-01-01 20:40:00',0,3611,2),
(8569,'2025-01-01 23:00:00',0,3611,2),
(8570,'2025-01-01 10:00:00',0,3623,7),
(8571,'2025-01-01 17:00:00',0,3623,7),
(8572,'2025-01-01 21:40:00',0,3623,7),
(8573,'2025-01-01 12:20:00',0,3611,7),
(8574,'2025-01-01 14:40:00',0,3611,7),
(8575,'2024-12-27 23:30:00',0,3611,9),
(8576,'2024-12-27 22:45:00',0,3651,12),
(8577,'2024-12-28 17:10:00',0,3611,11),
(8578,'2024-12-28 19:30:00',0,3611,11),
(8579,'2024-12-28 17:45:00',0,3651,12),
(8580,'2024-12-28 20:00:00',0,3651,12),
(8581,'2024-12-28 22:15:00',0,3651,12),
(8582,'2024-12-28 21:50:00',0,3668,11),
(8583,'2024-12-29 17:35:00',0,3651,12),
(8584,'2024-12-29 19:50:00',0,3651,12),
(8585,'2024-12-29 22:05:00',0,3651,12),
(8586,'2024-12-29 09:50:00',0,3668,12),
(8587,'2024-12-30 14:40:00',0,3649,11),
(8588,'2024-12-30 10:40:00',0,3611,10),
(8589,'2024-12-30 13:00:00',0,3611,10),
(8590,'2024-12-30 15:20:00',0,3611,10),
(8591,'2024-12-30 17:40:00',0,3611,10),
(8592,'2024-12-30 20:00:00',0,3611,10),
(8593,'2024-12-30 22:20:00',0,3611,10),
(8594,'2024-12-30 19:20:00',0,3611,11),
(8595,'2024-12-30 09:35:00',0,3651,12),
(8596,'2024-12-30 13:55:00',0,3651,12),
(8597,'2024-12-30 18:20:00',0,3651,12),
(8598,'2024-12-30 20:35:00',0,3651,12),
(8599,'2024-12-30 21:45:00',0,3668,11),
(8600,'2024-12-30 12:30:00',0,3669,11),
(8601,'2024-12-30 16:10:00',0,3669,12),
(8602,'2024-12-30 10:15:00',0,3666,11),
(8603,'2024-12-30 17:05:00',0,3666,11),
(8604,'2024-12-30 11:50:00',0,3693,12),
(8605,'2024-12-27 12:55:00',0,3611,17),
(8606,'2024-12-27 15:20:00',0,3611,17),
(8607,'2024-12-27 17:45:00',0,3611,17),
(8608,'2024-12-27 20:10:00',0,3611,17),
(8609,'2024-12-27 22:35:00',0,3611,17),
(8610,'2024-12-28 18:30:00',0,3649,16),
(8611,'2024-12-28 14:15:00',0,3649,17),
(8612,'2024-12-28 10:30:00',0,3649,19),
(8613,'2024-12-28 12:55:00',0,3649,19),
(8614,'2024-12-28 15:20:00',0,3649,19),
(8615,'2024-12-28 20:10:00',0,3611,19),
(8616,'2024-12-29 21:20:00',0,3612,17),
(8617,'2024-12-29 20:55:00',0,3651,16),
(8618,'2024-12-29 18:50:00',0,3651,17),
(8619,'2024-12-29 16:10:00',0,3632,16),
(8620,'2024-12-29 16:40:00',0,3669,17),
(8621,'2024-12-29 08:25:00',0,3650,17),
(8622,'2024-12-29 10:50:00',0,3628,17),
(8623,'2024-12-30 00:25:00',0,3708,14),
(8624,'2024-12-30 08:20:00',0,3692,19),
(8625,'2024-12-29 18:30:00',0,3649,16),
(8626,'2024-12-29 17:35:00',0,3649,17),
(8627,'2024-12-29 20:10:00',0,3611,19),
(8628,'2024-12-30 20:00:00',0,3612,17),
(8629,'2024-12-30 20:55:00',0,3651,16),
(8630,'2024-12-30 13:10:00',0,3651,17),
(8631,'2024-12-30 17:50:00',0,3651,19),
(8632,'2024-12-30 08:35:00',0,3668,16),
(8633,'2024-12-30 13:50:00',0,3632,16),
(8634,'2024-12-30 16:10:00',0,3632,16),
(8635,'2024-12-30 11:40:00',0,3669,16),
(8636,'2024-12-30 15:25:00',0,3669,17),
(8637,'2024-12-30 23:10:00',0,3650,16),
(8638,'2024-12-30 22:35:00',0,3692,19),
(8639,'2024-12-30 16:00:00',0,3649,18),
(8640,'2024-12-30 20:40:00',0,3649,18),
(8641,'2024-12-30 08:30:00',0,3611,13),
(8642,'2024-12-30 10:55:00',0,3611,13),
(8643,'2024-12-30 13:20:00',0,3611,13),
(8644,'2024-12-30 15:45:00',0,3611,13),
(8645,'2024-12-30 18:10:00',0,3611,13),
(8646,'2024-12-30 20:35:00',0,3611,13),
(8647,'2024-12-30 23:00:00',0,3611,13),
(8648,'2024-12-30 10:00:00',0,3611,14),
(8649,'2024-12-30 12:25:00',0,3611,14),
(8650,'2024-12-30 14:50:00',0,3611,14),
(8651,'2024-12-30 17:15:00',0,3611,14),
(8652,'2024-12-30 19:40:00',0,3611,14),
(8653,'2024-12-30 22:05:00',0,3611,14),
(8654,'2024-12-30 10:30:00',0,3611,17),
(8655,'2024-12-30 12:55:00',0,3611,17),
(8656,'2024-12-30 15:20:00',0,3611,17),
(8657,'2024-12-30 17:45:00',0,3611,17),
(8658,'2024-12-30 20:10:00',0,3611,17),
(8659,'2024-12-30 22:35:00',0,3611,17),
(8660,'2024-12-30 09:00:00',0,3611,21),
(8661,'2024-12-30 11:25:00',0,3611,21),
(8662,'2024-12-30 13:50:00',0,3611,21),
(8663,'2024-12-30 16:15:00',0,3611,21),
(8664,'2024-12-30 18:40:00',0,3611,21),
(8665,'2024-12-30 21:05:00',0,3611,21),
(8666,'2024-12-30 23:30:00',0,3611,21),
(8667,'2024-12-30 09:30:00',0,3611,22),
(8668,'2024-12-30 11:55:00',0,3611,22),
(8669,'2024-12-30 14:20:00',0,3611,22),
(8670,'2024-12-30 16:45:00',0,3611,22),
(8671,'2024-12-30 19:10:00',0,3611,22),
(8672,'2024-12-30 21:35:00',0,3611,22),
(8673,'2024-12-31 00:00:00',0,3611,22),
(8674,'2024-12-31 19:15:00',0,3612,16),
(8675,'2024-12-31 23:50:00',0,3651,16),
(8676,'2024-12-31 09:10:00',0,3651,19),
(8677,'2024-12-31 11:25:00',0,3651,19),
(8678,'2024-12-31 13:40:00',0,3651,19),
(8679,'2024-12-31 15:55:00',0,3651,19),
(8680,'2024-12-31 18:10:00',0,3651,19),
(8681,'2024-12-31 20:25:00',0,3651,19),
(8682,'2024-12-31 22:40:00',0,3651,19),
(8683,'2024-12-31 09:15:00',0,3618,20),
(8684,'2024-12-31 14:35:00',0,3618,20),
(8685,'2024-12-31 17:30:00',0,3618,20),
(8686,'2024-12-31 20:25:00',0,3618,20),
(8687,'2024-12-31 23:20:00',0,3618,20),
(8688,'2024-12-31 13:25:00',0,3668,15),
(8689,'2024-12-31 17:20:00',0,3668,15),
(8690,'2024-12-31 09:20:00',0,3668,16),
(8691,'2024-12-31 11:35:00',0,3669,18),
(8692,'2024-12-31 18:25:00',0,3669,18),
(8693,'2024-12-31 11:00:00',0,3650,15),
(8694,'2024-12-31 09:20:00',0,3666,18),
(8695,'2024-12-31 13:45:00',0,3666,18),
(8696,'2024-12-31 20:30:00',0,3667,15),
(8697,'2024-12-31 08:45:00',0,3673,15),
(8698,'2024-12-31 14:45:00',0,3708,16),
(8699,'2024-12-31 17:05:00',0,3692,16),
(8700,'2024-12-31 16:35:00',0,3616,15),
(8701,'2024-12-31 23:20:00',0,3616,15),
(8702,'2024-12-31 09:00:00',0,3611,21),
(8703,'2024-12-31 11:20:00',0,3611,21),
(8704,'2024-12-31 13:40:00',0,3611,21),
(8705,'2024-12-31 16:00:00',0,3611,21),
(8706,'2024-12-31 18:20:00',0,3611,21),
(8707,'2024-12-31 20:40:00',0,3611,21),
(8708,'2024-12-31 23:00:00',0,3611,21),
(8709,'2025-01-01 09:00:00',0,3611,21),
(8710,'2025-01-01 11:20:00',0,3611,21),
(8711,'2025-01-01 13:40:00',0,3611,21),
(8712,'2025-01-01 16:00:00',0,3611,21),
(8713,'2025-01-01 18:20:00',0,3611,21),
(8714,'2025-01-01 20:40:00',0,3611,21),
(8715,'2025-01-01 23:00:00',0,3611,21),
(8716,'2025-01-04 09:00:00',1,3611,21),
(8717,'2025-01-04 11:20:00',1,3611,21),
(8718,'2025-01-04 13:40:00',1,3611,21),
(8719,'2025-01-04 16:00:00',1,3611,21),
(8720,'2025-01-04 18:20:00',1,3611,21),
(8721,'2025-01-04 20:40:00',1,3611,21),
(8722,'2025-01-04 23:00:00',1,3611,21),
(8723,'2025-01-05 09:00:00',0,3611,21),
(8724,'2025-01-05 11:20:00',0,3611,21),
(8725,'2025-01-05 13:40:00',0,3611,21),
(8726,'2025-01-05 16:00:00',0,3611,21),
(8727,'2025-01-05 18:20:00',0,3611,21),
(8728,'2025-01-05 20:40:00',0,3611,21),
(8729,'2025-01-05 23:00:00',0,3611,21),
(8730,'2024-12-27 13:40:00',0,3611,29),
(8731,'2024-12-27 16:00:00',0,3611,29),
(8732,'2024-12-27 21:10:00',0,3611,29),
(8733,'2024-12-27 23:30:00',0,3611,29),
(8734,'2024-12-27 18:20:00',0,3667,29),
(8735,'2024-12-28 23:30:00',0,3649,27),
(8736,'2024-12-28 13:50:00',0,3611,29),
(8737,'2024-12-28 16:10:00',0,3611,29),
(8738,'2024-12-28 18:30:00',0,3611,29),
(8739,'2024-12-28 20:50:00',0,3611,29),
(8740,'2024-12-28 23:10:00',0,3611,29),
(8741,'2024-12-28 22:00:00',0,3612,25),
(8742,'2024-12-28 15:30:00',0,3651,27),
(8743,'2024-12-28 21:50:00',0,3668,26),
(8744,'2024-12-28 10:30:00',0,3668,29),
(8745,'2024-12-28 17:50:00',0,3667,27),
(8746,'2024-12-28 20:40:00',0,3667,27),
(8747,'2024-12-29 22:00:00',0,3611,25),
(8748,'2024-12-29 13:10:00',0,3611,27),
(8749,'2024-12-29 13:45:00',0,3611,29),
(8750,'2024-12-29 16:05:00',0,3611,29),
(8751,'2024-12-29 18:25:00',0,3611,29),
(8752,'2024-12-29 20:45:00',0,3611,29),
(8753,'2024-12-29 23:10:00',0,3611,29),
(8754,'2024-12-29 10:45:00',0,3612,27),
(8755,'2024-12-29 20:35:00',0,3612,27),
(8756,'2024-12-29 15:30:00',0,3651,27),
(8757,'2024-12-29 21:50:00',0,3668,26),
(8758,'2024-12-29 10:30:00',0,3668,29),
(8759,'2024-12-29 10:05:00',0,3669,26),
(8760,'2024-12-29 22:50:00',0,3669,28),
(8761,'2024-12-29 17:20:00',0,3666,26),
(8762,'2024-12-29 14:30:00',0,3667,26),
(8763,'2024-12-29 17:45:00',0,3667,27),
(8764,'2024-12-29 23:05:00',0,3667,27),
(8765,'2024-12-29 12:15:00',0,3673,26),
(8766,'2024-12-29 19:35:00',0,3673,26),
(8767,'2024-12-30 20:35:00',0,3649,27),
(8768,'2024-12-30 10:00:00',0,3611,25),
(8769,'2024-12-30 12:20:00',0,3611,25),
(8770,'2024-12-30 14:40:00',0,3611,25),
(8771,'2024-12-30 17:00:00',0,3611,25),
(8772,'2024-12-30 19:20:00',0,3611,25),
(8773,'2024-12-30 21:40:00',0,3611,25),
(8774,'2024-12-30 13:45:00',0,3611,29),
(8775,'2024-12-30 16:05:00',0,3611,29),
(8776,'2024-12-30 18:25:00',0,3611,29),
(8777,'2024-12-30 20:50:00',0,3611,29),
(8778,'2024-12-30 23:10:00',0,3611,29),
(8779,'2024-12-30 14:25:00',0,3612,23),
(8780,'2024-12-30 21:05:00',0,3612,23),
(8781,'2024-12-30 23:30:00',0,3612,23),
(8782,'2024-12-30 10:50:00',0,3612,27),
(8783,'2024-12-30 09:40:00',0,3651,24),
(8784,'2024-12-30 11:55:00',0,3651,24),
(8785,'2024-12-30 14:10:00',0,3651,24),
(8786,'2024-12-30 16:40:00',0,3651,24),
(8787,'2024-12-30 19:00:00',0,3651,24),
(8788,'2024-12-30 21:20:00',0,3651,24),
(8789,'2024-12-30 23:35:00',0,3651,24),
(8790,'2024-12-30 15:30:00',0,3651,27),
(8791,'2024-12-30 21:50:00',0,3668,26),
(8792,'2024-12-30 10:30:00',0,3668,29),
(8793,'2024-12-30 10:05:00',0,3669,26),
(8794,'2024-12-30 22:20:00',0,3669,28),
(8795,'2024-12-30 17:20:00',0,3666,26),
(8796,'2024-12-30 13:15:00',0,3666,27),
(8797,'2024-12-30 10:25:00',0,3666,28),
(8798,'2024-12-30 11:35:00',0,3667,23),
(8799,'2024-12-30 14:30:00',0,3667,26),
(8800,'2024-12-30 17:45:00',0,3667,27),
(8801,'2024-12-30 23:00:00',0,3667,27),
(8802,'2024-12-30 12:15:00',0,3673,26),
(8803,'2024-12-30 19:35:00',0,3673,26),
(8804,'2024-12-30 09:30:00',0,3682,23),
(8805,'2024-12-30 12:40:00',0,3684,28),
(8806,'2024-12-30 16:50:00',0,3724,23),
(8807,'2024-12-30 15:00:00',0,3659,28),
(8808,'2024-12-30 19:15:00',0,3609,23),
(8809,'2024-12-30 17:30:00',0,3663,28),
(8810,'2024-12-27 13:30:00',0,3611,12),
(8811,'2025-01-01 12:35:00',0,3855,26),
(8812,'2025-01-01 20:15:00',0,3855,26),
(8813,'2025-01-02 12:35:00',0,3855,26),
(8814,'2025-01-02 17:55:00',0,3855,26),
(8815,'2025-01-03 12:35:00',0,3855,26),
(8816,'2025-01-03 17:55:00',0,3855,26),
(8817,'2024-12-28 17:40:00',0,3649,35),
(8818,'2024-12-28 09:20:00',0,3611,30),
(8819,'2024-12-28 18:45:00',0,3611,30),
(8820,'2024-12-28 21:05:00',0,3611,30),
(8821,'2024-12-28 23:25:00',0,3611,30),
(8822,'2024-12-28 10:40:00',0,3611,35),
(8823,'2024-12-28 13:00:00',0,3611,35),
(8824,'2024-12-28 15:20:00',0,3611,35),
(8825,'2024-12-28 20:05:00',0,3611,35),
(8826,'2024-12-28 22:25:00',0,3611,35),
(8827,'2024-12-29 17:40:00',0,3649,35),
(8828,'2024-12-29 09:20:00',0,3611,30),
(8829,'2024-12-29 18:45:00',0,3611,30),
(8830,'2024-12-29 21:05:00',0,3611,30),
(8831,'2024-12-29 23:25:00',0,3611,30),
(8832,'2024-12-29 21:50:00',0,3611,34),
(8833,'2024-12-29 10:40:00',0,3611,35),
(8834,'2024-12-29 13:00:00',0,3611,35),
(8835,'2024-12-29 15:20:00',0,3611,35),
(8836,'2024-12-29 20:05:00',0,3611,35),
(8837,'2024-12-29 22:25:00',0,3611,35),
(8838,'2024-12-30 12:20:00',0,3649,30),
(8839,'2024-12-30 19:10:00',0,3649,30),
(8840,'2024-12-30 21:35:00',0,3611,30),
(8841,'2024-12-30 09:40:00',0,3611,31),
(8842,'2024-12-30 12:00:00',0,3611,31),
(8843,'2024-12-30 14:20:00',0,3611,31),
(8844,'2024-12-30 16:40:00',0,3611,31),
(8845,'2024-12-30 19:00:00',0,3611,31),
(8846,'2024-12-30 21:20:00',0,3611,31),
(8847,'2024-12-30 23:40:00',0,3611,31),
(8848,'2024-12-30 09:00:00',0,3611,33),
(8849,'2024-12-30 11:20:00',0,3611,33),
(8850,'2024-12-30 13:40:00',0,3611,33),
(8851,'2024-12-30 16:00:00',0,3611,33),
(8852,'2024-12-30 18:20:00',0,3611,33),
(8853,'2024-12-30 20:40:00',0,3611,33),
(8854,'2024-12-30 23:00:00',0,3611,33),
(8855,'2024-12-30 10:10:00',0,3611,34),
(8856,'2024-12-30 12:30:00',0,3611,34),
(8857,'2024-12-30 14:50:00',0,3611,34),
(8858,'2024-12-30 17:10:00',0,3611,34),
(8859,'2024-12-30 19:30:00',0,3611,34),
(8860,'2024-12-30 21:50:00',0,3611,34),
(8861,'2024-12-30 10:40:00',0,3611,35),
(8862,'2024-12-30 13:00:00',0,3611,35),
(8863,'2024-12-30 15:20:00',0,3611,35),
(8864,'2024-12-30 17:40:00',0,3611,35),
(8865,'2024-12-30 20:00:00',0,3611,35),
(8866,'2024-12-30 22:20:00',0,3611,35),
(8867,'2024-12-30 09:20:00',0,3651,32),
(8868,'2024-12-30 11:35:00',0,3651,32),
(8869,'2024-12-30 13:50:00',0,3651,32),
(8870,'2024-12-30 16:05:00',0,3651,32),
(8871,'2024-12-30 18:20:00',0,3651,32),
(8872,'2024-12-30 20:35:00',0,3651,32),
(8873,'2024-12-30 22:50:00',0,3651,32),
(8874,'2024-12-30 09:10:00',0,3668,30),
(8875,'2024-12-30 14:50:00',0,3669,30),
(8876,'2024-12-30 17:00:00',0,3666,30),
(8877,'2024-12-31 09:40:00',0,3611,31),
(8878,'2024-12-31 12:00:00',0,3611,31),
(8879,'2024-12-31 14:20:00',0,3611,31),
(8880,'2024-12-31 16:40:00',0,3611,31),
(8881,'2024-12-31 19:00:00',0,3611,31),
(8882,'2024-12-31 21:20:00',0,3611,31),
(8883,'2024-12-31 23:40:00',0,3611,31),
(8884,'2025-01-01 09:40:00',0,3611,31),
(8885,'2025-01-01 12:00:00',0,3611,31),
(8886,'2025-01-01 14:20:00',0,3611,31),
(8887,'2025-01-01 16:40:00',0,3611,31),
(8888,'2025-01-01 19:00:00',0,3611,31),
(8889,'2025-01-01 21:20:00',0,3611,31),
(8890,'2025-01-01 23:40:00',0,3611,31),
(8891,'2024-12-27 12:20:00',0,3649,40),
(8892,'2024-12-27 23:35:00',0,3611,37),
(8893,'2024-12-27 23:45:00',0,3651,41),
(8894,'2024-12-27 19:00:00',0,3668,40),
(8895,'2024-12-27 22:10:00',0,3668,40),
(8896,'2024-12-27 14:20:00',0,3669,37),
(8897,'2024-12-27 16:45:00',0,3666,40),
(8898,'2024-12-27 14:50:00',0,3613,40),
(8899,'2024-12-28 17:40:00',0,3649,38),
(8900,'2024-12-28 09:35:00',0,3611,37),
(8901,'2024-12-28 11:55:00',0,3611,37),
(8902,'2024-12-28 14:15:00',0,3611,37),
(8903,'2024-12-28 16:35:00',0,3611,37),
(8904,'2024-12-28 18:55:00',0,3611,37),
(8905,'2024-12-28 21:15:00',0,3611,37),
(8906,'2024-12-28 23:35:00',0,3611,37),
(8907,'2024-12-28 19:00:00',0,3651,40),
(8908,'2024-12-28 21:15:00',0,3651,40),
(8909,'2024-12-28 23:30:00',0,3651,40),
(8910,'2024-12-28 09:20:00',0,3651,41),
(8911,'2024-12-28 17:15:00',0,3651,41),
(8912,'2024-12-28 19:30:00',0,3668,41),
(8913,'2024-12-28 22:40:00',0,3668,41),
(8914,'2024-12-28 15:30:00',0,3669,38),
(8915,'2024-12-28 10:30:00',0,3650,38),
(8916,'2024-12-29 22:10:00',0,3649,38),
(8917,'2024-12-29 11:55:00',0,3611,37),
(8918,'2024-12-29 14:15:00',0,3611,37),
(8919,'2024-12-29 16:35:00',0,3611,37),
(8920,'2024-12-29 18:55:00',0,3611,37),
(8921,'2024-12-29 21:15:00',0,3611,37),
(8922,'2024-12-29 09:40:00',0,3651,37),
(8923,'2024-12-29 18:35:00',0,3651,40),
(8924,'2024-12-29 20:50:00',0,3651,40),
(8925,'2024-12-29 23:05:00',0,3651,40),
(8926,'2024-12-29 18:00:00',0,3668,41),
(8927,'2024-12-29 21:10:00',0,3668,41),
(8928,'2024-12-30 10:30:00',0,3649,38),
(8929,'2024-12-30 15:25:00',0,3649,38),
(8930,'2024-12-30 12:20:00',0,3649,40),
(8931,'2024-12-30 09:00:00',0,3611,36),
(8932,'2024-12-30 11:20:00',0,3611,36),
(8933,'2024-12-30 13:40:00',0,3611,36),
(8934,'2024-12-30 16:00:00',0,3611,36),
(8935,'2024-12-30 18:20:00',0,3611,36),
(8936,'2024-12-30 20:40:00',0,3611,36),
(8937,'2024-12-30 23:00:00',0,3611,36),
(8938,'2024-12-30 09:35:00',0,3611,37),
(8939,'2024-12-30 11:55:00',0,3611,37),
(8940,'2024-12-30 16:35:00',0,3611,37),
(8941,'2024-12-30 18:55:00',0,3611,37),
(8942,'2024-12-30 21:15:00',0,3611,37),
(8943,'2024-12-30 17:45:00',0,3611,38),
(8944,'2024-12-30 20:05:00',0,3611,38),
(8945,'2024-12-30 22:25:00',0,3611,38),
(8946,'2024-12-30 10:10:00',0,3611,39),
(8947,'2024-12-30 12:30:00',0,3611,39),
(8948,'2024-12-30 14:50:00',0,3611,39),
(8949,'2024-12-30 17:10:00',0,3611,39),
(8950,'2024-12-30 19:30:00',0,3611,39),
(8951,'2024-12-30 21:50:00',0,3611,39),
(8952,'2024-12-30 10:00:00',0,3651,41),
(8953,'2024-12-30 14:45:00',0,3651,41),
(8954,'2024-12-30 17:00:00',0,3651,41),
(8955,'2024-12-30 19:15:00',0,3651,41),
(8956,'2024-12-30 21:30:00',0,3651,41),
(8957,'2024-12-30 19:00:00',0,3668,40),
(8958,'2024-12-30 22:10:00',0,3668,40),
(8959,'2024-12-30 14:20:00',0,3669,37),
(8960,'2024-12-30 13:00:00',0,3669,38),
(8961,'2024-12-30 12:20:00',0,3650,41),
(8962,'2024-12-30 10:05:00',0,3666,40),
(8963,'2024-12-30 16:45:00',0,3666,40),
(8964,'2024-12-30 14:50:00',0,3613,40),
(8965,'2025-01-05 10:10:00',0,3632,41),
(8966,'2025-01-05 16:00:00',0,3632,41),
(8967,'2024-12-27 14:40:00',0,3649,43),
(8968,'2024-12-27 20:25:00',0,3611,43),
(8969,'2024-12-27 22:45:00',0,3611,43),
(8970,'2024-12-28 00:05:00',0,3611,44),
(8971,'2024-12-28 23:30:00',0,3611,46),
(8972,'2024-12-28 13:50:00',0,3651,47),
(8973,'2024-12-28 17:10:00',0,3668,43),
(8974,'2024-12-28 12:30:00',0,3669,43),
(8975,'2024-12-28 16:10:00',0,3666,47),
(8976,'2024-12-28 16:55:00',0,3649,43),
(8977,'2024-12-28 19:20:00',0,3611,43),
(8978,'2024-12-28 21:40:00',0,3611,43),
(8979,'2024-12-29 00:10:00',0,3611,44),
(8980,'2024-12-29 23:30:00',0,3611,46),
(8981,'2024-12-29 09:10:00',0,3651,47),
(8982,'2024-12-29 18:30:00',0,3651,47),
(8983,'2024-12-29 20:45:00',0,3651,47),
(8984,'2024-12-29 23:00:00',0,3651,47),
(8985,'2024-12-29 09:40:00',0,3668,42),
(8986,'2024-12-29 12:35:00',0,3669,43),
(8987,'2024-12-29 14:45:00',0,3669,43),
(8988,'2024-12-29 11:30:00',0,3666,47),
(8989,'2024-12-29 16:15:00',0,3666,47),
(8990,'2024-12-29 10:20:00',0,3673,43),
(8991,'2024-12-29 13:25:00',0,3649,47),
(8992,'2024-12-29 18:10:00',0,3611,47),
(8993,'2024-12-29 09:25:00',0,3651,43),
(8994,'2024-12-29 20:40:00',0,3668,47),
(8995,'2024-12-29 15:20:00',0,3669,43),
(8996,'2024-12-29 11:15:00',0,3669,47),
(8997,'2024-12-29 15:55:00',0,3666,47),
(8998,'2024-12-29 09:00:00',0,3673,47),
(8999,'2024-12-30 14:50:00',0,3649,45),
(9000,'2024-12-30 12:10:00',0,3649,43),
(9001,'2024-12-30 10:30:00',0,3611,42),
(9002,'2024-12-30 12:50:00',0,3611,42),
(9003,'2024-12-30 15:10:00',0,3611,42),
(9004,'2024-12-30 17:30:00',0,3611,42),
(9005,'2024-12-30 20:00:00',0,3611,42),
(9006,'2024-12-30 22:20:00',0,3611,42),
(9007,'2024-12-30 19:20:00',0,3611,43),
(9008,'2024-12-30 09:40:00',0,3611,44),
(9009,'2024-12-30 12:00:00',0,3611,44),
(9010,'2024-12-30 14:20:00',0,3611,44),
(9011,'2024-12-30 16:40:00',0,3611,44),
(9012,'2024-12-30 19:00:00',0,3611,44),
(9013,'2024-12-30 21:20:00',0,3611,44),
(9014,'2024-12-30 09:10:00',0,3651,47),
(9015,'2024-12-30 13:50:00',0,3651,47),
(9016,'2024-12-30 16:10:00',0,3651,47),
(9017,'2024-12-30 18:30:00',0,3651,47),
(9018,'2024-12-30 20:50:00',0,3651,47),
(9019,'2024-12-30 23:10:00',0,3651,47),
(9020,'2024-12-30 09:00:00',0,3618,45),
(9021,'2024-12-30 11:55:00',0,3618,45),
(9022,'2024-12-30 17:15:00',0,3618,45),
(9023,'2024-12-30 20:10:00',0,3618,45),
(9024,'2024-12-30 23:05:00',0,3618,45),
(9025,'2024-12-30 21:40:00',0,3668,43),
(9026,'2024-12-30 10:00:00',0,3669,43),
(9027,'2024-12-30 14:40:00',0,3669,43),
(9028,'2024-12-30 17:00:00',0,3666,43),
(9029,'2024-12-30 11:30:00',0,3666,47),
(9030,'2024-12-30 09:20:00',0,3673,46),
(9031,'2024-12-28 17:30:00',0,3611,51),
(9032,'2024-12-28 23:25:00',0,3668,52),
(9033,'2024-12-28 21:10:00',0,3669,52),
(9034,'2024-12-28 15:10:00',0,3666,51),
(9035,'2024-12-28 18:40:00',0,3666,52),
(9036,'2024-12-28 14:40:00',0,3611,53),
(9037,'2024-12-28 19:50:00',0,3611,53),
(9038,'2024-12-29 15:20:00',0,3611,51),
(9039,'2024-12-30 00:35:00',0,3651,53),
(9040,'2024-12-30 21:30:00',0,3651,50),
(9041,'2024-12-30 17:40:00',0,3651,51),
(9042,'2024-12-30 23:20:00',0,3651,51),
(9043,'2024-12-30 09:20:00',0,3651,52),
(9044,'2024-12-30 14:00:00',0,3651,52),
(9045,'2024-12-30 18:40:00',0,3651,52),
(9046,'2024-12-30 23:25:00',0,3668,52),
(9047,'2024-12-30 10:00:00',0,3669,53),
(9048,'2024-12-30 21:10:00',0,3669,52),
(9049,'2024-12-30 14:20:00',0,3666,50),
(9050,'2024-12-30 19:00:00',0,3666,50),
(9051,'2024-12-30 10:20:00',0,3666,51),
(9052,'2024-12-30 12:50:00',0,3666,51),
(9053,'2024-12-30 21:00:00',0,3666,51),
(9054,'2024-12-30 16:20:00',0,3666,52),
(9055,'2024-12-30 20:00:00',0,3617,51),
(9056,'2024-12-30 11:40:00',0,3673,52),
(9057,'2024-12-29 12:15:00',0,3611,53),
(9058,'2024-12-29 14:40:00',0,3611,53),
(9059,'2024-12-29 17:30:00',0,3611,53),
(9060,'2024-12-29 19:50:00',0,3611,53),
(9061,'2024-12-29 16:40:00',0,3611,50),
(9062,'2024-12-30 00:00:00',0,3611,50),
(9063,'2024-12-30 15:10:00',0,3611,51),
(9064,'2024-12-30 12:00:00',0,3651,50),
(9065,'2024-12-30 21:00:00',0,3651,51),
(9066,'2024-12-30 21:30:00',0,3666,50),
(9067,'2024-12-30 11:45:00',0,3673,52),
(9068,'2024-12-30 22:10:00',0,3649,53),
(9069,'2024-12-30 10:00:00',0,3611,53),
(9070,'2024-12-30 14:40:00',0,3611,53),
(9071,'2024-12-30 17:30:00',0,3611,53),
(9072,'2024-12-30 19:50:00',0,3611,53),
(9073,'2024-12-30 09:00:00',0,3611,49),
(9074,'2024-12-30 11:20:00',0,3611,49),
(9075,'2024-12-30 16:10:00',0,3611,49),
(9076,'2024-12-30 18:30:00',0,3611,49),
(9077,'2024-12-30 20:50:00',0,3611,49),
(9078,'2024-12-30 23:10:00',0,3611,49),
(9079,'2024-12-30 12:00:00',0,3611,50),
(9080,'2024-12-30 16:50:00',0,3611,50),
(9081,'2024-12-31 00:00:00',0,3611,50),
(9082,'2024-12-31 15:30:00',0,3611,51),
(9083,'2024-12-31 12:20:00',0,3651,53),
(9084,'2024-12-31 21:30:00',0,3651,50),
(9085,'2024-12-31 17:50:00',0,3651,51),
(9086,'2024-12-31 23:35:00',0,3651,51),
(9087,'2024-12-31 09:20:00',0,3651,52),
(9088,'2024-12-31 14:00:00',0,3651,52),
(9089,'2024-12-31 18:40:00',0,3651,52),
(9090,'2024-12-31 23:30:00',0,3668,52),
(9091,'2024-12-31 09:40:00',0,3669,50),
(9092,'2024-12-31 21:10:00',0,3669,52),
(9093,'2024-12-31 14:20:00',0,3666,50),
(9094,'2024-12-31 19:10:00',0,3666,50),
(9095,'2024-12-31 10:30:00',0,3666,51),
(9096,'2024-12-31 13:00:00',0,3666,51),
(9097,'2024-12-31 21:00:00',0,3666,51),
(9098,'2024-12-31 16:20:00',0,3666,52),
(9099,'2024-12-31 20:05:00',0,3617,51),
(9100,'2024-12-31 11:45:00',0,3673,52),
(9101,'2024-12-27 13:25:00',0,3649,59),
(9102,'2024-12-28 20:30:00',0,3611,59),
(9103,'2024-12-28 15:50:00',0,3651,59),
(9104,'2024-12-28 18:10:00',0,3651,59),
(9105,'2024-12-28 22:50:00',0,3668,59),
(9106,'2024-12-29 13:50:00',0,3666,55),
(9107,'2024-12-29 18:45:00',0,3666,55),
(9108,'2024-12-28 14:00:00',0,3649,57),
(9109,'2024-12-29 18:20:00',0,3611,59),
(9110,'2024-12-29 20:45:00',0,3611,59),
(9111,'2024-12-29 23:05:00',0,3611,59),
(9112,'2024-12-29 15:00:00',0,3651,54),
(9113,'2024-12-29 16:25:00',0,3651,57),
(9114,'2024-12-29 18:45:00',0,3651,57),
(9115,'2024-12-29 23:15:00',0,3651,58),
(9116,'2024-12-29 23:10:00',0,3668,57),
(9117,'2024-12-29 21:00:00',0,3669,57),
(9118,'2024-12-29 09:00:00',0,3669,59),
(9119,'2024-12-29 11:20:00',0,3669,59),
(9120,'2024-12-29 13:30:00',0,3669,59),
(9121,'2024-12-29 10:20:00',0,3649,57),
(9122,'2024-12-29 12:45:00',0,3649,57),
(9123,'2024-12-29 18:10:00',0,3611,55),
(9124,'2024-12-29 20:30:00',0,3611,55),
(9125,'2024-12-29 22:50:00',0,3611,55),
(9126,'2024-12-30 00:00:00',0,3611,59),
(9127,'2024-12-30 09:15:00',0,3651,54),
(9128,'2024-12-30 11:30:00',0,3651,54),
(9129,'2024-12-30 18:20:00',0,3651,54),
(9130,'2024-12-30 15:50:00',0,3651,55),
(9131,'2024-12-30 19:50:00',0,3651,58),
(9132,'2024-12-30 22:05:00',0,3651,58),
(9133,'2024-12-30 22:45:00',0,3668,54),
(9134,'2024-12-30 20:35:00',0,3669,54),
(9135,'2024-12-30 11:20:00',0,3669,55),
(9136,'2024-12-30 13:30:00',0,3669,55),
(9137,'2024-12-30 09:00:00',0,3669,58),
(9138,'2024-12-30 11:10:00',0,3650,58),
(9139,'2024-12-30 17:25:00',0,3650,58),
(9140,'2024-12-30 13:45:00',0,3666,54),
(9141,'2024-12-30 16:00:00',0,3666,54),
(9142,'2024-12-30 09:05:00',0,3666,55),
(9143,'2024-12-30 13:50:00',0,3628,58),
(9144,'2024-12-30 15:40:00',0,3628,58),
(9145,'2024-12-30 14:45:00',0,3649,54),
(9146,'2024-12-30 17:20:00',0,3611,54),
(9147,'2024-12-30 19:40:00',0,3611,54),
(9148,'2024-12-30 22:00:00',0,3611,54),
(9149,'2024-12-30 10:50:00',0,3611,55),
(9150,'2024-12-30 13:10:00',0,3611,55),
(9151,'2024-12-30 15:30:00',0,3611,55),
(9152,'2024-12-30 17:50:00',0,3611,55),
(9153,'2024-12-30 20:10:00',0,3611,55),
(9154,'2024-12-30 22:30:00',0,3611,55),
(9155,'2024-12-30 09:40:00',0,3611,56),
(9156,'2024-12-30 12:00:00',0,3611,56),
(9157,'2024-12-30 14:20:00',0,3611,56),
(9158,'2024-12-30 16:40:00',0,3611,56),
(9159,'2024-12-30 19:00:00',0,3611,56),
(9160,'2024-12-30 21:20:00',0,3611,56),
(9161,'2024-12-30 23:40:00',0,3611,56),
(9162,'2024-12-30 09:00:00',0,3611,59),
(9163,'2024-12-30 11:20:00',0,3611,59),
(9164,'2024-12-30 13:40:00',0,3611,59),
(9165,'2024-12-30 16:00:00',0,3611,59),
(9166,'2024-12-30 18:20:00',0,3611,59),
(9167,'2024-12-30 20:40:00',0,3611,59),
(9168,'2024-12-30 23:00:00',0,3611,59),
(9169,'2024-12-30 20:30:00',0,3651,57),
(9170,'2024-12-30 22:45:00',0,3651,57),
(9171,'2024-12-30 09:30:00',0,3651,58),
(9172,'2024-12-30 11:45:00',0,3651,58),
(9173,'2024-12-30 14:00:00',0,3651,58),
(9174,'2024-12-30 16:20:00',0,3651,58),
(9175,'2024-12-30 18:40:00',0,3651,58),
(9176,'2024-12-30 23:10:00',0,3668,58),
(9177,'2024-12-30 10:20:00',0,3669,54),
(9178,'2024-12-30 12:30:00',0,3669,54),
(9179,'2024-12-30 16:05:00',0,3669,57),
(9180,'2024-12-30 21:00:00',0,3669,58),
(9181,'2024-12-30 11:25:00',0,3650,57),
(9182,'2024-12-30 09:10:00',0,3666,57),
(9183,'2024-12-30 13:50:00',0,3666,57),
(9184,'2024-12-30 18:15:00',0,3666,57),
(9185,'2024-12-31 21:10:00',0,3651,2),
(9186,'2024-12-31 23:30:00',0,3651,2),
(9187,'2024-12-31 08:50:00',0,3651,6),
(9188,'2024-12-31 11:05:00',0,3651,6),
(9189,'2024-12-31 13:20:00',0,3651,6),
(9190,'2024-12-31 15:35:00',0,3651,6),
(9191,'2024-12-31 17:50:00',0,3651,6),
(9192,'2025-01-01 11:00:00',0,3669,8),
(9193,'2025-01-01 15:25:00',0,3669,8),
(9194,'2025-01-01 08:40:00',0,3666,8),
(9195,'2025-01-01 13:10:00',0,3666,8),
(9196,'2025-01-01 20:45:00',0,3666,8),
(9197,'2024-12-31 10:20:00',0,3649,4),
(9198,'2024-12-31 12:45:00',0,3649,4),
(9199,'2025-01-01 09:30:00',0,3611,3),
(9200,'2025-01-01 11:50:00',0,3611,3),
(9201,'2025-01-01 14:10:00',0,3611,3),
(9202,'2025-01-01 16:30:00',0,3611,3),
(9203,'2025-01-01 18:50:00',0,3611,3),
(9204,'2025-01-01 21:10:00',0,3611,3),
(9205,'2025-01-01 23:30:00',0,3611,3),
(9206,'2025-01-01 13:30:00',0,3651,5),
(9207,'2025-01-01 15:50:00',0,3651,5),
(9208,'2025-01-01 18:10:00',0,3651,5),
(9209,'2025-01-01 20:25:00',0,3651,5),
(9210,'2025-01-01 22:40:00',0,3651,5),
(9211,'2025-01-02 11:05:00',0,3650,5),
(9212,'2025-01-02 10:15:00',0,3622,6),
(9213,'2025-01-02 12:30:00',0,3622,6),
(9214,'2025-01-02 14:45:00',1,3622,6),
(9215,'2025-01-02 17:00:00',1,3622,6),
(9216,'2025-01-02 19:15:00',1,3622,6),
(9217,'2025-01-02 21:30:00',0,3622,6),
(9218,'2025-01-02 23:45:00',0,3622,6),
(9219,'2025-01-02 08:50:00',0,3673,5),
(9220,'2025-01-01 08:40:00',0,3649,5),
(9221,'2025-01-01 13:45:00',0,3649,8),
(9222,'2025-01-01 19:20:00',0,3611,7),
(9223,'2025-01-02 00:00:00',0,3611,7),
(9224,'2025-01-02 09:00:00',0,3611,2),
(9225,'2025-01-02 11:20:00',0,3611,2),
(9226,'2025-01-02 13:40:00',0,3611,2),
(9227,'2025-01-02 16:00:00',0,3611,2),
(9228,'2025-01-02 18:20:00',0,3611,2),
(9229,'2025-01-02 20:40:00',0,3611,2),
(9230,'2025-01-02 23:00:00',0,3611,2),
(9231,'2025-01-02 09:30:00',0,3611,3),
(9232,'2025-01-02 11:50:00',0,3611,3),
(9233,'2025-01-02 14:10:00',0,3611,3),
(9234,'2025-01-02 16:30:00',0,3611,3),
(9235,'2025-01-02 18:50:00',0,3611,3),
(9236,'2025-01-02 21:10:00',0,3611,3),
(9237,'2025-01-02 23:30:00',0,3611,3),
(9238,'2025-01-02 09:10:00',0,3651,8),
(9239,'2025-01-02 18:30:00',0,3651,8),
(9240,'2025-01-02 20:45:00',0,3651,8),
(9241,'2025-01-02 23:00:00',0,3651,8),
(9242,'2025-01-02 10:00:00',0,3623,7),
(9243,'2025-01-02 17:00:00',0,3623,7),
(9244,'2025-01-02 21:40:00',0,3623,7),
(9245,'2025-01-02 16:15:00',0,3669,5),
(9246,'2025-01-02 11:05:00',0,3669,6),
(9247,'2025-01-02 13:15:00',0,3669,6),
(9248,'2025-01-02 12:10:00',0,3618,4),
(9249,'2025-01-02 19:45:00',0,3618,4),
(9250,'2025-01-02 22:40:00',0,3618,4),
(9251,'2025-01-02 09:50:00',0,3632,4),
(9252,'2025-01-02 15:05:00',0,3632,4),
(9253,'2025-01-02 17:25:00',0,3632,4),
(9254,'2025-01-02 11:25:00',0,3632,8),
(9255,'2025-01-02 16:10:00',0,3632,8),
(9256,'2025-01-02 20:45:00',0,3650,5),
(9257,'2025-01-02 08:50:00',0,3622,6),
(9258,'2025-01-02 15:25:00',0,3622,6),
(9259,'2025-01-02 17:40:00',0,3622,6),
(9260,'2025-01-02 19:55:00',0,3622,6),
(9261,'2025-01-02 22:10:00',0,3622,6),
(9262,'2025-01-03 00:25:00',0,3622,6),
(9263,'2025-01-03 14:35:00',0,3628,5),
(9264,'2025-01-03 18:25:00',0,3673,5),
(9265,'2025-01-02 12:20:00',0,3611,7),
(9266,'2025-01-02 14:40:00',0,3611,7),
(9267,'2025-01-02 19:20:00',0,3611,7),
(9268,'2025-01-03 00:00:00',0,3611,7),
(9269,'2025-01-03 09:00:00',0,3611,2),
(9270,'2025-01-03 11:20:00',0,3611,2),
(9271,'2025-01-03 13:40:00',0,3611,2),
(9272,'2025-01-03 16:00:00',0,3611,2),
(9273,'2025-01-03 18:20:00',0,3611,2),
(9274,'2025-01-03 20:40:00',0,3611,2),
(9275,'2025-01-03 23:00:00',0,3611,2),
(9276,'2025-01-03 09:10:00',0,3651,8),
(9277,'2025-01-03 10:00:00',0,3623,7),
(9278,'2025-01-03 17:00:00',0,3623,7),
(9279,'2025-01-03 21:40:00',0,3623,7),
(9280,'2025-01-03 12:10:00',0,3618,4),
(9281,'2025-01-03 09:50:00',0,3632,4),
(9282,'2025-01-03 08:50:00',0,3622,6),
(9283,'2025-01-03 12:20:00',0,3611,7),
(9284,'2025-01-08 09:10:00',0,3636,5),
(9285,'2025-01-08 11:25:00',0,3636,5),
(9286,'2025-01-08 13:40:00',0,3636,5),
(9287,'2025-01-08 15:55:00',0,3636,5),
(9288,'2025-01-08 18:10:00',0,3636,5),
(9289,'2025-01-09 09:10:00',0,3636,5),
(9290,'2025-01-09 15:55:00',0,3636,5),
(9291,'2025-01-09 18:10:00',0,3636,5),
(9292,'2025-01-10 11:25:00',0,3636,5),
(9293,'2025-01-10 15:55:00',0,3636,5),
(9294,'2025-01-11 11:25:00',0,3636,5),
(9295,'2025-01-12 11:25:00',0,3636,5),
(9296,'2024-12-29 16:40:00',0,3649,11),
(9297,'2024-12-29 22:40:00',0,3611,10),
(9298,'2024-12-29 19:30:00',0,3611,11),
(9299,'2024-12-29 22:00:00',0,3611,11),
(9300,'2024-12-31 12:05:00',0,3693,10),
(9301,'2024-12-31 12:05:00',0,3649,20),
(9302,'2024-12-31 13:50:00',0,3649,16),
(9303,'2024-12-31 14:55:00',0,3649,17),
(9304,'2024-12-31 09:20:00',0,3649,18),
(9305,'2024-12-31 08:25:00',0,3611,13),
(9306,'2024-12-31 10:45:00',0,3611,13),
(9307,'2024-12-31 13:05:00',0,3611,13),
(9308,'2024-12-31 15:25:00',0,3611,13),
(9309,'2024-12-31 17:45:00',0,3611,13),
(9310,'2024-12-31 20:05:00',0,3611,13),
(9311,'2024-12-31 22:25:00',0,3611,13),
(9312,'2024-12-31 10:10:00',0,3611,14),
(9313,'2024-12-31 12:30:00',0,3611,14),
(9314,'2024-12-31 14:50:00',0,3611,14),
(9315,'2024-12-31 17:10:00',0,3611,14),
(9316,'2024-12-31 19:30:00',0,3611,14),
(9317,'2024-12-31 21:50:00',0,3611,14),
(9318,'2025-01-01 00:10:00',0,3611,14),
(9319,'2025-01-01 08:30:00',0,3651,19),
(9320,'2025-01-01 10:45:00',0,3651,19),
(9321,'2025-01-01 13:00:00',0,3651,19),
(9322,'2025-01-01 15:15:00',0,3651,19),
(9323,'2025-01-01 17:30:00',0,3651,19),
(9324,'2025-01-01 19:45:00',0,3651,19),
(9325,'2025-01-01 22:00:00',0,3651,19),
(9326,'2025-01-02 00:15:00',0,3651,19),
(9327,'2025-01-02 20:45:00',0,3612,18),
(9328,'2025-01-02 12:40:00',0,3623,17),
(9329,'2025-01-02 19:35:00',0,3623,17),
(9330,'2025-01-02 16:15:00',0,3623,18),
(9331,'2025-01-02 18:30:00',0,3623,18),
(9332,'2025-01-02 23:10:00',0,3623,18),
(9333,'2025-01-02 16:15:00',0,3669,16),
(9334,'2025-01-02 11:50:00',0,3669,18),
(9335,'2025-01-02 17:20:00',0,3666,17),
(9336,'2025-01-02 14:00:00',0,3666,18),
(9337,'2025-01-02 09:10:00',0,3618,20),
(9338,'2025-01-02 14:30:00',0,3618,20),
(9339,'2025-01-02 17:25:00',0,3618,20),
(9340,'2025-01-02 20:20:00',0,3618,20),
(9341,'2025-01-02 23:15:00',0,3618,20),
(9342,'2025-01-02 09:30:00',0,3668,17),
(9343,'2025-01-02 18:45:00',0,3622,15),
(9344,'2025-01-02 21:00:00',0,3622,15),
(9345,'2025-01-02 23:15:00',0,3622,15),
(9346,'2025-01-03 00:05:00',0,3673,16),
(9347,'2025-01-03 08:50:00',0,3692,16),
(9348,'2025-01-03 21:50:00',0,3708,17),
(9349,'2025-01-03 13:10:00',0,3616,16),
(9350,'2025-01-03 20:40:00',0,3616,16),
(9351,'2025-01-01 08:50:00',0,3649,18),
(9352,'2025-01-01 11:15:00',0,3649,18),
(9353,'2025-01-01 08:25:00',0,3611,13),
(9354,'2025-01-01 10:45:00',0,3611,13),
(9355,'2025-01-01 13:05:00',0,3611,13),
(9356,'2025-01-01 15:25:00',0,3611,13),
(9357,'2025-01-01 17:45:00',0,3611,13),
(9358,'2025-01-01 20:05:00',0,3611,13),
(9359,'2025-01-01 22:25:00',0,3611,13),
(9360,'2025-01-01 10:10:00',0,3611,14),
(9361,'2025-01-01 12:30:00',0,3611,14),
(9362,'2025-01-01 14:50:00',0,3611,14),
(9363,'2025-01-01 17:10:00',0,3611,14),
(9364,'2025-01-01 19:30:00',0,3611,14),
(9365,'2025-01-01 21:50:00',0,3611,14),
(9366,'2025-01-02 00:10:00',0,3611,14),
(9367,'2025-01-02 09:00:00',0,3611,21),
(9368,'2025-01-02 11:20:00',0,3611,21),
(9369,'2025-01-02 13:40:00',0,3611,21),
(9370,'2025-01-02 16:00:00',0,3611,21),
(9371,'2025-01-02 18:20:00',0,3611,21),
(9372,'2025-01-02 20:40:00',0,3611,21),
(9373,'2025-01-02 23:00:00',0,3611,21),
(9374,'2025-01-02 08:45:00',0,3651,19),
(9375,'2025-01-02 14:20:00',0,3651,19),
(9376,'2025-01-02 16:35:00',0,3651,19),
(9377,'2025-01-02 18:50:00',0,3651,19),
(9378,'2025-01-02 21:05:00',0,3651,19),
(9379,'2025-01-02 23:20:00',0,3651,19),
(9380,'2025-01-02 21:50:00',0,3612,18),
(9381,'2025-01-02 21:00:00',0,3623,16),
(9382,'2025-01-02 23:15:00',0,3623,16),
(9383,'2025-01-02 19:35:00',0,3623,18),
(9384,'2025-01-03 00:15:00',0,3623,18),
(9385,'2025-01-03 09:15:00',0,3669,17),
(9386,'2025-01-03 13:45:00',0,3669,17),
(9387,'2025-01-03 14:15:00',0,3666,15),
(9388,'2025-01-03 11:25:00',0,3666,17),
(9389,'2025-01-03 15:55:00',0,3666,17),
(9390,'2025-01-03 19:20:00',1,3618,20),
(9391,'2025-01-03 22:20:00',1,3618,20),
(9392,'2025-01-03 10:00:00',1,3632,20),
(9393,'2025-01-03 12:20:00',1,3632,20),
(9394,'2025-01-03 14:40:00',1,3632,20),
(9395,'2025-01-03 17:00:00',0,3632,20),
(9396,'2025-01-03 11:00:00',0,3632,16),
(9397,'2025-01-03 16:30:00',0,3622,15),
(9398,'2025-01-03 18:45:00',0,3622,15),
(9399,'2025-01-03 21:45:00',1,3622,15),
(9400,'2025-01-04 00:00:00',0,3622,15),
(9401,'2025-01-04 11:00:00',1,3628,19),
(9402,'2025-01-04 12:40:00',1,3628,19),
(9403,'2025-01-04 08:40:00',0,3673,16),
(9404,'2025-01-04 18:00:00',0,3673,16),
(9405,'2025-01-04 21:00:00',0,3856,15),
(9406,'2025-01-04 20:15:00',0,3856,16),
(9407,'2025-01-02 09:05:00',1,3611,21),
(9408,'2025-01-02 11:25:00',1,3611,21),
(9409,'2025-01-02 13:45:00',1,3611,21),
(9410,'2025-01-02 16:05:00',1,3611,21),
(9411,'2025-01-02 18:25:00',1,3611,21),
(9412,'2025-01-02 20:45:00',1,3611,21),
(9413,'2025-01-02 23:05:00',1,3611,21),
(9414,'2025-01-02 16:30:00',0,3618,20),
(9415,'2025-01-02 19:25:00',0,3618,20),
(9416,'2025-01-02 22:20:00',0,3618,20),
(9417,'2025-01-02 09:30:00',0,3632,20),
(9418,'2025-01-02 11:50:00',0,3632,20),
(9419,'2025-01-02 14:10:00',0,3632,20),
(9420,'2025-01-08 09:50:00',0,3636,16),
(9421,'2025-01-08 12:05:00',0,3636,16),
(9422,'2025-01-08 14:20:00',0,3636,16),
(9423,'2025-01-08 16:35:00',0,3636,16),
(9424,'2025-01-09 12:05:00',0,3636,16),
(9425,'2025-01-09 14:20:00',0,3636,16),
(9426,'2025-01-09 16:35:00',0,3636,16),
(9427,'2025-01-10 12:05:00',0,3636,16),
(9428,'2025-01-10 16:35:00',0,3636,16),
(9429,'2025-01-11 09:50:00',0,3636,16),
(9430,'2025-01-12 09:50:00',0,3636,16),
(9431,'2024-12-28 12:40:00',0,3613,34),
(9432,'2024-12-30 22:00:00',0,3611,34),
(9433,'2024-12-30 22:40:00',0,3611,35),
(9434,'2024-12-31 12:15:00',0,3649,30),
(9435,'2024-12-31 10:30:00',0,3611,33),
(9436,'2024-12-31 12:50:00',0,3611,33),
(9437,'2024-12-31 15:10:00',0,3611,33),
(9438,'2024-12-31 17:30:00',0,3611,33),
(9439,'2024-12-31 19:50:00',0,3611,33),
(9440,'2024-12-31 22:10:00',0,3611,33),
(9441,'2024-12-31 09:00:00',0,3611,35),
(9442,'2024-12-31 11:20:00',0,3611,35),
(9443,'2024-12-31 13:40:00',0,3611,35),
(9444,'2024-12-31 16:00:00',0,3611,35),
(9445,'2024-12-31 18:20:00',0,3611,35),
(9446,'2024-12-31 20:40:00',0,3611,35),
(9447,'2024-12-31 23:00:00',0,3611,35),
(9448,'2024-12-31 10:40:00',0,3651,32),
(9449,'2024-12-31 13:00:00',0,3651,32),
(9450,'2024-12-31 15:20:00',0,3651,32),
(9451,'2024-12-31 17:40:00',0,3651,32),
(9452,'2024-12-31 20:00:00',0,3651,32),
(9453,'2024-12-31 22:20:00',0,3651,32),
(9454,'2024-12-31 10:00:00',0,3623,30),
(9455,'2024-12-31 16:50:00',0,3623,30),
(9456,'2024-12-31 21:30:00',0,3623,30),
(9457,'2024-12-31 14:40:00',0,3666,30),
(9458,'2024-12-31 19:10:00',0,3622,30),
(9459,'2024-12-31 23:45:00',0,3622,30),
(9460,'2024-12-31 09:10:00',0,3622,34),
(9461,'2024-12-31 11:25:00',0,3622,34),
(9462,'2024-12-31 13:40:00',0,3622,34),
(9463,'2024-12-31 15:55:00',0,3622,34),
(9464,'2024-12-31 18:10:00',0,3622,34),
(9465,'2024-12-31 20:25:00',0,3622,34),
(9466,'2024-12-31 22:40:00',0,3622,34),
(9467,'2025-01-01 16:40:00',0,3649,30),
(9468,'2025-01-01 09:00:00',0,3611,33),
(9469,'2025-01-01 11:20:00',0,3611,33),
(9470,'2025-01-01 13:40:00',0,3611,33),
(9471,'2025-01-01 16:00:00',0,3611,33),
(9472,'2025-01-01 18:20:00',0,3611,33),
(9473,'2025-01-01 20:40:00',0,3611,33),
(9474,'2025-01-01 23:00:00',0,3611,33),
(9475,'2025-01-01 10:40:00',0,3611,35),
(9476,'2025-01-01 13:00:00',0,3611,35),
(9477,'2025-01-01 15:20:00',0,3611,35),
(9478,'2025-01-01 17:40:00',0,3611,35),
(9479,'2025-01-01 20:00:00',0,3611,35),
(9480,'2025-01-01 22:20:00',0,3611,35),
(9481,'2025-01-01 10:30:00',0,3651,30),
(9482,'2025-01-01 14:25:00',0,3651,30),
(9483,'2025-01-01 18:30:00',0,3651,32),
(9484,'2025-01-01 20:50:00',0,3651,32),
(9485,'2025-01-01 23:10:00',0,3651,32),
(9486,'2025-01-01 19:10:00',0,3623,30),
(9487,'2025-01-01 21:30:00',0,3623,30),
(9488,'2025-01-01 23:50:00',0,3623,30),
(9489,'2025-01-01 11:45:00',0,3669,32),
(9490,'2025-01-01 13:50:00',0,3632,32),
(9491,'2025-01-01 16:10:00',0,3632,32),
(9492,'2025-01-01 09:50:00',0,3622,34),
(9493,'2025-01-01 12:15:00',0,3622,34),
(9494,'2025-01-01 14:30:00',0,3622,34),
(9495,'2025-01-01 16:55:00',0,3622,34),
(9496,'2025-01-01 19:10:00',0,3622,34),
(9497,'2025-01-01 21:25:00',0,3622,34),
(9498,'2025-01-01 23:40:00',0,3622,34),
(9499,'2025-01-01 12:45:00',0,3628,30),
(9500,'2025-01-01 10:00:00',0,3628,32),
(9501,'2025-01-02 12:50:00',0,3649,32),
(9502,'2025-01-02 22:00:00',0,3611,30),
(9503,'2025-01-02 09:40:00',0,3611,31),
(9504,'2025-01-02 12:00:00',0,3611,31),
(9505,'2025-01-02 14:20:00',0,3611,31),
(9506,'2025-01-02 16:40:00',0,3611,31),
(9507,'2025-01-02 19:00:00',0,3611,31),
(9508,'2025-01-02 21:20:00',0,3611,31),
(9509,'2025-01-02 10:40:00',0,3611,33),
(9510,'2025-01-02 13:00:00',0,3611,33),
(9511,'2025-01-02 15:20:00',0,3611,33),
(9512,'2025-01-02 17:40:00',0,3611,33),
(9513,'2025-01-02 20:00:00',0,3611,33),
(9514,'2025-01-02 22:40:00',0,3611,34),
(9515,'2025-01-02 10:30:00',0,3651,32),
(9516,'2025-01-02 15:30:00',0,3651,32),
(9517,'2025-01-02 17:50:00',0,3651,32),
(9518,'2025-01-02 20:10:00',0,3651,32),
(9519,'2025-01-02 22:30:00',0,3651,32),
(9520,'2025-01-02 16:50:00',0,3623,30),
(9521,'2025-01-02 12:10:00',0,3632,30),
(9522,'2025-01-02 14:30:00',0,3632,30),
(9523,'2025-01-02 22:20:00',0,3622,33),
(9524,'2025-01-02 09:10:00',0,3622,34),
(9525,'2025-01-02 11:25:00',0,3622,34),
(9526,'2025-01-02 13:40:00',0,3622,34),
(9527,'2025-01-02 15:55:00',0,3622,34),
(9528,'2025-01-02 18:10:00',0,3622,34),
(9529,'2025-01-02 20:25:00',0,3622,34),
(9530,'2025-01-02 10:20:00',0,3628,30),
(9531,'2024-12-31 13:40:00',0,3649,40),
(9532,'2024-12-31 09:00:00',0,3611,36),
(9533,'2024-12-31 11:20:00',0,3611,36),
(9534,'2024-12-31 13:40:00',0,3611,36),
(9535,'2024-12-31 16:00:00',0,3611,36),
(9536,'2024-12-31 18:20:00',0,3611,36),
(9537,'2024-12-31 20:40:00',0,3611,36),
(9538,'2024-12-31 23:00:00',0,3611,36),
(9539,'2024-12-31 09:30:00',0,3623,40),
(9540,'2024-12-31 18:20:00',0,3623,40),
(9541,'2024-12-31 20:35:00',0,3623,40),
(9542,'2024-12-31 16:05:00',0,3666,40),
(9543,'2024-12-31 09:05:00',0,3622,37),
(9544,'2024-12-31 11:20:00',0,3622,37),
(9545,'2024-12-31 13:35:00',0,3622,37),
(9546,'2024-12-31 15:50:00',0,3622,37),
(9547,'2024-12-31 18:05:00',0,3622,37),
(9548,'2024-12-31 20:20:00',0,3622,37),
(9549,'2024-12-31 22:35:00',0,3622,37),
(9550,'2024-12-31 11:45:00',0,3613,40),
(9551,'2024-12-31 14:50:00',0,3649,45),
(9552,'2024-12-31 10:00:00',0,3611,44),
(9553,'2024-12-31 12:20:00',0,3611,44),
(9554,'2024-12-31 14:40:00',0,3611,44),
(9555,'2024-12-31 17:00:00',0,3611,44),
(9556,'2024-12-31 19:20:00',0,3611,44),
(9557,'2024-12-31 21:40:00',0,3611,44),
(9558,'2024-12-31 09:00:00',0,3618,45),
(9559,'2024-12-31 11:55:00',0,3618,45),
(9560,'2024-12-31 17:15:00',0,3618,45),
(9561,'2024-12-31 20:10:00',0,3618,45),
(9562,'2024-12-31 23:05:00',0,3618,45),
(9563,'2024-12-31 09:10:00',0,3622,47),
(9564,'2024-12-31 13:40:00',0,3622,47),
(9565,'2024-12-31 18:10:00',0,3622,47),
(9566,'2024-12-31 20:25:00',0,3622,47),
(9567,'2024-12-31 22:40:00',0,3622,47),
(9568,'2025-01-01 09:00:00',0,3668,5),
(9569,'2025-01-01 14:35:00',0,3668,5),
(9570,'2025-01-01 17:35:00',0,3668,8),
(9571,'2025-01-02 14:35:00',0,3628,5),
(9572,'2025-01-03 20:45:00',0,3650,5),
(9573,'2024-12-30 21:40:00',0,3668,11),
(9574,'2024-12-31 12:25:00',0,3649,11),
(9575,'2024-12-31 09:50:00',0,3622,10),
(9576,'2024-12-31 14:10:00',0,3622,10),
(9577,'2025-01-01 12:40:00',0,3623,17),
(9578,'2025-01-01 19:35:00',0,3623,17),
(9579,'2025-01-01 16:15:00',0,3623,18),
(9580,'2025-01-01 18:30:00',0,3623,18),
(9581,'2025-01-01 23:10:00',0,3623,18),
(9582,'2025-01-03 08:45:00',1,3651,19),
(9583,'2025-01-03 14:20:00',1,3651,19),
(9584,'2025-01-03 16:35:00',1,3651,19),
(9585,'2025-01-03 18:50:00',1,3651,19),
(9586,'2025-01-03 21:05:00',1,3651,19),
(9587,'2025-01-03 23:20:00',1,3651,19),
(9588,'2025-01-03 21:50:00',1,3612,18),
(9589,'2025-01-03 11:00:00',0,3628,19),
(9590,'2025-01-03 12:40:00',0,3628,19),
(9591,'2024-12-29 15:10:00',0,3611,51),
(9592,'2024-12-29 12:00:00',0,3651,50),
(9593,'2024-12-29 14:00:00',0,3651,52),
(9594,'2024-12-29 18:40:00',0,3651,52),
(9595,'2024-12-29 21:10:00',0,3669,52),
(9596,'2024-12-29 23:25:00',0,3668,52),
(9597,'2024-12-29 14:20:00',0,3666,50),
(9598,'2024-12-29 19:00:00',0,3666,50),
(9599,'2024-12-29 21:30:00',0,3666,50),
(9600,'2024-12-29 16:20:00',0,3666,52),
(9601,'2024-12-30 15:30:00',0,3611,51),
(9602,'2024-12-30 12:20:00',0,3651,53),
(9603,'2024-12-30 17:50:00',0,3651,51),
(9604,'2024-12-30 09:40:00',0,3669,50),
(9605,'2024-12-30 23:15:00',0,3668,52),
(9606,'2024-12-30 19:10:00',0,3666,50),
(9607,'2024-12-30 10:30:00',0,3666,51),
(9608,'2024-12-30 13:00:00',0,3666,51),
(9609,'2024-12-30 20:05:00',0,3617,51),
(9610,'2024-12-31 10:20:00',0,3611,56),
(9611,'2024-12-31 12:40:00',0,3611,56),
(9612,'2024-12-31 15:00:00',0,3611,56),
(9613,'2024-12-31 17:20:00',0,3611,56),
(9614,'2024-12-31 19:40:00',0,3611,56),
(9615,'2024-12-31 22:00:00',0,3611,56),
(9616,'2025-01-01 00:20:00',0,3611,56),
(9617,'2025-01-01 09:00:00',0,3611,59),
(9618,'2025-01-01 11:20:00',0,3611,59),
(9619,'2025-01-01 13:40:00',0,3611,59),
(9620,'2025-01-01 16:00:00',0,3611,59),
(9621,'2025-01-01 18:20:00',0,3611,59),
(9622,'2025-01-01 20:40:00',0,3611,59),
(9623,'2025-01-01 23:00:00',0,3611,59),
(9624,'2025-01-01 18:25:00',0,3623,57),
(9625,'2025-01-01 20:50:00',0,3623,57),
(9626,'2025-01-01 13:50:00',0,3669,57),
(9627,'2025-01-01 23:10:00',0,3668,57),
(9628,'2025-01-01 11:35:00',0,3666,57),
(9629,'2025-01-01 16:05:00',0,3666,57),
(9630,'2025-01-01 09:30:00',0,3622,58),
(9631,'2025-01-01 11:45:00',0,3622,58),
(9632,'2025-01-01 14:00:00',0,3622,58),
(9633,'2025-01-01 16:15:00',0,3622,58),
(9634,'2025-01-01 18:30:00',0,3622,58),
(9635,'2025-01-01 20:45:00',0,3622,58),
(9636,'2025-01-01 23:05:00',0,3622,58),
(9637,'2025-01-01 09:10:00',0,3650,57),
(9638,'2025-01-01 14:15:00',0,3649,55),
(9639,'2025-01-01 18:10:00',0,3623,57),
(9640,'2025-01-01 20:25:00',0,3623,57),
(9641,'2025-01-01 09:45:00',0,3651,55),
(9642,'2025-01-01 11:45:00',0,3632,58),
(9643,'2025-01-01 14:05:00',0,3632,58),
(9644,'2025-01-01 09:15:00',0,3669,54),
(9645,'2025-01-01 13:45:00',0,3669,57),
(9646,'2025-01-01 22:40:00',0,3668,57),
(9647,'2025-01-01 11:30:00',0,3666,57),
(9648,'2025-01-01 15:55:00',0,3666,57),
(9649,'2025-01-01 11:25:00',0,3628,54),
(9650,'2025-01-01 13:05:00',0,3628,54),
(9651,'2025-01-01 12:00:00',0,3622,55),
(9652,'2025-01-01 09:05:00',0,3650,57),
(9653,'2025-01-02 09:00:00',0,3611,59),
(9654,'2025-01-02 11:20:00',0,3611,59),
(9655,'2025-01-02 13:40:00',0,3611,59),
(9656,'2025-01-02 16:00:00',0,3611,59),
(9657,'2025-01-02 18:20:00',0,3611,59),
(9658,'2025-01-02 20:40:00',0,3611,59),
(9659,'2025-01-02 23:00:00',0,3611,59),
(9660,'2025-01-02 09:30:00',0,3632,54),
(9661,'2025-01-02 14:05:00',0,3632,54),
(9662,'2025-01-02 18:05:00',0,3666,54),
(9663,'2025-01-02 16:25:00',0,3628,54),
(9664,'2025-01-02 11:40:00',0,3628,58),
(9665,'2025-01-02 11:50:00',0,3622,54),
(9666,'2025-01-02 09:20:00',1,3622,58),
(9667,'2025-01-02 13:20:00',1,3622,58),
(9668,'2025-01-02 15:35:00',1,3622,58),
(9669,'2025-01-02 17:50:00',1,3622,58),
(9670,'2025-01-02 20:05:00',1,3622,58),
(9671,'2025-01-02 22:20:00',0,3622,58),
(9672,'2024-12-31 10:00:00',0,3623,7),
(9673,'2024-12-31 17:00:00',0,3623,7),
(9674,'2024-12-31 21:40:00',0,3623,7),
(9675,'2024-12-31 23:10:00',0,3623,8),
(9676,'2025-01-01 08:30:00',0,3611,1),
(9677,'2025-01-01 10:50:00',0,3611,1),
(9678,'2025-01-01 13:10:00',0,3611,1),
(9679,'2025-01-01 20:00:00',0,3611,1),
(9680,'2025-01-01 15:30:00',0,3622,1),
(9681,'2025-01-01 17:45:00',0,3622,1),
(9682,'2025-01-01 22:20:00',0,3622,1),
(9683,'2025-01-01 09:00:00',0,3622,2),
(9684,'2025-01-01 10:15:00',0,3622,6),
(9685,'2025-01-01 12:30:00',0,3622,6),
(9686,'2025-01-01 14:45:00',0,3622,6),
(9687,'2025-01-01 17:00:00',0,3622,6),
(9688,'2025-01-01 19:15:00',0,3622,6),
(9689,'2025-01-01 21:30:00',0,3622,6),
(9690,'2025-01-01 23:45:00',0,3622,6),
(9691,'2025-01-01 20:45:00',0,3622,8),
(9692,'2025-01-01 09:50:00',0,3632,4),
(9693,'2025-01-01 15:05:00',0,3632,4),
(9694,'2025-01-01 17:25:00',0,3632,4),
(9695,'2025-01-01 11:25:00',0,3632,8),
(9696,'2025-01-01 16:10:00',0,3632,8),
(9697,'2025-01-03 16:15:00',0,3669,5),
(9698,'2025-01-03 11:05:00',0,3669,6),
(9699,'2025-01-03 13:15:00',0,3669,6),
(9700,'2025-01-03 19:45:00',0,3618,4),
(9701,'2025-01-03 22:40:00',0,3618,4),
(9702,'2024-12-31 10:10:00',0,3623,11),
(9703,'2024-12-31 17:00:00',0,3623,11),
(9704,'2024-12-31 19:15:00',0,3623,11),
(9705,'2024-12-31 15:10:00',0,3611,12),
(9706,'2024-12-31 17:30:00',0,3611,12),
(9707,'2024-12-31 19:50:00',0,3611,12),
(9708,'2024-12-31 22:10:00',0,3611,12),
(9709,'2024-12-31 16:25:00',0,3651,10),
(9710,'2024-12-31 21:30:00',0,3651,11),
(9711,'2024-12-31 10:35:00',0,3651,12),
(9712,'2024-12-31 18:40:00',0,3622,10),
(9713,'2024-12-31 20:55:00',0,3622,10),
(9714,'2024-12-31 14:50:00',0,3669,11),
(9715,'2024-12-31 12:55:00',0,3666,12),
(9716,'2025-01-01 13:35:00',0,3649,10),
(9717,'2025-01-01 10:05:00',0,3632,12),
(9718,'2025-01-01 16:50:00',0,3651,12),
(9719,'2025-01-01 19:05:00',0,3651,12),
(9720,'2025-01-01 21:20:00',0,3651,12),
(9721,'2025-01-01 09:40:00',0,3622,10),
(9722,'2025-01-01 16:00:00',0,3622,10),
(9723,'2025-01-01 18:15:00',0,3622,10),
(9724,'2025-01-01 20:30:00',0,3622,10),
(9725,'2025-01-01 11:55:00',0,3628,10),
(9726,'2025-01-01 14:35:00',0,3666,12),
(9727,'2025-01-02 09:30:00',0,3611,9),
(9728,'2025-01-02 11:50:00',0,3611,9),
(9729,'2025-01-02 14:10:00',0,3611,9),
(9730,'2025-01-02 16:30:00',0,3611,9),
(9731,'2025-01-02 18:50:00',0,3611,9),
(9732,'2025-01-02 21:10:00',0,3611,9),
(9733,'2025-01-03 09:30:00',0,3611,9),
(9734,'2025-01-03 11:50:00',0,3611,9),
(9735,'2025-01-03 14:10:00',0,3611,9),
(9736,'2025-01-03 16:30:00',0,3611,9),
(9737,'2025-01-03 18:50:00',0,3611,9),
(9738,'2025-01-03 21:10:00',0,3611,9),
(9739,'2025-01-04 09:30:00',0,3611,9),
(9740,'2025-01-04 11:50:00',0,3611,9),
(9741,'2025-01-04 14:10:00',0,3611,9),
(9742,'2025-01-04 16:30:00',0,3611,9),
(9743,'2025-01-04 18:50:00',0,3611,9),
(9744,'2025-01-04 21:10:00',0,3611,9),
(9745,'2025-01-05 09:30:00',0,3611,9),
(9746,'2025-01-05 11:50:00',0,3611,9),
(9747,'2025-01-05 14:10:00',0,3611,9),
(9748,'2025-01-05 16:30:00',0,3611,9),
(9749,'2025-01-05 18:50:00',0,3611,9),
(9750,'2025-01-05 21:10:00',0,3611,9),
(9751,'2024-12-31 12:40:00',0,3623,17),
(9752,'2024-12-31 19:35:00',0,3623,17),
(9753,'2024-12-31 23:10:00',0,3623,18),
(9754,'2025-01-02 08:40:00',0,3622,22),
(9755,'2025-01-02 10:55:00',0,3622,22),
(9756,'2025-01-02 13:10:00',0,3622,22),
(9757,'2025-01-02 15:25:00',0,3622,22),
(9758,'2025-01-02 17:40:00',0,3622,22),
(9759,'2025-01-02 19:55:00',0,3622,22),
(9760,'2025-01-02 22:10:00',0,3622,22),
(9761,'2025-01-03 00:25:00',0,3622,22),
(9762,'2025-01-03 09:30:00',0,3668,17),
(9763,'2025-01-03 16:15:00',0,3669,16),
(9764,'2025-01-03 11:50:00',0,3669,18),
(9765,'2025-01-03 09:10:00',0,3618,20),
(9766,'2025-01-03 14:30:00',0,3618,20),
(9767,'2025-01-03 17:25:00',1,3618,20),
(9768,'2025-01-03 20:20:00',0,3618,20),
(9769,'2025-01-03 23:15:00',1,3618,20),
(9770,'2025-01-03 17:20:00',0,3666,17),
(9771,'2025-01-03 14:00:00',0,3666,18),
(9772,'2025-01-04 00:05:00',0,3673,16),
(9773,'2025-01-04 08:50:00',0,3692,16),
(9774,'2025-01-04 21:50:00',0,3708,17),
(9775,'2025-01-04 13:10:00',0,3616,16),
(9776,'2025-01-04 20:40:00',0,3616,16),
(9777,'2025-01-01 21:00:00',0,3623,16),
(9778,'2025-01-01 23:15:00',0,3623,16),
(9779,'2025-01-01 19:35:00',0,3623,18),
(9780,'2025-01-02 00:15:00',0,3623,18),
(9781,'2025-01-02 08:50:00',0,3649,18),
(9782,'2025-01-02 11:15:00',0,3649,18),
(9783,'2025-01-02 10:00:00',0,3632,20),
(9784,'2025-01-02 12:20:00',0,3632,20),
(9785,'2025-01-02 14:40:00',0,3632,20),
(9786,'2025-01-02 17:00:00',0,3632,20),
(9787,'2025-01-02 11:00:00',0,3632,16),
(9788,'2025-01-02 13:20:00',0,3632,16),
(9789,'2025-01-02 15:40:00',0,3632,16),
(9790,'2025-01-02 08:25:00',0,3611,13),
(9791,'2025-01-02 10:45:00',0,3611,13),
(9792,'2025-01-02 13:05:00',0,3611,13),
(9793,'2025-01-02 15:25:00',0,3611,13),
(9794,'2025-01-02 17:45:00',0,3611,13),
(9795,'2025-01-02 20:05:00',0,3611,13),
(9796,'2025-01-02 22:25:00',0,3611,13),
(9797,'2025-01-02 10:10:00',0,3611,14),
(9798,'2025-01-02 12:30:00',0,3611,14),
(9799,'2025-01-02 14:50:00',0,3611,14),
(9800,'2025-01-02 17:10:00',0,3611,14),
(9801,'2025-01-02 19:30:00',0,3611,14),
(9802,'2025-01-02 21:50:00',0,3611,14),
(9803,'2025-01-03 00:10:00',0,3611,14),
(9804,'2025-01-03 09:00:00',1,3611,21),
(9805,'2025-01-03 11:20:00',1,3611,21),
(9806,'2025-01-03 13:40:00',1,3611,21),
(9807,'2025-01-03 16:00:00',1,3611,21),
(9808,'2025-01-03 18:20:00',1,3611,21),
(9809,'2025-01-03 20:40:00',1,3611,21),
(9810,'2025-01-03 23:00:00',1,3611,21),
(9811,'2025-01-04 09:15:00',0,3669,17),
(9812,'2025-01-04 13:45:00',0,3669,17),
(9813,'2025-01-04 19:20:00',1,3618,20),
(9814,'2025-01-04 22:20:00',1,3618,20),
(9815,'2025-01-04 14:15:00',0,3666,15),
(9816,'2025-01-04 11:25:00',1,3666,17),
(9817,'2025-01-04 15:55:00',1,3666,17),
(9818,'2024-12-31 19:05:00',0,3623,27),
(9819,'2024-12-31 21:20:00',0,3623,27),
(9820,'2024-12-31 23:35:00',0,3623,27),
(9821,'2024-12-31 11:10:00',0,3623,28),
(9822,'2024-12-31 22:20:00',0,3649,26),
(9823,'2024-12-31 10:40:00',0,3611,25),
(9824,'2024-12-31 13:00:00',0,3611,25),
(9825,'2024-12-31 15:20:00',0,3611,25),
(9826,'2024-12-31 17:40:00',0,3611,25),
(9827,'2024-12-31 11:30:00',0,3611,29),
(9828,'2024-12-31 14:00:00',0,3611,29),
(9829,'2024-12-31 16:20:00',0,3611,29),
(9830,'2024-12-31 18:40:00',0,3611,29),
(9831,'2024-12-31 21:00:00',0,3611,29),
(9832,'2024-12-31 23:20:00',0,3611,29),
(9833,'2024-12-31 09:40:00',0,3651,24),
(9834,'2024-12-31 11:55:00',0,3651,24),
(9835,'2024-12-31 14:10:00',0,3651,24),
(9836,'2024-12-31 16:40:00',0,3651,24),
(9837,'2024-12-31 22:00:00',0,3651,24),
(9838,'2024-12-31 19:50:00',0,3651,26),
(9839,'2024-12-31 09:30:00',0,3612,23),
(9840,'2024-12-31 14:05:00',0,3612,23),
(9841,'2024-12-31 23:15:00',0,3612,23),
(9842,'2024-12-31 20:00:00',0,3622,25),
(9843,'2024-12-31 22:15:00',0,3622,25),
(9844,'2024-12-31 10:00:00',0,3622,27),
(9845,'2024-12-31 12:15:00',0,3622,27),
(9846,'2024-12-31 14:30:00',0,3622,27),
(9847,'2024-12-31 16:45:00',0,3622,27),
(9848,'2024-12-31 22:55:00',0,3669,28),
(9849,'2024-12-31 15:15:00',0,3666,26),
(9850,'2024-12-31 13:30:00',0,3666,28),
(9851,'2024-12-31 18:00:00',0,3667,23),
(9852,'2024-12-31 12:25:00',0,3667,26),
(9853,'2024-12-31 10:10:00',0,3673,26),
(9854,'2024-12-31 17:30:00',0,3673,26),
(9855,'2024-12-31 12:00:00',0,3682,23),
(9856,'2024-12-31 20:50:00',0,3724,23),
(9857,'2024-12-31 20:20:00',0,3658,28),
(9858,'2024-12-31 15:45:00',0,3603,28),
(9859,'2024-12-31 18:20:00',0,3661,28),
(9860,'2024-12-31 16:30:00',0,3609,23),
(9861,'2025-01-01 15:10:00',0,3623,28),
(9862,'2025-01-01 17:25:00',0,3623,28),
(9863,'2025-01-01 22:10:00',0,3623,28),
(9864,'2025-01-01 11:45:00',0,3632,24),
(9865,'2025-01-01 16:20:00',0,3632,24),
(9866,'2025-01-01 10:40:00',0,3611,25),
(9867,'2025-01-01 13:00:00',0,3611,25),
(9868,'2025-01-01 15:20:00',0,3611,25),
(9869,'2025-01-01 17:40:00',0,3611,25),
(9870,'2025-01-01 09:30:00',0,3651,24),
(9871,'2025-01-01 20:55:00',0,3651,24),
(9872,'2025-01-01 23:10:00',0,3651,24),
(9873,'2025-01-01 15:45:00',0,3651,26),
(9874,'2025-01-01 18:00:00',0,3651,26),
(9875,'2025-01-01 11:50:00',0,3612,23),
(9876,'2025-01-01 17:05:00',0,3612,23),
(9877,'2025-01-01 23:20:00',0,3612,26),
(9878,'2025-01-01 19:40:00',0,3612,28),
(9879,'2025-01-01 20:00:00',0,3622,25),
(9880,'2025-01-01 22:30:00',0,3622,25),
(9881,'2025-01-01 10:00:00',0,3622,27),
(9882,'2025-01-01 12:15:00',0,3622,27),
(9883,'2025-01-01 14:30:00',0,3622,27),
(9884,'2025-01-01 16:45:00',0,3622,27),
(9885,'2025-01-01 11:00:00',0,3628,28),
(9886,'2025-01-01 14:05:00',0,3666,24),
(9887,'2025-01-01 10:05:00',0,3666,26),
(9888,'2025-01-01 14:15:00',0,3667,23),
(9889,'2025-01-01 19:00:00',0,3667,27),
(9890,'2025-01-01 21:50:00',0,3667,27),
(9891,'2025-01-01 18:40:00',0,3673,24),
(9892,'2025-01-01 12:55:00',0,3673,28),
(9893,'2025-01-01 19:30:00',0,3957,23),
(9894,'2025-01-01 09:35:00',0,3633,23),
(9895,'2025-01-02 10:40:00',0,3611,25),
(9896,'2025-01-02 13:00:00',0,3611,25),
(9897,'2025-01-02 15:20:00',0,3611,25),
(9898,'2025-01-02 17:40:00',0,3611,25),
(9899,'2025-01-02 12:40:00',0,3612,23),
(9900,'2025-01-02 18:00:00',0,3612,23),
(9901,'2025-01-02 21:00:00',0,3612,26),
(9902,'2025-01-02 23:25:00',0,3612,26),
(9903,'2025-01-02 20:00:00',0,3622,25),
(9904,'2025-01-02 22:30:00',0,3622,25),
(9905,'2025-01-02 10:00:00',0,3622,27),
(9906,'2025-01-02 12:15:00',0,3622,27),
(9907,'2025-01-02 14:30:00',0,3622,27),
(9908,'2025-01-02 16:45:00',0,3622,27),
(9909,'2025-01-02 10:05:00',0,3666,26),
(9910,'2025-01-02 15:40:00',0,3666,26),
(9911,'2025-01-02 15:10:00',0,3667,23),
(9912,'2025-01-02 19:00:00',0,3667,27),
(9913,'2025-01-02 21:50:00',0,3667,27),
(9914,'2025-01-02 09:35:00',0,3855,23),
(9915,'2025-01-02 19:30:00',0,3673,28),
(9916,'2025-01-02 23:30:00',0,3682,23),
(9917,'2025-01-02 20:25:00',0,3957,23),
(9918,'2025-01-02 21:15:00',0,3633,23),
(9919,'2024-12-31 10:30:00',0,3649,38),
(9920,'2024-12-31 15:25:00',0,3649,38),
(9921,'2024-12-31 12:25:00',0,3649,39),
(9922,'2024-12-31 22:35:00',0,3611,37),
(9923,'2024-12-31 17:45:00',0,3611,38),
(9924,'2024-12-31 20:05:00',0,3611,38),
(9925,'2024-12-31 10:05:00',0,3611,39),
(9926,'2024-12-31 14:50:00',0,3611,39),
(9927,'2024-12-31 17:10:00',0,3611,39),
(9928,'2024-12-31 19:30:00',0,3611,39),
(9929,'2024-12-31 21:50:00',0,3611,39),
(9930,'2025-01-01 00:10:00',0,3611,39),
(9931,'2025-01-01 09:40:00',0,3651,41),
(9932,'2025-01-01 14:25:00',0,3651,41),
(9933,'2025-01-01 16:40:00',0,3651,41),
(9934,'2025-01-01 18:55:00',0,3651,41),
(9935,'2025-01-01 21:10:00',0,3651,41),
(9936,'2025-01-01 23:25:00',0,3651,41),
(9937,'2025-01-01 09:05:00',0,3622,37),
(9938,'2025-01-01 11:20:00',0,3622,37),
(9939,'2025-01-01 13:35:00',0,3622,37),
(9940,'2025-01-01 15:50:00',0,3622,37),
(9941,'2025-01-01 18:05:00',0,3622,37),
(9942,'2025-01-01 20:20:00',0,3622,37),
(9943,'2025-01-01 22:50:00',0,3622,40),
(9944,'2025-01-01 22:25:00',0,3668,38),
(9945,'2025-01-01 13:00:00',0,3669,38),
(9946,'2025-01-01 16:05:00',0,3666,40),
(9947,'2025-01-01 11:45:00',0,3613,40),
(9948,'2025-01-01 12:00:00',0,3650,41),
(9949,'2025-01-01 09:30:00',0,3623,40),
(9950,'2025-01-01 18:15:00',0,3623,40),
(9951,'2025-01-01 20:30:00',0,3623,40),
(9952,'2025-01-01 22:45:00',0,3623,40),
(9953,'2025-01-01 13:25:00',0,3649,40),
(9954,'2025-01-01 15:50:00',0,3649,40),
(9955,'2025-01-01 10:30:00',0,3611,38),
(9956,'2025-01-01 17:25:00',0,3611,38),
(9957,'2025-01-01 19:45:00',0,3611,38),
(9958,'2025-01-01 22:05:00',0,3611,38),
(9959,'2025-01-01 09:50:00',0,3651,41),
(9960,'2025-01-01 16:45:00',0,3651,41),
(9961,'2025-01-01 10:45:00',0,3622,37),
(9962,'2025-01-01 13:00:00',0,3622,37),
(9963,'2025-01-01 15:15:00',0,3622,37),
(9964,'2025-01-01 17:30:00',0,3622,37),
(9965,'2025-01-01 19:45:00',0,3622,37),
(9966,'2025-01-01 22:00:00',0,3622,37),
(9967,'2025-01-01 21:05:00',0,3668,41),
(9968,'2025-01-01 11:45:00',0,3628,40),
(9969,'2025-01-01 15:10:00',0,3669,38),
(9970,'2025-01-01 12:50:00',0,3666,38),
(9971,'2025-01-02 10:00:00',0,3611,36),
(9972,'2025-01-02 12:20:00',0,3611,36),
(9973,'2025-01-02 14:40:00',0,3611,36),
(9974,'2025-01-02 17:00:00',0,3611,36),
(9975,'2025-01-02 19:20:00',0,3611,36),
(9976,'2025-01-02 21:40:00',0,3611,36),
(9977,'2025-01-03 10:00:00',0,3611,36),
(9978,'2025-01-03 12:20:00',0,3611,36),
(9979,'2025-01-03 14:40:00',0,3611,36),
(9980,'2025-01-03 17:00:00',0,3611,36),
(9981,'2025-01-03 19:20:00',0,3611,36),
(9982,'2025-01-03 21:40:00',0,3611,36),
(9983,'2025-01-04 10:00:00',0,3611,36),
(9984,'2025-01-04 12:20:00',0,3611,36),
(9985,'2025-01-04 14:40:00',0,3611,36),
(9986,'2025-01-04 17:00:00',0,3611,36),
(9987,'2025-01-04 19:20:00',0,3611,36),
(9988,'2025-01-04 21:40:00',0,3611,36),
(9989,'2024-12-31 17:35:00',0,3623,42),
(9990,'2024-12-31 09:40:00',0,3623,43),
(9991,'2024-12-31 22:00:00',0,3623,43),
(9992,'2024-12-31 12:50:00',0,3649,42),
(9993,'2024-12-31 10:30:00',0,3611,42),
(9994,'2024-12-31 15:15:00',0,3611,42),
(9995,'2024-12-31 19:50:00',0,3611,42),
(9996,'2024-12-31 22:10:00',0,3611,42),
(9997,'2024-12-31 19:45:00',0,3651,43),
(9998,'2024-12-31 11:25:00',0,3651,47),
(9999,'2024-12-31 15:55:00',0,3651,47),
(10000,'2024-12-31 16:35:00',0,3668,43),
(10001,'2024-12-31 14:20:00',0,3669,43),
(10002,'2024-12-31 12:00:00',0,3666,43),
(10003,'2025-01-01 10:00:00',0,3623,42),
(10004,'2025-01-01 14:35:00',0,3649,42),
(10005,'2025-01-01 16:40:00',0,3632,45),
(10006,'2025-01-01 12:20:00',0,3632,42),
(10007,'2025-01-01 09:30:00',0,3611,44),
(10008,'2025-01-01 11:50:00',0,3611,44),
(10009,'2025-01-01 14:10:00',0,3611,44),
(10010,'2025-01-01 16:30:00',0,3611,44),
(10011,'2025-01-01 18:50:00',0,3611,44),
(10012,'2025-01-01 21:10:00',0,3611,44),
(10013,'2025-01-01 23:30:00',0,3611,44),
(10014,'2025-01-01 15:35:00',0,3651,43),
(10015,'2025-01-01 09:40:00',0,3622,43),
(10016,'2025-01-01 13:25:00',0,3622,43),
(10017,'2025-01-01 17:45:00',0,3622,43),
(10018,'2025-01-01 19:55:00',0,3622,43),
(10019,'2025-01-01 22:05:00',0,3622,43),
(10020,'2025-01-01 11:50:00',0,3628,43),
(10021,'2025-01-01 19:00:00',0,3618,45),
(10022,'2025-01-01 21:55:00',0,3618,45),
(10023,'2025-01-02 09:30:00',0,3632,45),
(10024,'2025-01-02 17:00:00',0,3632,45),
(10025,'2025-01-02 19:15:00',0,3632,45),
(10026,'2025-01-02 14:45:00',0,3632,45),
(10027,'2025-01-02 09:20:00',0,3611,46),
(10028,'2025-01-02 11:40:00',0,3611,46),
(10029,'2025-01-02 14:00:00',0,3611,46),
(10030,'2025-01-02 16:20:00',0,3611,46),
(10031,'2025-01-02 18:40:00',0,3611,46),
(10032,'2025-01-02 21:00:00',0,3611,46),
(10033,'2025-01-02 09:00:00',0,3611,48),
(10034,'2025-01-02 11:20:00',0,3611,48),
(10035,'2025-01-02 13:40:00',0,3611,48),
(10036,'2025-01-02 16:00:00',0,3611,48),
(10037,'2025-01-02 18:20:00',0,3611,48),
(10038,'2025-01-02 20:40:00',0,3611,48),
(10039,'2025-01-02 23:00:00',0,3611,48),
(10040,'2025-01-02 11:50:00',0,3618,45),
(10041,'2025-01-02 21:30:00',0,3618,45),
(10042,'2025-01-03 09:30:00',0,3632,45),
(10043,'2025-01-03 17:00:00',0,3632,45),
(10044,'2025-01-03 19:15:00',0,3632,45),
(10045,'2025-01-03 14:45:00',0,3632,45),
(10046,'2025-01-03 09:20:00',0,3611,46),
(10047,'2025-01-03 11:40:00',0,3611,46),
(10048,'2025-01-03 14:00:00',0,3611,46),
(10049,'2025-01-03 16:20:00',0,3611,46),
(10050,'2025-01-03 18:40:00',0,3611,46),
(10051,'2025-01-03 21:00:00',0,3611,46),
(10052,'2025-01-03 09:00:00',0,3611,48),
(10053,'2025-01-03 11:20:00',0,3611,48),
(10054,'2025-01-03 13:40:00',0,3611,48),
(10055,'2025-01-03 16:00:00',0,3611,48),
(10056,'2025-01-03 18:20:00',0,3611,48),
(10057,'2025-01-03 20:40:00',0,3611,48),
(10058,'2025-01-03 23:00:00',0,3611,48),
(10059,'2025-01-03 11:50:00',0,3618,45),
(10060,'2025-01-03 21:30:00',0,3618,45),
(10061,'2025-01-04 09:30:00',0,3632,45),
(10062,'2025-01-04 14:45:00',0,3632,45),
(10063,'2025-01-04 09:20:00',0,3611,46),
(10064,'2025-01-04 11:40:00',0,3611,46),
(10065,'2025-01-04 14:00:00',0,3611,46),
(10066,'2025-01-04 16:20:00',0,3611,46),
(10067,'2025-01-04 18:40:00',0,3611,46),
(10068,'2025-01-04 21:00:00',0,3611,46),
(10069,'2025-01-04 09:00:00',0,3611,48),
(10070,'2025-01-04 11:20:00',0,3611,48),
(10071,'2025-01-04 13:40:00',0,3611,48),
(10072,'2025-01-04 16:00:00',0,3611,48),
(10073,'2025-01-04 18:20:00',0,3611,48),
(10074,'2025-01-04 20:40:00',0,3611,48),
(10075,'2025-01-04 23:00:00',0,3611,48),
(10076,'2025-01-04 11:50:00',0,3618,45),
(10077,'2025-01-05 09:30:00',0,3632,45),
(10078,'2025-01-05 14:45:00',0,3632,45),
(10079,'2025-01-05 09:20:00',0,3611,46),
(10080,'2025-01-05 11:40:00',0,3611,46),
(10081,'2025-01-05 14:00:00',0,3611,46),
(10082,'2025-01-05 16:20:00',0,3611,46),
(10083,'2025-01-05 18:40:00',0,3611,46),
(10084,'2025-01-05 21:00:00',0,3611,46),
(10085,'2025-01-05 09:00:00',0,3611,48),
(10086,'2025-01-05 11:20:00',0,3611,48),
(10087,'2025-01-05 13:40:00',0,3611,48),
(10088,'2025-01-05 16:00:00',0,3611,48),
(10089,'2025-01-05 18:20:00',0,3611,48),
(10090,'2025-01-05 20:40:00',0,3611,48),
(10091,'2025-01-05 23:00:00',0,3611,48),
(10092,'2025-01-05 11:50:00',0,3618,45),
(10093,'2024-12-31 20:00:00',0,3623,51),
(10094,'2024-12-31 22:15:00',0,3623,51),
(10095,'2024-12-31 09:20:00',0,3623,52),
(10096,'2024-12-31 10:00:00',0,3611,53),
(10097,'2024-12-31 14:40:00',0,3611,53),
(10098,'2024-12-31 17:30:00',0,3611,53),
(10099,'2024-12-31 19:50:00',0,3611,53),
(10100,'2024-12-31 09:00:00',0,3611,49),
(10101,'2024-12-31 11:20:00',0,3611,49),
(10102,'2024-12-31 13:40:00',0,3611,49),
(10103,'2024-12-31 16:00:00',0,3611,49),
(10104,'2024-12-31 18:20:00',0,3611,49),
(10105,'2024-12-31 20:40:00',0,3611,49),
(10106,'2024-12-31 23:00:00',0,3611,49),
(10107,'2024-12-31 12:00:00',0,3611,50),
(10108,'2024-12-31 16:50:00',0,3611,50),
(10109,'2024-12-31 17:45:00',0,3651,51),
(10110,'2024-12-31 14:05:00',0,3651,52),
(10111,'2024-12-31 21:00:00',0,3651,52),
(10112,'2024-12-31 23:20:00',0,3651,52),
(10113,'2024-12-31 12:20:00',0,3622,53),
(10114,'2024-12-31 09:40:00',0,3622,50),
(10115,'2024-12-31 14:20:00',0,3622,50),
(10116,'2024-12-31 21:25:00',0,3622,50),
(10117,'2024-12-31 23:40:00',0,3622,50),
(10118,'2024-12-31 18:45:00',0,3622,52),
(10119,'2024-12-31 22:10:00',0,3669,53),
(10120,'2024-12-31 15:30:00',0,3666,51),
(10121,'2024-12-31 11:50:00',0,3673,52),
(10122,'2024-12-31 16:25:00',0,3673,52),
(10123,'2025-01-01 19:35:00',0,3623,51),
(10124,'2025-01-01 21:50:00',0,3623,51),
(10125,'2025-01-01 10:00:00',0,3623,52),
(10126,'2025-01-01 17:15:00',0,3632,51),
(10127,'2025-01-01 10:10:00',0,3611,53),
(10128,'2025-01-01 14:45:00',0,3611,53),
(10129,'2025-01-01 17:05:00',0,3611,53),
(10130,'2025-01-01 19:25:00',0,3611,53),
(10131,'2025-01-01 11:00:00',0,3611,49),
(10132,'2025-01-01 13:50:00',0,3611,49),
(10133,'2025-01-01 16:10:00',0,3611,49),
(10134,'2025-01-01 18:30:00',0,3611,49),
(10135,'2025-01-01 20:50:00',0,3611,49),
(10136,'2025-01-01 23:10:00',0,3611,49),
(10137,'2025-01-01 12:30:00',0,3651,53),
(10138,'2025-01-01 14:30:00',0,3651,52),
(10139,'2025-01-01 21:15:00',0,3651,52),
(10140,'2025-01-01 23:30:00',0,3651,52),
(10141,'2025-01-01 10:50:00',0,3622,50),
(10142,'2025-01-01 19:00:00',0,3622,52),
(10143,'2025-01-01 21:45:00',0,3669,53),
(10144,'2025-01-01 10:30:00',0,3666,51),
(10145,'2025-01-01 12:45:00',0,3666,51),
(10146,'2025-01-01 12:15:00',0,3673,52),
(10147,'2025-01-01 16:45:00',0,3673,52),
(10148,'2025-01-02 19:40:00',0,3623,51),
(10149,'2025-01-02 22:00:00',0,3623,51),
(10150,'2025-01-02 10:00:00',0,3623,52),
(10151,'2025-01-02 17:20:00',0,3632,51),
(10152,'2025-01-02 10:10:00',0,3611,53),
(10153,'2025-01-02 14:50:00',0,3611,53),
(10154,'2025-01-02 17:10:00',0,3611,53),
(10155,'2025-01-02 19:30:00',0,3611,53),
(10156,'2025-01-02 11:00:00',0,3611,49),
(10157,'2025-01-02 13:45:00',0,3611,49),
(10158,'2025-01-02 16:05:00',0,3611,49),
(10159,'2025-01-02 18:25:00',0,3611,49),
(10160,'2025-01-02 20:45:00',0,3611,49),
(10161,'2025-01-02 23:05:00',0,3611,49),
(10162,'2025-01-02 13:10:00',0,3611,50),
(10163,'2025-01-02 12:30:00',0,3651,53),
(10164,'2025-01-02 21:50:00',0,3651,53),
(10165,'2025-01-02 14:30:00',0,3651,52),
(10166,'2025-01-02 10:50:00',0,3622,50),
(10167,'2025-01-02 15:30:00',0,3622,50),
(10168,'2025-01-02 19:00:00',0,3622,52),
(10169,'2025-01-02 21:15:00',0,3669,52),
(10170,'2025-01-02 10:30:00',0,3666,51),
(10171,'2025-01-02 12:45:00',0,3666,51),
(10172,'2025-01-02 15:00:00',0,3666,51),
(10173,'2025-01-02 12:15:00',0,3673,52),
(10174,'2025-01-02 16:45:00',0,3673,52),
(10175,'2025-01-01 00:05:00',0,3623,54),
(10176,'2025-01-01 09:40:00',0,3649,54),
(10177,'2025-01-01 12:10:00',0,3649,54),
(10178,'2025-01-01 21:40:00',0,3649,54),
(10179,'2025-01-01 14:05:00',0,3649,55),
(10180,'2025-01-01 16:30:00',0,3649,55),
(10181,'2025-01-01 19:00:00',0,3611,55),
(10182,'2025-01-01 10:20:00',0,3611,56),
(10183,'2025-01-01 12:40:00',0,3611,56),
(10184,'2025-01-01 15:00:00',0,3611,56),
(10185,'2025-01-01 17:20:00',0,3611,56),
(10186,'2025-01-01 19:40:00',0,3611,56),
(10187,'2025-01-01 22:00:00',0,3611,56),
(10188,'2025-01-02 00:20:00',0,3611,56),
(10189,'2025-01-02 14:40:00',0,3651,54),
(10190,'2025-01-02 17:00:00',0,3651,54),
(10191,'2025-01-02 19:20:00',0,3651,54),
(10192,'2025-01-02 09:35:00',1,3651,55),
(10193,'2025-01-02 11:50:00',0,3651,55),
(10194,'2025-01-02 21:20:00',0,3651,55),
(10195,'2025-01-02 23:35:00',0,3651,55),
(10196,'2025-01-02 09:30:00',0,3622,58),
(10197,'2025-01-02 11:45:00',0,3622,58),
(10198,'2025-01-02 14:00:00',0,3622,58),
(10199,'2025-01-02 16:15:00',0,3622,58),
(10200,'2025-01-02 18:30:00',0,3622,58),
(10201,'2025-01-02 20:45:00',0,3622,58),
(10202,'2025-01-02 23:05:00',0,3622,58),
(10203,'2025-01-02 23:10:00',0,3668,57),
(10204,'2025-01-02 13:50:00',0,3669,57),
(10205,'2025-01-02 11:35:00',0,3666,57),
(10206,'2025-01-02 16:05:00',0,3666,57),
(10207,'2025-01-02 09:10:00',0,3650,57),
(10208,'2025-01-01 23:10:00',0,3623,5),
(10209,'2025-01-01 11:55:00',0,3649,1),
(10210,'2025-01-02 08:45:00',0,3668,1),
(10211,'2025-01-02 14:20:00',0,3622,1),
(10212,'2025-01-02 16:35:00',0,3622,1),
(10213,'2025-01-02 18:50:00',0,3622,1),
(10214,'2025-01-02 21:05:00',0,3622,1),
(10215,'2025-01-02 23:20:00',0,3622,1),
(10216,'2025-01-03 11:10:00',0,3628,5),
(10217,'2025-01-03 12:50:00',0,3628,5),
(10218,'2025-01-04 09:50:00',0,3623,7),
(10219,'2025-01-04 14:40:00',0,3611,7),
(10220,'2025-01-04 09:00:00',0,3611,2),
(10221,'2025-01-04 11:20:00',0,3611,2),
(10222,'2025-01-04 13:40:00',0,3611,2),
(10223,'2025-01-04 16:00:00',0,3611,2),
(10224,'2025-01-04 18:20:00',0,3611,2),
(10225,'2025-01-04 20:40:00',0,3611,2),
(10226,'2025-01-04 23:00:00',0,3611,2),
(10227,'2025-01-04 12:05:00',0,3859,7),
(10228,'2025-01-05 09:50:00',0,3623,7),
(10229,'2025-01-05 12:05:00',0,3859,7),
(10230,'2025-01-06 12:05:00',0,3859,7),
(10231,'2025-01-07 12:05:00',0,3859,7),
(10232,'2025-01-01 10:30:00',0,3623,11),
(10233,'2025-01-01 17:20:00',0,3623,11),
(10234,'2025-01-01 21:55:00',0,3623,11),
(10235,'2025-01-01 15:00:00',0,3611,11),
(10236,'2025-01-01 19:35:00',0,3611,11),
(10237,'2025-01-01 12:50:00',0,3669,11),
(10238,'2025-01-01 16:50:00',0,3622,12),
(10239,'2025-01-02 14:35:00',0,3649,12),
(10240,'2025-01-02 15:00:00',0,3632,10),
(10241,'2025-01-02 10:30:00',0,3622,10),
(10242,'2025-01-02 12:45:00',0,3622,10),
(10243,'2025-01-02 17:15:00',0,3622,10),
(10244,'2025-01-02 19:30:00',0,3622,10),
(10245,'2025-01-02 21:45:00',0,3622,10),
(10246,'2025-01-02 10:15:00',0,3693,12),
(10247,'2025-01-03 10:20:00',0,3693,12),
(10248,'2025-01-02 18:10:00',0,3649,17),
(10249,'2025-01-02 12:50:00',0,3649,22),
(10250,'2025-01-03 23:50:00',0,3612,17),
(10251,'2025-01-03 20:40:00',0,3668,17),
(10252,'2025-01-03 17:10:00',0,3669,18),
(10253,'2025-01-03 10:45:00',0,3669,22),
(10254,'2025-01-04 08:30:00',0,3622,22),
(10255,'2025-01-04 15:15:00',0,3622,22),
(10256,'2025-01-04 17:30:00',0,3622,22),
(10257,'2025-01-04 19:45:00',0,3622,22),
(10258,'2025-01-04 22:00:00',0,3622,22),
(10259,'2025-01-05 00:15:00',0,3622,22),
(10260,'2025-01-05 13:50:00',1,3628,18),
(10261,'2025-01-05 15:30:00',0,3628,18),
(10262,'2025-01-05 11:00:00',1,3628,19),
(10263,'2025-01-05 12:40:00',1,3628,19),
(10264,'2025-01-05 19:20:00',1,3618,20),
(10265,'2025-01-05 22:20:00',1,3618,20),
(10266,'2025-01-05 08:40:00',1,3673,16),
(10267,'2025-01-05 18:00:00',0,3673,16),
(10268,'2025-01-05 21:00:00',0,3856,15),
(10269,'2025-01-05 20:15:00',0,3856,16),
(10270,'2024-12-31 22:55:00',0,3611,28),
(10271,'2024-12-31 23:20:00',0,3651,29),
(10272,'2024-12-31 22:00:00',0,3612,24),
(10273,'2024-12-31 17:40:00',0,3622,25),
(10274,'2024-12-31 22:20:00',0,3667,26),
(10275,'2025-01-01 12:00:00',0,3669,41),
(10276,'2025-01-01 19:30:00',0,3622,39),
(10277,'2025-01-01 21:50:00',0,3622,39),
(10278,'2025-01-01 18:15:00',0,3632,40),
(10279,'2025-01-01 12:40:00',0,3611,39),
(10280,'2025-01-01 15:00:00',0,3611,39),
(10281,'2025-01-01 17:20:00',0,3611,39),
(10282,'2025-01-01 19:40:00',0,3611,39),
(10283,'2025-01-01 22:00:00',0,3611,39),
(10284,'2025-01-01 21:05:00',0,3651,41),
(10285,'2025-01-01 17:25:00',0,3668,38),
(10286,'2025-01-01 20:40:00',0,3622,38),
(10287,'2025-01-01 23:00:00',0,3622,38),
(10288,'2025-01-01 09:30:00',0,3628,39),
(10289,'2025-01-01 11:05:00',0,3628,39),
(10290,'2025-01-02 12:10:00',0,3649,38),
(10291,'2025-01-02 14:40:00',0,3649,38),
(10292,'2025-01-02 14:25:00',0,3632,41),
(10293,'2025-01-02 10:05:00',0,3666,38),
(10294,'2025-01-02 10:30:00',0,3622,39),
(10295,'2025-01-02 12:45:00',0,3622,39),
(10296,'2025-01-02 15:00:00',0,3622,39),
(10297,'2025-01-02 17:15:00',0,3622,39),
(10298,'2025-01-02 19:30:00',0,3622,39),
(10299,'2025-01-02 21:45:00',0,3622,39),
(10300,'2024-12-31 22:05:00',0,3611,42),
(10301,'2025-01-01 00:00:00',0,3611,44),
(10302,'2025-01-01 09:20:00',0,3611,46),
(10303,'2025-01-01 11:40:00',0,3611,46),
(10304,'2025-01-01 14:00:00',0,3611,46),
(10305,'2025-01-01 16:20:00',0,3611,46),
(10306,'2025-01-01 18:40:00',0,3611,46),
(10307,'2025-01-01 21:00:00',0,3611,46),
(10308,'2025-01-01 23:20:00',0,3611,46),
(10309,'2025-01-01 09:00:00',0,3611,48),
(10310,'2025-01-01 11:20:00',0,3611,48),
(10311,'2025-01-01 13:40:00',0,3611,48),
(10312,'2025-01-01 16:00:00',0,3611,48),
(10313,'2025-01-01 18:20:00',0,3611,48),
(10314,'2025-01-01 20:40:00',0,3611,48),
(10315,'2025-01-01 23:00:00',0,3611,48),
(10316,'2025-01-01 19:45:00',0,3651,43),
(10317,'2025-01-01 11:25:00',0,3651,47),
(10318,'2025-01-01 15:55:00',0,3651,47),
(10319,'2025-01-01 16:35:00',0,3668,43),
(10320,'2025-01-01 12:00:00',0,3666,43),
(10321,'2025-01-01 14:20:00',0,3669,43),
(10322,'2025-01-01 19:50:00',0,3622,42),
(10323,'2025-01-01 09:10:00',0,3622,47),
(10324,'2025-01-01 13:40:00',0,3622,47),
(10325,'2025-01-01 18:10:00',0,3622,47),
(10326,'2025-01-01 20:25:00',0,3622,47),
(10327,'2025-01-01 22:40:00',0,3622,47),
(10328,'2025-01-01 09:00:00',0,3618,45),
(10329,'2025-01-01 11:55:00',0,3618,45),
(10330,'2025-01-01 17:15:00',0,3618,45),
(10331,'2025-01-01 20:10:00',0,3618,45),
(10332,'2025-01-01 23:05:00',0,3618,45),
(10333,'2025-01-01 20:10:00',0,3623,47),
(10334,'2025-01-01 09:05:00',0,3649,47),
(10335,'2025-01-01 17:00:00',0,3611,42),
(10336,'2025-01-01 19:20:00',0,3611,42),
(10337,'2025-01-01 21:40:00',0,3611,42),
(10338,'2025-01-01 17:55:00',0,3651,47),
(10339,'2025-01-01 22:25:00',0,3651,47),
(10340,'2025-01-01 11:25:00',0,3666,47),
(10341,'2025-01-01 13:35:00',0,3669,47),
(10342,'2025-01-01 15:40:00',0,3622,47),
(10343,'2024-12-31 23:20:00',0,3611,52),
(10344,'2024-12-31 23:00:00',0,3651,49),
(10345,'2024-12-31 16:50:00',0,3622,50),
(10346,'2025-01-01 19:25:00',0,3651,53),
(10347,'2025-01-01 12:30:00',0,3622,53),
(10348,'2024-12-30 23:40:00',0,3649,56),
(10349,'2025-01-01 14:40:00',0,3651,54),
(10350,'2025-01-01 17:00:00',0,3651,54),
(10351,'2025-01-01 19:20:00',0,3651,54),
(10352,'2025-01-01 09:35:00',0,3651,55),
(10353,'2025-01-01 11:50:00',0,3651,55),
(10354,'2025-01-01 21:20:00',0,3651,55),
(10355,'2025-01-01 23:35:00',0,3651,55),
(10356,'2025-01-02 00:20:00',0,3622,56),
(10357,'2025-01-01 23:15:00',0,3623,54),
(10358,'2025-01-01 10:10:00',0,3649,56),
(10359,'2025-01-01 16:30:00',0,3649,58),
(10360,'2025-01-01 16:40:00',0,3611,55),
(10361,'2025-01-01 21:20:00',0,3611,55),
(10362,'2025-01-01 18:45:00',0,3651,54),
(10363,'2025-01-01 21:00:00',0,3651,54),
(10364,'2025-01-01 23:40:00',0,3651,55),
(10365,'2025-01-01 18:55:00',0,3622,58),
(10366,'2025-01-01 21:10:00',0,3622,58),
(10367,'2025-01-01 23:25:00',0,3622,58),
(10368,'2025-01-01 14:45:00',0,3628,54),
(10369,'2025-01-02 18:35:00',0,3623,57),
(10370,'2025-01-02 20:50:00',0,3623,57),
(10371,'2025-01-02 23:05:00',0,3623,57),
(10372,'2025-01-02 21:20:00',0,3649,55),
(10373,'2025-01-02 11:30:00',0,3649,57),
(10374,'2025-01-02 16:10:00',0,3649,57),
(10375,'2025-01-02 19:00:00',0,3611,55),
(10376,'2025-01-02 10:20:00',0,3611,56),
(10377,'2025-01-02 12:40:00',0,3611,56),
(10378,'2025-01-02 15:00:00',0,3611,56),
(10379,'2025-01-02 17:20:00',0,3611,56),
(10380,'2025-01-02 19:40:00',0,3611,56),
(10381,'2025-01-02 22:00:00',0,3611,56),
(10382,'2025-01-02 20:25:00',0,3651,54),
(10383,'2025-01-02 22:40:00',0,3651,54),
(10384,'2025-01-02 09:50:00',1,3651,55),
(10385,'2025-01-02 16:45:00',1,3651,55),
(10386,'2025-01-02 13:55:00',0,3666,57),
(10387,'2025-01-02 14:35:00',0,3669,55),
(10388,'2025-01-02 09:15:00',0,3669,57),
(10389,'2025-01-02 12:10:00',0,3650,55),
(10390,'2025-01-03 18:35:00',0,3623,57),
(10391,'2025-01-03 20:50:00',0,3623,57),
(10392,'2025-01-03 23:05:00',0,3623,57),
(10393,'2025-01-03 11:30:00',0,3649,57),
(10394,'2025-01-03 16:10:00',0,3649,57),
(10395,'2025-01-03 09:00:00',0,3611,59),
(10396,'2025-01-03 11:20:00',0,3611,59),
(10397,'2025-01-03 13:40:00',0,3611,59),
(10398,'2025-01-03 16:00:00',0,3611,59),
(10399,'2025-01-03 18:20:00',0,3611,59),
(10400,'2025-01-03 20:40:00',0,3611,59),
(10401,'2025-01-03 23:00:00',0,3611,59),
(10402,'2025-01-03 13:55:00',0,3666,57),
(10403,'2025-01-03 09:15:00',0,3669,57),
(10404,'2025-01-03 09:20:00',0,3622,58),
(10405,'2025-01-03 13:20:00',0,3622,58),
(10406,'2025-01-03 15:35:00',0,3622,58),
(10407,'2025-01-03 17:50:00',0,3622,58),
(10408,'2025-01-03 20:05:00',0,3622,58),
(10409,'2025-01-03 22:20:00',0,3622,58),
(10410,'2025-01-03 11:40:00',0,3628,58),
(10411,'2025-01-03 08:45:00',0,3668,1),
(10412,'2025-01-02 18:00:00',0,3623,8),
(10413,'2025-01-02 11:15:00',0,3632,8),
(10414,'2025-01-02 08:50:00',0,3649,8),
(10415,'2025-01-02 13:30:00',0,3649,8),
(10416,'2025-01-03 08:30:00',0,3611,1),
(10417,'2025-01-03 10:50:00',0,3611,1),
(10418,'2025-01-03 13:10:00',0,3611,1),
(10419,'2025-01-03 15:30:00',0,3611,1),
(10420,'2025-01-03 17:50:00',0,3611,1),
(10421,'2025-01-03 20:10:00',0,3611,1),
(10422,'2025-01-03 22:30:00',0,3611,1),
(10423,'2025-01-03 08:45:00',0,3651,6),
(10424,'2025-01-03 14:20:00',0,3651,6),
(10425,'2025-01-03 16:35:00',0,3651,6),
(10426,'2025-01-03 18:50:00',0,3651,6),
(10427,'2025-01-03 21:05:00',0,3651,6),
(10428,'2025-01-03 23:20:00',0,3651,6),
(10429,'2025-01-03 08:30:00',0,3622,3),
(10430,'2025-01-03 12:50:00',0,3622,3),
(10431,'2025-01-03 15:05:00',0,3622,3),
(10432,'2025-01-03 17:20:00',0,3622,3),
(10433,'2025-01-03 19:35:00',0,3622,3),
(10434,'2025-01-03 21:50:00',0,3622,3),
(10435,'2025-01-04 00:05:00',0,3622,3),
(10436,'2025-01-04 16:20:00',0,3622,5),
(10437,'2025-01-04 18:35:00',0,3622,5),
(10438,'2025-01-04 20:50:00',0,3622,5),
(10439,'2025-01-04 23:05:00',0,3622,5),
(10440,'2025-01-04 11:00:00',1,3628,6),
(10441,'2025-01-04 12:40:00',1,3628,6),
(10442,'2025-01-04 08:40:00',0,3668,5),
(10443,'2025-01-04 20:15:00',1,3668,8),
(10444,'2025-01-04 10:45:00',0,3669,3),
(10445,'2025-01-04 11:50:00',0,3669,5),
(10446,'2025-01-04 15:55:00',0,3669,8),
(10447,'2025-01-04 12:10:00',0,3618,4),
(10448,'2025-01-04 19:45:00',0,3618,4),
(10449,'2025-01-04 22:40:00',0,3618,4),
(10450,'2025-01-04 23:25:00',0,3673,8),
(10451,'2025-01-04 13:55:00',0,3650,5),
(10452,'2025-01-03 15:05:00',0,3632,4),
(10453,'2025-01-03 17:25:00',0,3632,4),
(10454,'2025-01-03 08:50:00',0,3649,8),
(10455,'2025-01-03 13:30:00',0,3649,8),
(10456,'2025-01-03 14:40:00',0,3611,7),
(10457,'2025-01-03 19:20:00',0,3611,7),
(10458,'2025-01-04 00:00:00',0,3611,7),
(10459,'2025-01-04 08:45:00',0,3651,6),
(10460,'2025-01-04 14:20:00',0,3651,6),
(10461,'2025-01-04 16:35:00',0,3651,6),
(10462,'2025-01-04 18:50:00',0,3651,6),
(10463,'2025-01-04 21:05:00',0,3651,6),
(10464,'2025-01-04 23:20:00',0,3651,6),
(10465,'2025-01-04 08:30:00',0,3622,3),
(10466,'2025-01-04 12:50:00',0,3622,3),
(10467,'2025-01-04 15:05:00',0,3622,3),
(10468,'2025-01-04 17:20:00',0,3622,3),
(10469,'2025-01-04 19:35:00',0,3622,3),
(10470,'2025-01-04 21:50:00',0,3622,3),
(10471,'2025-01-05 00:05:00',0,3622,3),
(10472,'2025-01-05 11:00:00',1,3628,6),
(10473,'2025-01-05 12:40:00',1,3628,6),
(10474,'2025-01-05 08:40:00',0,3668,5),
(10475,'2025-01-05 10:45:00',0,3669,3),
(10476,'2025-01-05 12:10:00',0,3618,4),
(10477,'2025-01-05 19:45:00',0,3618,4),
(10478,'2025-01-05 22:40:00',0,3618,4),
(10479,'2025-01-04 21:40:00',0,3623,7),
(10480,'2025-01-04 09:40:00',0,3632,4),
(10481,'2025-01-04 14:15:00',0,3632,4),
(10482,'2025-01-04 12:00:00',0,3632,4),
(10483,'2025-01-04 16:30:00',0,3632,4),
(10484,'2025-01-04 08:50:00',0,3649,8),
(10485,'2025-01-04 13:30:00',0,3649,8),
(10486,'2025-01-04 17:00:00',0,3611,7),
(10487,'2025-01-04 19:20:00',0,3611,7),
(10488,'2025-01-05 00:00:00',0,3611,7),
(10489,'2025-01-05 09:00:00',0,3611,2),
(10490,'2025-01-05 11:20:00',0,3611,2),
(10491,'2025-01-05 13:40:00',0,3611,2),
(10492,'2025-01-05 16:00:00',0,3611,2),
(10493,'2025-01-05 18:20:00',0,3611,2),
(10494,'2025-01-05 20:40:00',0,3611,2),
(10495,'2025-01-05 23:00:00',0,3611,2),
(10496,'2025-01-05 09:10:00',0,3651,6),
(10497,'2025-01-05 15:05:00',0,3622,3),
(10498,'2025-01-05 17:20:00',0,3622,3),
(10499,'2025-01-05 19:35:00',0,3622,3),
(10500,'2025-01-05 21:50:00',0,3622,3),
(10501,'2025-01-06 00:05:00',0,3622,3),
(10502,'2025-01-06 11:30:00',1,3628,6),
(10503,'2025-01-06 13:10:00',1,3628,6),
(10504,'2025-01-06 11:10:00',0,3669,5),
(10505,'2025-01-06 13:20:00',1,3669,5),
(10506,'2025-01-06 19:00:00',1,3618,4),
(10507,'2025-01-06 22:00:00',1,3618,4),
(10508,'2025-01-05 21:40:00',0,3623,7),
(10509,'2025-01-05 09:40:00',0,3632,4),
(10510,'2025-01-05 14:15:00',0,3632,4),
(10511,'2025-01-05 12:00:00',0,3632,4),
(10512,'2025-01-05 16:30:00',0,3632,4),
(10513,'2025-01-05 08:50:00',0,3649,8),
(10514,'2025-01-05 13:30:00',0,3649,8),
(10515,'2025-01-05 14:40:00',0,3611,7),
(10516,'2025-01-05 17:00:00',0,3611,7),
(10517,'2025-01-05 19:20:00',0,3611,7),
(10518,'2025-01-06 00:00:00',0,3611,7),
(10519,'2025-01-06 09:20:00',1,3611,2),
(10520,'2025-01-06 11:40:00',1,3611,2),
(10521,'2025-01-06 14:00:00',1,3611,2),
(10522,'2025-01-06 16:20:00',1,3611,2),
(10523,'2025-01-06 18:40:00',1,3611,2),
(10524,'2025-01-06 21:00:00',1,3611,2),
(10525,'2025-01-06 23:20:00',1,3611,2),
(10526,'2025-01-06 09:10:00',0,3651,6),
(10527,'2025-01-06 15:05:00',0,3622,3),
(10528,'2025-01-06 17:20:00',0,3622,3),
(10529,'2025-01-06 19:35:00',0,3622,3),
(10530,'2025-01-06 21:50:00',0,3622,3),
(10531,'2025-01-07 00:05:00',0,3622,3),
(10532,'2025-01-07 11:30:00',1,3628,6),
(10533,'2025-01-07 13:10:00',1,3628,6),
(10534,'2025-01-07 11:10:00',0,3669,5),
(10535,'2025-01-07 19:00:00',1,3618,4),
(10536,'2025-01-07 22:00:00',1,3618,4),
(10537,'2025-01-01 09:50:00',0,3649,12),
(10538,'2025-01-01 19:50:00',0,3651,12),
(10539,'2025-01-01 22:05:00',0,3651,12),
(10540,'2025-01-01 16:45:00',0,3668,12),
(10541,'2025-01-02 09:40:00',0,3623,11),
(10542,'2025-01-02 20:00:00',0,3623,11),
(10543,'2025-01-02 20:05:00',0,3611,12),
(10544,'2025-01-02 22:25:00',0,3611,12),
(10545,'2025-01-02 17:50:00',0,3651,11),
(10546,'2025-01-02 22:15:00',0,3651,11),
(10547,'2025-01-02 11:55:00',0,3628,11),
(10548,'2025-01-02 17:00:00',0,3668,12),
(10549,'2025-01-02 13:35:00',0,3669,11),
(10550,'2025-01-02 15:40:00',0,3666,11),
(10551,'2025-01-03 20:45:00',0,3612,18),
(10552,'2025-01-05 23:50:00',0,3612,17),
(10553,'2025-01-05 21:50:00',0,3612,18),
(10554,'2025-01-05 20:40:00',0,3668,17),
(10555,'2025-01-05 09:15:00',0,3669,17),
(10556,'2025-01-05 13:45:00',0,3669,17),
(10557,'2025-01-05 17:10:00',0,3669,18),
(10558,'2025-01-05 10:45:00',0,3669,22),
(10559,'2025-01-05 14:15:00',0,3666,15),
(10560,'2025-01-05 11:25:00',1,3666,17),
(10561,'2025-01-05 15:55:00',1,3666,17),
(10562,'2025-01-02 15:15:00',0,3623,16),
(10563,'2025-01-02 22:00:00',0,3623,16),
(10564,'2025-01-03 00:15:00',0,3623,16),
(10565,'2025-01-03 18:00:00',0,3623,17),
(10566,'2025-01-03 23:00:00',0,3623,17),
(10567,'2025-01-03 09:30:00',0,3632,20),
(10568,'2025-01-03 11:50:00',0,3632,20),
(10569,'2025-01-03 14:10:00',1,3632,20),
(10570,'2025-01-03 10:50:00',0,3632,13),
(10571,'2025-01-03 17:30:00',0,3632,16),
(10572,'2025-01-03 12:45:00',0,3649,16),
(10573,'2025-01-03 10:50:00',0,3649,17),
(10574,'2025-01-03 15:25:00',0,3649,17),
(10575,'2025-01-03 08:30:00',0,3611,13),
(10576,'2025-01-03 17:50:00',0,3611,13),
(10577,'2025-01-03 20:10:00',0,3611,13),
(10578,'2025-01-03 22:30:00',0,3611,13),
(10579,'2025-01-03 10:15:00',1,3611,14),
(10580,'2025-01-03 12:35:00',1,3611,14),
(10581,'2025-01-03 14:55:00',1,3611,14),
(10582,'2025-01-03 17:15:00',1,3611,14),
(10583,'2025-01-03 19:35:00',1,3611,14),
(10584,'2025-01-03 21:55:00',1,3611,14),
(10585,'2025-01-04 00:15:00',1,3611,14),
(10586,'2025-01-04 09:05:00',0,3611,21),
(10587,'2025-01-04 11:25:00',0,3611,21),
(10588,'2025-01-04 13:45:00',0,3611,21),
(10589,'2025-01-04 16:05:00',0,3611,21),
(10590,'2025-01-04 18:25:00',0,3611,21),
(10591,'2025-01-04 20:45:00',0,3611,21),
(10592,'2025-01-04 23:05:00',0,3611,21),
(10593,'2025-01-04 09:40:00',1,3611,22),
(10594,'2025-01-04 12:00:00',1,3611,22),
(10595,'2025-01-04 14:20:00',1,3611,22),
(10596,'2025-01-04 16:40:00',1,3611,22),
(10597,'2025-01-04 19:00:00',1,3611,22),
(10598,'2025-01-04 21:20:00',1,3611,22),
(10599,'2025-01-04 23:40:00',0,3611,22),
(10600,'2025-01-04 09:40:00',0,3651,19),
(10601,'2025-01-04 11:55:00',0,3651,19),
(10602,'2025-01-04 14:10:00',1,3651,19),
(10603,'2025-01-04 16:25:00',1,3651,19),
(10604,'2025-01-04 18:40:00',1,3651,19),
(10605,'2025-01-04 21:35:00',1,3651,19),
(10606,'2025-01-04 23:50:00',0,3651,19),
(10607,'2025-01-04 13:10:00',0,3622,13),
(10608,'2025-01-04 14:15:00',0,3622,15),
(10609,'2025-01-04 16:30:00',0,3622,15),
(10610,'2025-01-04 18:45:00',0,3622,15),
(10611,'2025-01-04 21:00:00',0,3622,15),
(10612,'2025-01-04 23:15:00',0,3622,15),
(10613,'2025-01-04 08:45:00',0,3622,18),
(10614,'2025-01-04 15:10:00',0,3622,18),
(10615,'2025-01-04 17:25:00',0,3622,18),
(10616,'2025-01-04 19:40:00',0,3622,18),
(10617,'2025-01-04 21:55:00',0,3622,18),
(10618,'2025-01-05 00:10:00',0,3622,18),
(10619,'2025-01-05 11:00:00',0,3628,18),
(10620,'2025-01-05 13:25:00',0,3628,18),
(10621,'2025-01-05 20:20:00',0,3612,17),
(10622,'2025-01-05 15:30:00',0,3669,13),
(10623,'2025-01-05 10:40:00',0,3669,16),
(10624,'2025-01-05 08:40:00',0,3666,17),
(10625,'2025-01-05 13:15:00',0,3666,17),
(10626,'2025-01-05 16:30:00',1,3618,20),
(10627,'2025-01-05 19:25:00',1,3618,20),
(10628,'2025-01-05 08:30:00',0,3673,16),
(10629,'2025-01-05 12:40:00',0,3856,18),
(10630,'2025-01-05 20:55:00',0,3856,19),
(10631,'2025-01-05 20:00:00',0,3634,16),
(10632,'2025-01-03 14:20:00',0,3632,20),
(10633,'2025-01-03 09:05:00',0,3611,21),
(10634,'2025-01-03 11:25:00',0,3611,21),
(10635,'2025-01-03 13:45:00',0,3611,21),
(10636,'2025-01-03 16:05:00',0,3611,21),
(10637,'2025-01-03 18:25:00',0,3611,21),
(10638,'2025-01-03 20:45:00',0,3611,21),
(10639,'2025-01-03 23:05:00',0,3611,21),
(10640,'2025-01-03 09:40:00',0,3651,19),
(10641,'2025-01-03 11:55:00',0,3651,19),
(10642,'2025-01-03 14:10:00',0,3651,19),
(10643,'2025-01-03 16:25:00',0,3651,19),
(10644,'2025-01-03 18:40:00',0,3651,19),
(10645,'2025-01-03 21:35:00',0,3651,19),
(10646,'2025-01-03 23:50:00',0,3651,19),
(10647,'2025-01-03 14:15:00',0,3622,15),
(10648,'2025-01-03 21:00:00',0,3622,15),
(10649,'2025-01-03 23:15:00',0,3622,15),
(10650,'2025-01-03 20:20:00',0,3612,17),
(10651,'2025-01-03 11:10:00',0,3669,16),
(10652,'2025-01-03 08:40:00',0,3666,17),
(10653,'2025-01-03 13:15:00',0,3666,17),
(10654,'2025-01-03 16:50:00',0,3618,20),
(10655,'2025-01-03 19:45:00',0,3618,20),
(10656,'2025-01-03 22:40:00',0,3618,20),
(10657,'2025-01-03 08:50:00',0,3673,16),
(10658,'2025-01-03 20:55:00',0,3856,19),
(10659,'2025-01-01 23:20:00',0,3611,26),
(10660,'2025-01-01 14:00:00',0,3611,29),
(10661,'2025-01-01 16:25:00',0,3611,29),
(10662,'2025-01-01 18:45:00',0,3611,29),
(10663,'2025-01-01 21:05:00',0,3611,29),
(10664,'2025-01-01 17:40:00',0,3622,25),
(10665,'2025-01-01 23:25:00',0,3612,29),
(10666,'2025-01-01 16:20:00',0,3666,24),
(10667,'2025-01-01 11:10:00',0,3667,29),
(10668,'2025-01-02 15:00:00',0,3623,28),
(10669,'2025-01-02 17:15:00',0,3623,28),
(10670,'2025-01-02 21:45:00',0,3623,28),
(10671,'2025-01-02 11:45:00',0,3632,24),
(10672,'2025-01-02 14:00:00',0,3611,29),
(10673,'2025-01-02 16:25:00',0,3611,29),
(10674,'2025-01-02 18:45:00',0,3611,29),
(10675,'2025-01-02 21:05:00',0,3611,29),
(10676,'2025-01-02 23:30:00',0,3611,29),
(10677,'2025-01-02 09:30:00',0,3651,24),
(10678,'2025-01-02 14:05:00',0,3651,24),
(10679,'2025-01-02 16:20:00',0,3651,24),
(10680,'2025-01-02 20:50:00',0,3651,24),
(10681,'2025-01-02 23:05:00',0,3651,24),
(10682,'2025-01-02 11:00:00',0,3628,28),
(10683,'2025-01-02 18:35:00',0,3666,24),
(10684,'2025-01-02 11:10:00',0,3667,29),
(10685,'2025-01-02 12:45:00',0,3673,28),
(10686,'2025-01-03 10:40:00',0,3611,25),
(10687,'2025-01-03 13:00:00',0,3611,25),
(10688,'2025-01-03 15:20:00',0,3611,25),
(10689,'2025-01-03 17:40:00',0,3611,25),
(10690,'2025-01-03 20:00:00',0,3622,25),
(10691,'2025-01-03 22:30:00',0,3622,25),
(10692,'2025-01-03 10:00:00',0,3622,27),
(10693,'2025-01-03 12:15:00',0,3622,27),
(10694,'2025-01-03 14:30:00',0,3622,27),
(10695,'2025-01-03 16:45:00',0,3622,27),
(10696,'2025-01-01 13:00:00',0,3622,35),
(10697,'2025-01-01 17:40:00',0,3622,35),
(10698,'2025-01-01 22:20:00',0,3622,35),
(10699,'2025-01-01 08:30:00',0,3622,37),
(10700,'2025-01-02 20:20:00',0,3622,38),
(10701,'2025-01-02 22:35:00',0,3622,38),
(10702,'2025-01-02 17:10:00',0,3668,38),
(10703,'2025-01-02 09:50:00',0,3623,43),
(10704,'2025-01-02 18:00:00',0,3623,43),
(10705,'2025-01-02 16:50:00',0,3632,45),
(10706,'2025-01-02 19:05:00',0,3632,45),
(10707,'2025-01-02 14:35:00',0,3632,45),
(10708,'2025-01-02 15:50:00',0,3651,43),
(10709,'2025-01-02 20:15:00',0,3651,43),
(10710,'2025-01-02 22:25:00',0,3651,43),
(10711,'2025-01-02 09:10:00',0,3622,47),
(10712,'2025-01-02 11:25:00',0,3622,47),
(10713,'2025-01-02 13:40:00',0,3622,47),
(10714,'2025-01-02 15:55:00',0,3622,47),
(10715,'2025-01-02 18:10:00',0,3622,47),
(10716,'2025-01-02 20:25:00',0,3622,47),
(10717,'2025-01-02 22:40:00',0,3622,47),
(10718,'2025-01-02 14:10:00',0,3628,43),
(10719,'2025-01-02 12:05:00',0,3669,43),
(10720,'2025-01-02 11:45:00',0,3618,45),
(10721,'2025-01-02 21:20:00',0,3618,45),
(10722,'2025-01-03 09:10:00',0,3622,47),
(10723,'2025-01-03 11:25:00',0,3622,47),
(10724,'2025-01-03 13:40:00',0,3622,47),
(10725,'2025-01-03 15:55:00',0,3622,47),
(10726,'2025-01-03 18:10:00',0,3622,47),
(10727,'2025-01-03 20:25:00',0,3622,47),
(10728,'2025-01-03 22:40:00',0,3622,47),
(10729,'2025-01-01 13:10:00',0,3611,50),
(10730,'2025-01-01 17:05:00',0,3622,53),
(10731,'2025-01-01 15:30:00',0,3622,50),
(10732,'2025-01-01 22:20:00',0,3622,50),
(10733,'2025-01-01 17:45:00',0,3666,50),
(10734,'2025-01-01 20:00:00',0,3666,50),
(10735,'2025-01-01 15:00:00',0,3666,51),
(10736,'2025-01-02 23:25:00',0,3651,52),
(10737,'2025-01-02 17:10:00',0,3622,53),
(10738,'2025-01-02 22:20:00',0,3622,50),
(10739,'2025-01-02 17:45:00',0,3666,50),
(10740,'2025-01-02 20:05:00',0,3666,50),
(10741,'2025-01-03 11:00:00',0,3611,49),
(10742,'2025-01-03 13:45:00',0,3611,49),
(10743,'2025-01-03 16:05:00',0,3611,49),
(10744,'2025-01-03 18:25:00',0,3611,49),
(10745,'2025-01-03 20:45:00',0,3611,49),
(10746,'2025-01-03 23:05:00',0,3611,49),
(10747,'2025-01-03 10:30:00',0,3666,51),
(10748,'2025-01-03 12:45:00',0,3666,51),
(10749,'2025-01-03 15:00:00',0,3666,51),
(10750,'2025-01-04 11:00:00',0,3611,49),
(10751,'2025-01-04 13:45:00',0,3611,49),
(10752,'2025-01-04 16:05:00',0,3611,49),
(10753,'2025-01-04 18:25:00',0,3611,49),
(10754,'2025-01-04 20:45:00',0,3611,49),
(10755,'2025-01-04 23:05:00',0,3611,49),
(10756,'2025-01-05 11:00:00',0,3611,49),
(10757,'2025-01-05 13:45:00',0,3611,49),
(10758,'2025-01-05 16:05:00',0,3611,49),
(10759,'2025-01-05 18:25:00',0,3611,49),
(10760,'2025-01-05 20:45:00',0,3611,49),
(10761,'2025-01-05 23:05:00',0,3611,49),
(10762,'2025-01-02 21:05:00',0,3649,55),
(10763,'2025-01-02 09:40:00',0,3651,55),
(10764,'2025-01-02 16:35:00',0,3651,55),
(10765,'2025-01-02 18:50:00',0,3651,55),
(10766,'2025-01-02 23:30:00',0,3622,55),
(10767,'2025-01-02 14:25:00',0,3669,55),
(10768,'2025-01-02 12:00:00',0,3650,55),
(10769,'2025-01-04 09:00:00',0,3611,59),
(10770,'2025-01-04 11:20:00',0,3611,59),
(10771,'2025-01-04 13:40:00',0,3611,59),
(10772,'2025-01-04 16:00:00',0,3611,59),
(10773,'2025-01-04 18:20:00',0,3611,59),
(10774,'2025-01-04 20:40:00',0,3611,59),
(10775,'2025-01-04 23:00:00',0,3611,59),
(10776,'2025-01-05 09:00:00',0,3611,59),
(10777,'2025-01-05 11:20:00',0,3611,59),
(10778,'2025-01-05 13:40:00',0,3611,59),
(10779,'2025-01-05 16:00:00',0,3611,59),
(10780,'2025-01-05 18:20:00',0,3611,59),
(10781,'2025-01-05 20:40:00',0,3611,59),
(10782,'2025-01-05 23:00:00',0,3611,59),
(10783,'2025-01-01 14:35:00',0,3628,5),
(10784,'2025-01-02 13:45:00',0,3649,8),
(10785,'2025-01-02 11:00:00',0,3628,6),
(10786,'2025-01-02 12:40:00',0,3628,6),
(10787,'2025-01-03 10:45:00',0,3669,3),
(10788,'2025-01-03 11:50:00',0,3669,5),
(10789,'2025-01-03 15:55:00',0,3669,8),
(10790,'2025-01-03 08:40:00',0,3668,5),
(10791,'2025-01-03 20:15:00',0,3668,8),
(10792,'2025-01-03 11:00:00',0,3628,6),
(10793,'2025-01-03 12:40:00',0,3628,6),
(10794,'2025-01-04 11:30:00',0,3628,6),
(10795,'2025-01-04 13:10:00',0,3628,6),
(10796,'2025-01-05 11:10:00',0,3669,5),
(10797,'2025-01-05 13:20:00',0,3669,5),
(10798,'2025-01-05 11:30:00',0,3628,6),
(10799,'2025-01-05 13:10:00',0,3628,6),
(10800,'2025-01-06 08:50:00',0,3649,8),
(10801,'2025-01-06 13:30:00',1,3649,8),
(10802,'2025-01-08 09:00:00',0,3611,2),
(10803,'2025-01-08 11:20:00',0,3611,2),
(10804,'2025-01-08 13:40:00',0,3611,2),
(10805,'2025-01-08 16:00:00',0,3611,2),
(10806,'2025-01-08 18:20:00',0,3611,2),
(10807,'2025-01-08 20:40:00',0,3611,2),
(10808,'2025-01-08 23:00:00',0,3611,2),
(10809,'2025-01-08 10:00:00',0,3638,8),
(10810,'2025-01-08 12:40:00',0,3638,8),
(10811,'2025-01-08 15:20:00',0,3638,8),
(10812,'2025-01-08 18:00:00',0,3638,8),
(10813,'2025-01-08 20:40:00',0,3638,8),
(10814,'2025-01-08 23:20:00',0,3638,8),
(10815,'2025-01-09 09:00:00',0,3611,2),
(10816,'2025-01-09 11:20:00',0,3611,2),
(10817,'2025-01-09 13:40:00',0,3611,2),
(10818,'2025-01-09 16:00:00',0,3611,2),
(10819,'2025-01-09 18:20:00',0,3611,2),
(10820,'2025-01-09 20:40:00',0,3611,2),
(10821,'2025-01-09 23:00:00',0,3611,2),
(10822,'2025-01-09 11:25:00',0,3985,5),
(10823,'2025-01-09 20:25:00',0,3985,5),
(10824,'2025-01-09 15:20:00',0,3638,8),
(10825,'2025-01-09 18:00:00',0,3638,8),
(10826,'2025-01-09 20:40:00',0,3638,8),
(10827,'2025-01-09 23:20:00',0,3638,8),
(10828,'2025-01-10 09:00:00',0,3611,2),
(10829,'2025-01-10 11:20:00',0,3611,2),
(10830,'2025-01-10 13:40:00',0,3611,2),
(10831,'2025-01-10 16:00:00',0,3611,2),
(10832,'2025-01-10 18:20:00',0,3611,2),
(10833,'2025-01-10 20:40:00',0,3611,2),
(10834,'2025-01-10 23:00:00',0,3611,2),
(10835,'2025-01-10 18:10:00',0,3985,5),
(10836,'2025-01-10 15:20:00',0,3638,8),
(10837,'2025-01-10 18:00:00',0,3638,8),
(10838,'2025-01-11 09:00:00',0,3611,2),
(10839,'2025-01-11 20:25:00',0,3985,5),
(10840,'2025-01-11 15:20:00',0,3638,8),
(10841,'2025-01-12 09:00:00',0,3611,2),
(10842,'2025-01-12 20:25:00',0,3985,5),
(10843,'2025-01-12 15:20:00',0,3638,8),
(10844,'2025-01-01 17:20:00',0,3622,11),
(10845,'2025-01-03 12:05:00',0,3628,10),
(10846,'2025-01-03 14:35:00',0,3649,12),
(10847,'2025-01-03 15:55:00',0,3651,10),
(10848,'2025-01-03 09:50:00',0,3622,10),
(10849,'2025-01-03 13:40:00',0,3622,10),
(10850,'2025-01-03 18:10:00',0,3622,10),
(10851,'2025-01-03 20:25:00',0,3622,10),
(10852,'2025-01-01 14:40:00',0,3632,20),
(10853,'2025-01-01 17:00:00',0,3632,20),
(10854,'2025-01-01 13:50:00',0,3628,18),
(10855,'2025-01-01 15:30:00',0,3628,18),
(10856,'2025-01-03 18:10:00',0,3649,17),
(10857,'2025-01-02 10:50:00',0,3632,13),
(10858,'2025-01-02 11:00:00',0,3628,18),
(10859,'2025-01-02 13:25:00',0,3628,18),
(10860,'2025-01-04 12:45:00',0,3649,16),
(10861,'2025-01-04 10:50:00',1,3649,17),
(10862,'2025-01-04 15:25:00',0,3649,17),
(10863,'2025-01-04 20:20:00',0,3612,17),
(10864,'2025-01-04 15:30:00',0,3669,13),
(10865,'2025-01-04 10:40:00',1,3669,16),
(10866,'2025-01-04 08:50:00',0,3632,20),
(10867,'2025-01-04 11:05:00',0,3632,20),
(10868,'2025-01-04 13:20:00',0,3632,20),
(10869,'2025-01-04 15:35:00',0,3632,20),
(10870,'2025-01-04 12:30:00',0,3628,19),
(10871,'2025-01-04 14:10:00',0,3628,19),
(10872,'2025-01-04 18:35:00',0,3623,17),
(10873,'2025-01-04 20:50:00',0,3623,17),
(10874,'2025-01-04 23:10:00',0,3623,17),
(10875,'2025-01-04 09:20:00',0,3649,17),
(10876,'2025-01-04 14:00:00',0,3649,17),
(10877,'2025-01-04 15:50:00',0,3651,19),
(10878,'2025-01-04 18:05:00',0,3651,19),
(10879,'2025-01-04 20:20:00',0,3651,19),
(10880,'2025-01-04 19:40:00',0,3612,18),
(10881,'2025-01-04 10:00:00',0,3669,18),
(10882,'2025-01-04 11:45:00',0,3666,17),
(10883,'2025-01-04 16:25:00',0,3666,17),
(10884,'2025-01-04 17:50:00',1,3618,20),
(10885,'2025-01-04 20:45:00',1,3618,20),
(10886,'2025-01-04 23:40:00',1,3618,20),
(10887,'2025-01-04 19:00:00',0,3856,18),
(10888,'2025-01-05 08:50:00',0,3632,20),
(10889,'2025-01-05 11:05:00',0,3632,20),
(10890,'2025-01-05 13:20:00',0,3632,20),
(10891,'2025-01-05 15:35:00',0,3632,20),
(10892,'2025-01-05 12:30:00',0,3628,19),
(10893,'2025-01-05 14:10:00',0,3628,19),
(10894,'2025-01-05 18:35:00',0,3623,17),
(10895,'2025-01-05 20:50:00',0,3623,17),
(10896,'2025-01-05 23:10:00',0,3623,17),
(10897,'2025-01-05 09:20:00',1,3649,17),
(10898,'2025-01-05 14:00:00',1,3649,17),
(10899,'2025-01-05 15:50:00',0,3651,19),
(10900,'2025-01-05 18:05:00',0,3651,19),
(10901,'2025-01-05 20:20:00',0,3651,19),
(10902,'2025-01-05 19:40:00',0,3612,18),
(10903,'2025-01-05 10:00:00',0,3669,18),
(10904,'2025-01-05 14:15:00',0,3622,15),
(10905,'2025-01-05 16:30:00',0,3622,15),
(10906,'2025-01-05 18:45:00',0,3622,15),
(10907,'2025-01-05 21:00:00',0,3622,15),
(10908,'2025-01-05 23:15:00',0,3622,15),
(10909,'2025-01-05 11:45:00',0,3666,17),
(10910,'2025-01-05 16:25:00',0,3666,17),
(10911,'2025-01-05 17:50:00',0,3618,20),
(10912,'2025-01-05 20:45:00',0,3618,20),
(10913,'2025-01-05 23:40:00',0,3618,20),
(10914,'2025-01-05 19:00:00',0,3856,18),
(10915,'2025-01-08 09:00:00',0,3611,21),
(10916,'2025-01-08 11:20:00',0,3611,21),
(10917,'2025-01-08 13:40:00',0,3611,21),
(10918,'2025-01-08 16:00:00',0,3611,21),
(10919,'2025-01-08 18:20:00',0,3611,21),
(10920,'2025-01-08 20:40:00',0,3611,21),
(10921,'2025-01-08 23:00:00',0,3611,21),
(10922,'2025-01-08 18:50:00',0,3636,16),
(10923,'2025-01-08 09:10:00',0,3638,17),
(10924,'2025-01-08 11:50:00',0,3638,17),
(10925,'2025-01-08 14:30:00',0,3638,17),
(10926,'2025-01-08 17:10:00',0,3638,17),
(10927,'2025-01-08 19:50:00',0,3638,17),
(10928,'2025-01-08 22:30:00',0,3638,17),
(10929,'2025-01-08 15:20:00',0,3634,18),
(10930,'2025-01-08 17:20:00',0,3634,18),
(10931,'2025-01-09 09:00:00',0,3611,21),
(10932,'2025-01-09 11:20:00',0,3611,21),
(10933,'2025-01-09 13:40:00',0,3611,21),
(10934,'2025-01-09 16:00:00',0,3611,21),
(10935,'2025-01-09 18:20:00',0,3611,21),
(10936,'2025-01-09 20:40:00',0,3611,21),
(10937,'2025-01-09 23:00:00',0,3611,21),
(10938,'2025-01-09 18:50:00',0,3636,16),
(10939,'2025-01-09 14:30:00',0,3638,17),
(10940,'2025-01-09 17:10:00',0,3638,17),
(10941,'2025-01-09 19:50:00',0,3638,17),
(10942,'2025-01-09 22:30:00',0,3638,17),
(10943,'2025-01-09 15:20:00',0,3634,18),
(10944,'2025-01-09 17:20:00',0,3634,18),
(10945,'2025-01-10 09:00:00',0,3611,21),
(10946,'2025-01-10 11:20:00',0,3611,21),
(10947,'2025-01-10 13:40:00',0,3611,21),
(10948,'2025-01-10 16:00:00',0,3611,21),
(10949,'2025-01-10 18:20:00',0,3611,21),
(10950,'2025-01-10 20:40:00',0,3611,21),
(10951,'2025-01-10 23:00:00',0,3611,21),
(10952,'2025-01-10 18:50:00',0,3636,16),
(10953,'2025-01-10 21:05:00',0,3636,16),
(10954,'2025-01-10 17:10:00',0,3638,17),
(10955,'2025-01-10 19:50:00',0,3638,17),
(10956,'2025-01-10 22:30:00',0,3638,17),
(10957,'2025-01-10 17:20:00',0,3634,18),
(10958,'2025-01-11 09:00:00',0,3611,21),
(10959,'2025-01-11 11:20:00',0,3611,21),
(10960,'2025-01-11 13:40:00',0,3611,21),
(10961,'2025-01-11 16:00:00',0,3611,21),
(10962,'2025-01-11 18:20:00',0,3611,21),
(10963,'2025-01-11 20:40:00',0,3611,21),
(10964,'2025-01-11 23:00:00',0,3611,21),
(10965,'2025-01-11 16:35:00',0,3636,16),
(10966,'2025-01-11 18:50:00',0,3636,16),
(10967,'2025-01-11 21:05:00',0,3636,16),
(10968,'2025-01-11 14:30:00',0,3638,17),
(10969,'2025-01-11 17:10:00',0,3638,17),
(10970,'2025-01-11 19:50:00',0,3638,17),
(10971,'2025-01-11 22:30:00',0,3638,17),
(10972,'2025-01-11 17:20:00',0,3634,18),
(10973,'2025-01-12 09:00:00',0,3611,21),
(10974,'2025-01-12 11:20:00',0,3611,21),
(10975,'2025-01-12 13:40:00',0,3611,21),
(10976,'2025-01-12 16:00:00',0,3611,21),
(10977,'2025-01-12 18:20:00',0,3611,21),
(10978,'2025-01-12 20:40:00',0,3611,21),
(10979,'2025-01-12 23:00:00',0,3611,21),
(10980,'2025-01-12 09:10:00',0,3638,17),
(10981,'2025-01-12 17:20:00',0,3634,18),
(10982,'2025-01-01 22:50:00',0,3855,23),
(10983,'2025-01-01 20:30:00',0,3631,23),
(10984,'2025-01-03 10:20:00',0,3651,26),
(10985,'2025-01-03 15:40:00',0,3651,26),
(10986,'2025-01-03 11:40:00',0,3612,23),
(10987,'2025-01-03 18:00:00',0,3612,23),
(10988,'2025-01-03 14:55:00',0,3855,23),
(10989,'2025-01-03 20:25:00',0,3667,23),
(10990,'2025-01-03 09:30:00',0,3631,23),
(10991,'2025-01-03 14:05:00',0,3957,23),
(10992,'2025-01-03 23:10:00',0,3633,23),
(10993,'2025-01-04 10:40:00',0,3611,25),
(10994,'2025-01-04 13:00:00',0,3611,25),
(10995,'2025-01-04 15:20:00',0,3611,25),
(10996,'2025-01-04 17:45:00',0,3611,25),
(10997,'2025-01-04 10:20:00',0,3651,26),
(10998,'2025-01-04 15:40:00',0,3651,26),
(10999,'2025-01-04 13:10:00',0,3612,23),
(11000,'2025-01-04 18:00:00',0,3612,23),
(11001,'2025-01-04 10:00:00',0,3622,27),
(11002,'2025-01-04 12:15:00',0,3622,27),
(11003,'2025-01-04 14:30:00',0,3622,27),
(11004,'2025-01-04 16:45:00',0,3622,27),
(11005,'2025-01-04 22:40:00',0,3855,23),
(11006,'2025-01-04 12:35:00',0,3855,26),
(11007,'2025-01-04 17:55:00',0,3855,26),
(11008,'2025-01-04 10:20:00',0,3667,23),
(11009,'2025-01-04 19:00:00',0,3667,27),
(11010,'2025-01-04 22:05:00',0,3667,27),
(11011,'2025-01-04 09:30:00',0,3957,23),
(11012,'2025-01-04 20:25:00',0,3633,23),
(11013,'2025-01-04 15:40:00',0,3637,23),
(11014,'2025-01-08 10:20:00',0,3611,25),
(11015,'2025-01-08 12:40:00',0,3611,25),
(11016,'2025-01-08 15:00:00',0,3611,25),
(11017,'2025-01-08 17:20:00',0,3611,25),
(11018,'2025-01-08 19:40:00',0,3611,25),
(11019,'2025-01-08 22:00:00',0,3611,25),
(11020,'2025-01-08 15:30:00',0,3634,27),
(11021,'2025-01-08 17:30:00',0,3634,27),
(11022,'2025-01-09 12:50:00',0,3985,26),
(11023,'2025-01-09 17:40:00',0,3985,26),
(11024,'2025-01-09 18:00:00',0,3634,27),
(11025,'2025-01-10 20:20:00',0,3985,26),
(11026,'2025-01-01 17:40:00',0,3651,35),
(11027,'2025-01-02 14:00:00',0,3628,35),
(11028,'2025-01-02 18:20:00',0,3623,35),
(11029,'2025-01-02 09:00:00',0,3611,35),
(11030,'2025-01-02 11:20:00',0,3611,35),
(11031,'2025-01-02 16:00:00',0,3611,35),
(11032,'2025-01-02 20:35:00',0,3611,35),
(11033,'2025-01-02 19:10:00',0,3622,30),
(11034,'2025-01-02 22:55:00',0,3622,35),
(11035,'2025-01-03 10:40:00',0,3632,30),
(11036,'2025-01-03 14:35:00',0,3632,30),
(11037,'2025-01-03 09:00:00',0,3628,30),
(11038,'2025-01-03 12:55:00',0,3628,30),
(11039,'2025-01-03 11:20:00',0,3623,35),
(11040,'2025-01-03 18:20:00',0,3623,35),
(11041,'2025-01-03 09:40:00',0,3611,31),
(11042,'2025-01-03 12:00:00',0,3611,31),
(11043,'2025-01-03 14:20:00',0,3611,31),
(11044,'2025-01-03 16:40:00',0,3611,31),
(11045,'2025-01-03 19:00:00',0,3611,31),
(11046,'2025-01-03 21:20:00',0,3611,31),
(11047,'2025-01-03 23:40:00',0,3611,31),
(11048,'2025-01-03 10:40:00',0,3611,33),
(11049,'2025-01-03 13:00:00',0,3611,33),
(11050,'2025-01-03 15:20:00',0,3611,33),
(11051,'2025-01-03 17:40:00',0,3611,33),
(11052,'2025-01-03 20:00:00',0,3611,33),
(11053,'2025-01-03 22:20:00',0,3611,33),
(11054,'2025-01-03 09:00:00',0,3611,35),
(11055,'2025-01-03 13:40:00',0,3611,35),
(11056,'2025-01-03 16:00:00',0,3611,35),
(11057,'2025-01-03 20:40:00',0,3611,35),
(11058,'2025-01-03 23:00:00',0,3611,35),
(11059,'2025-01-03 12:50:00',0,3649,32),
(11060,'2025-01-03 10:30:00',0,3651,32),
(11061,'2025-01-03 15:30:00',0,3651,32),
(11062,'2025-01-03 17:50:00',0,3651,32),
(11063,'2025-01-03 20:10:00',0,3651,32),
(11064,'2025-01-03 22:30:00',0,3651,32),
(11065,'2025-01-03 16:50:00',0,3622,30),
(11066,'2025-01-03 19:10:00',0,3622,30),
(11067,'2025-01-03 21:25:00',0,3622,30),
(11068,'2025-01-03 23:40:00',0,3622,30),
(11069,'2025-01-03 09:10:00',0,3622,34),
(11070,'2025-01-03 11:25:00',0,3622,34),
(11071,'2025-01-03 13:40:00',0,3622,34),
(11072,'2025-01-03 15:55:00',0,3622,34),
(11073,'2025-01-03 18:10:00',0,3622,34),
(11074,'2025-01-03 20:25:00',0,3622,34),
(11075,'2025-01-03 22:40:00',0,3622,34),
(11076,'2025-01-02 12:15:00',0,3628,38),
(11077,'2025-01-02 14:10:00',0,3628,40),
(11078,'2025-01-02 10:30:00',0,3628,41),
(11079,'2025-01-02 16:40:00',0,3623,41),
(11080,'2025-01-02 21:15:00',0,3623,41),
(11081,'2025-01-02 18:50:00',0,3611,38),
(11082,'2025-01-02 21:10:00',0,3611,38),
(11083,'2025-01-02 16:00:00',0,3611,40),
(11084,'2025-01-02 18:20:00',0,3611,40),
(11085,'2025-01-02 20:40:00',0,3611,40),
(11086,'2025-01-02 23:00:00',0,3611,40),
(11087,'2025-01-02 13:50:00',0,3649,38),
(11088,'2025-01-02 16:15:00',0,3649,38),
(11089,'2025-01-02 09:50:00',0,3651,37),
(11090,'2025-01-02 16:15:00',0,3651,37),
(11091,'2025-01-02 18:25:00',0,3651,37),
(11092,'2025-01-02 20:35:00',0,3651,37),
(11093,'2025-01-02 22:45:00',0,3651,37),
(11094,'2025-01-02 14:10:00',0,3669,37),
(11095,'2025-01-02 11:00:00',0,3668,40),
(11096,'2025-01-02 18:55:00',0,3622,41),
(11097,'2025-01-02 12:00:00',0,3666,37),
(11098,'2025-01-03 14:00:00',0,3632,38),
(11099,'2025-01-03 10:30:00',0,3628,41),
(11100,'2025-01-03 14:25:00',0,3628,41),
(11101,'2025-01-03 14:55:00',0,3649,40),
(11102,'2025-01-03 10:20:00',0,3651,40),
(11103,'2025-01-03 17:20:00',0,3651,40),
(11104,'2025-01-03 19:30:00',0,3651,40),
(11105,'2025-01-03 21:40:00',0,3651,40),
(11106,'2025-01-03 11:50:00',0,3669,38),
(11107,'2025-01-03 16:10:00',0,3668,41),
(11108,'2025-01-03 09:30:00',0,3622,37),
(11109,'2025-01-03 11:45:00',0,3622,37),
(11110,'2025-01-03 14:00:00',0,3622,37),
(11111,'2025-01-03 16:15:00',0,3622,37),
(11112,'2025-01-03 18:30:00',0,3622,37),
(11113,'2025-01-03 20:45:00',0,3622,37),
(11114,'2025-01-03 23:00:00',0,3622,37),
(11115,'2025-01-03 09:40:00',0,3666,38),
(11116,'2025-01-04 12:30:00',0,3628,40),
(11117,'2025-01-04 10:30:00',0,3628,41),
(11118,'2025-01-04 14:10:00',1,3649,40),
(11119,'2025-01-04 10:20:00',0,3651,40),
(11120,'2025-01-04 16:35:00',1,3651,40),
(11121,'2025-01-04 18:45:00',1,3651,40),
(11122,'2025-01-04 20:55:00',1,3651,40),
(11123,'2025-01-04 23:05:00',1,3651,40),
(11124,'2025-01-04 09:30:00',0,3622,37),
(11125,'2025-01-04 11:45:00',0,3622,37),
(11126,'2025-01-04 14:00:00',0,3622,37),
(11127,'2025-01-04 16:15:00',0,3622,37),
(11128,'2025-01-04 18:30:00',0,3622,37),
(11129,'2025-01-04 20:45:00',0,3622,37),
(11130,'2025-01-04 23:00:00',0,3622,37),
(11131,'2025-01-05 12:30:00',0,3632,40),
(11132,'2025-01-05 09:50:00',0,3611,37),
(11133,'2025-01-05 12:10:00',0,3611,37),
(11134,'2025-01-05 14:30:00',0,3611,37),
(11135,'2025-01-05 16:50:00',0,3611,37),
(11136,'2025-01-05 19:10:00',0,3611,37),
(11137,'2025-01-05 21:30:00',0,3611,37),
(11138,'2025-01-05 14:50:00',0,3649,40),
(11139,'2025-01-05 10:20:00',0,3651,40),
(11140,'2025-01-05 17:15:00',1,3651,40),
(11141,'2025-01-05 19:30:00',1,3651,40),
(11142,'2025-01-05 21:40:00',1,3651,40),
(11143,'2025-01-05 16:00:00',1,3668,41),
(11144,'2025-01-05 09:30:00',0,3622,36),
(11145,'2025-01-05 11:45:00',0,3622,36),
(11146,'2025-01-05 14:00:00',0,3622,36),
(11147,'2025-01-05 16:15:00',0,3622,36),
(11148,'2025-01-05 18:30:00',0,3622,36),
(11149,'2025-01-05 20:45:00',1,3622,36),
(11150,'2025-01-05 23:00:00',1,3622,36),
(11151,'2025-01-05 10:20:00',0,3666,41),
(11152,'2025-01-09 12:30:00',0,3985,38),
(11153,'2025-01-10 12:30:00',0,3985,38),
(11154,'2025-01-02 12:40:00',0,3632,42),
(11155,'2025-01-02 17:25:00',0,3611,42),
(11156,'2025-01-02 19:45:00',0,3611,42),
(11157,'2025-01-02 22:05:00',0,3611,42),
(11158,'2025-01-02 10:10:00',0,3611,44),
(11159,'2025-01-02 12:30:00',0,3611,44),
(11160,'2025-01-02 14:50:00',0,3611,44),
(11161,'2025-01-02 17:10:00',0,3611,44),
(11162,'2025-01-02 19:30:00',0,3611,44),
(11163,'2025-01-02 21:50:00',0,3611,44),
(11164,'2025-01-02 15:00:00',0,3649,42),
(11165,'2025-01-02 10:30:00',0,3666,42),
(11166,'2025-01-03 10:00:00',0,3611,44),
(11167,'2025-01-03 12:20:00',0,3611,44),
(11168,'2025-01-03 14:40:00',0,3611,44),
(11169,'2025-01-03 17:00:00',0,3611,44),
(11170,'2025-01-03 19:20:00',0,3611,44),
(11171,'2025-01-03 21:40:00',0,3611,44),
(11172,'2025-01-04 00:00:00',0,3611,44),
(11173,'2025-01-04 09:10:00',0,3622,47),
(11174,'2025-01-04 11:25:00',0,3622,47),
(11175,'2025-01-04 13:40:00',0,3622,47),
(11176,'2025-01-04 15:55:00',0,3622,47),
(11177,'2025-01-04 18:10:00',0,3622,47),
(11178,'2025-01-04 20:25:00',0,3622,47),
(11179,'2025-01-04 22:40:00',0,3622,47),
(11180,'2025-01-04 21:30:00',0,3618,45),
(11181,'2025-01-04 17:00:00',0,3632,45),
(11182,'2025-01-04 10:00:00',0,3611,44),
(11183,'2025-01-04 12:20:00',0,3611,44),
(11184,'2025-01-04 14:40:00',0,3611,44),
(11185,'2025-01-04 17:00:00',0,3611,44),
(11186,'2025-01-04 19:20:00',0,3611,44),
(11187,'2025-01-04 21:40:00',0,3611,44),
(11188,'2025-01-05 00:00:00',0,3611,44),
(11189,'2025-01-05 09:10:00',0,3622,47),
(11190,'2025-01-05 11:25:00',0,3622,47),
(11191,'2025-01-05 13:40:00',0,3622,47),
(11192,'2025-01-05 15:55:00',0,3622,47),
(11193,'2025-01-05 18:10:00',0,3622,47),
(11194,'2025-01-05 20:25:00',0,3622,47),
(11195,'2025-01-05 22:40:00',0,3622,47),
(11196,'2025-01-05 19:15:00',0,3618,45),
(11197,'2025-01-05 22:10:00',0,3618,45),
(11198,'2025-01-05 17:00:00',0,3632,45),
(11199,'2025-01-01 17:05:00',0,3651,53),
(11200,'2025-01-03 19:40:00',0,3623,51),
(11201,'2025-01-03 22:00:00',0,3623,51),
(11202,'2025-01-03 10:10:00',0,3623,52),
(11203,'2025-01-03 10:00:00',0,3611,53),
(11204,'2025-01-03 12:20:00',0,3611,53),
(11205,'2025-01-03 14:45:00',0,3611,53),
(11206,'2025-01-03 19:25:00',1,3611,53),
(11207,'2025-01-03 21:45:00',0,3651,53),
(11208,'2025-01-03 17:20:00',0,3651,51),
(11209,'2025-01-03 14:35:00',0,3651,52),
(11210,'2025-01-03 23:25:00',0,3651,52),
(11211,'2025-01-03 21:20:00',0,3669,52),
(11212,'2025-01-03 17:05:00',0,3622,53),
(11213,'2025-01-03 19:00:00',0,3622,52),
(11214,'2025-01-03 12:25:00',0,3673,52),
(11215,'2025-01-03 16:50:00',0,3673,52),
(11216,'2025-01-01 16:25:00',0,3632,54),
(11217,'2025-01-01 16:40:00',0,3651,55),
(11218,'2025-01-03 21:05:00',0,3649,55),
(11219,'2025-01-03 09:40:00',0,3651,55),
(11220,'2025-01-03 16:35:00',0,3651,55),
(11221,'2025-01-03 18:50:00',0,3651,55),
(11222,'2025-01-03 14:25:00',0,3669,55),
(11223,'2025-01-03 12:00:00',0,3650,55),
(11224,'2025-01-04 12:15:00',0,3628,58),
(11225,'2025-01-04 14:10:00',0,3628,58),
(11226,'2025-01-04 11:25:00',0,3649,57),
(11227,'2025-01-04 16:05:00',0,3649,57),
(11228,'2025-01-04 09:15:00',0,3669,57),
(11229,'2025-01-04 13:50:00',0,3666,57),
(11230,'2025-01-08 09:00:00',0,3611,56),
(11231,'2025-01-08 11:20:00',0,3611,56),
(11232,'2025-01-08 13:40:00',0,3611,56),
(11233,'2025-01-08 16:00:00',0,3611,56),
(11234,'2025-01-08 18:20:00',0,3611,56),
(11235,'2025-01-08 20:40:00',0,3611,56),
(11236,'2025-01-08 23:00:00',0,3611,56),
(11237,'2025-01-07 08:50:00',0,3649,8),
(11238,'2025-01-07 13:30:00',1,3649,8),
(11239,'2025-01-05 12:45:00',0,3649,16),
(11240,'2025-01-05 10:50:00',0,3649,17),
(11241,'2025-01-05 15:25:00',0,3649,17),
(11242,'2025-01-02 19:30:00',0,3623,53),
(11243,'2025-01-02 19:15:00',0,3611,52),
(11244,'2025-01-02 19:40:00',0,3651,51),
(11245,'2025-01-02 21:35:00',0,3669,52),
(11246,'2025-01-03 15:10:00',0,3628,3),
(11247,'2025-01-03 11:15:00',0,3632,8),
(11248,'2025-01-04 08:30:00',0,3611,1),
(11249,'2025-01-04 10:50:00',0,3611,1),
(11250,'2025-01-04 13:10:00',0,3611,1),
(11251,'2025-01-04 15:30:00',0,3611,1),
(11252,'2025-01-04 17:50:00',0,3611,1),
(11253,'2025-01-04 20:10:00',0,3611,1),
(11254,'2025-01-04 22:30:00',0,3611,1),
(11255,'2025-01-04 21:50:00',0,3611,3),
(11256,'2025-01-04 23:30:00',0,3611,8),
(11257,'2025-01-04 22:05:00',0,3651,5),
(11258,'2025-01-04 14:00:00',0,3668,5),
(11259,'2025-01-04 20:25:00',0,3668,8),
(11260,'2025-01-04 17:10:00',0,3649,5),
(11261,'2025-01-04 19:35:00',0,3649,5),
(11262,'2025-01-04 08:35:00',0,3673,3),
(11263,'2025-01-04 18:00:00',0,3650,8),
(11264,'2025-01-04 10:45:00',0,3628,3),
(11265,'2025-01-04 14:50:00',0,3628,6),
(11266,'2025-01-04 12:50:00',0,3632,3),
(11267,'2025-01-04 11:15:00',0,3632,8),
(11268,'2025-01-05 08:30:00',0,3611,1),
(11269,'2025-01-05 10:50:00',0,3611,1),
(11270,'2025-01-05 13:10:00',0,3611,1),
(11271,'2025-01-05 15:30:00',0,3611,1),
(11272,'2025-01-05 17:50:00',0,3611,1),
(11273,'2025-01-05 20:10:00',0,3611,1),
(11274,'2025-01-05 22:30:00',0,3611,1),
(11275,'2025-01-05 19:35:00',0,3651,3),
(11276,'2025-01-05 17:30:00',0,3651,5),
(11277,'2025-01-05 22:50:00',0,3651,5),
(11278,'2025-01-05 18:35:00',0,3651,6),
(11279,'2025-01-05 20:50:00',0,3651,6),
(11280,'2025-01-05 23:50:00',0,3651,8),
(11281,'2025-01-06 19:45:00',1,3668,5),
(11282,'2025-01-06 20:45:00',1,3668,8),
(11283,'2025-01-06 15:55:00',1,3649,8),
(11284,'2025-01-06 18:20:00',0,3649,8),
(11285,'2025-01-06 15:25:00',1,3669,5),
(11286,'2025-01-06 16:30:00',0,3669,6),
(11287,'2025-01-06 08:35:00',0,3673,3),
(11288,'2025-01-06 23:05:00',0,3673,6),
(11289,'2025-01-06 08:45:00',0,3650,5),
(11290,'2025-01-05 10:40:00',0,3628,3),
(11291,'2025-01-05 14:50:00',0,3628,6),
(11292,'2025-01-05 17:35:00',0,3632,5),
(11293,'2025-01-05 11:15:00',0,3632,8),
(11294,'2025-01-06 08:30:00',0,3611,1),
(11295,'2025-01-06 10:50:00',0,3611,1),
(11296,'2025-01-06 13:10:00',0,3611,1),
(11297,'2025-01-06 15:30:00',0,3611,1),
(11298,'2025-01-06 17:50:00',0,3611,1),
(11299,'2025-01-06 20:10:00',0,3611,1),
(11300,'2025-01-06 22:30:00',0,3611,1),
(11301,'2025-01-06 21:30:00',0,3611,8),
(11302,'2025-01-07 00:05:00',0,3651,3),
(11303,'2025-01-07 19:50:00',0,3651,5),
(11304,'2025-01-07 22:05:00',0,3651,5),
(11305,'2025-01-07 09:10:00',0,3651,6),
(11306,'2025-01-07 16:30:00',0,3651,6),
(11307,'2025-01-07 18:45:00',0,3651,6),
(11308,'2025-01-07 21:00:00',0,3651,6),
(11309,'2025-01-07 23:15:00',0,3651,6),
(11310,'2025-01-07 15:05:00',0,3622,3),
(11311,'2025-01-07 17:20:00',0,3622,3),
(11312,'2025-01-07 19:35:00',0,3622,3),
(11313,'2025-01-07 21:50:00',0,3622,3),
(11314,'2025-01-07 18:25:00',1,3668,8),
(11315,'2025-01-07 23:50:00',0,3668,8),
(11316,'2025-01-07 12:20:00',0,3649,3),
(11317,'2025-01-07 16:00:00',1,3649,8),
(11318,'2025-01-07 13:20:00',1,3669,5),
(11319,'2025-01-07 15:30:00',1,3669,5),
(11320,'2025-01-07 08:30:00',0,3673,3),
(11321,'2025-01-07 08:45:00',0,3650,5),
(11322,'2025-01-08 17:00:00',0,3771,4),
(11323,'2025-01-09 17:00:00',0,3771,4),
(11324,'2025-01-10 17:00:00',0,3771,4),
(11325,'2025-01-03 19:40:00',0,3611,11),
(11326,'2025-01-03 22:00:00',0,3611,11),
(11327,'2025-01-03 10:40:00',0,3651,11),
(11328,'2025-01-03 17:25:00',0,3651,11),
(11329,'2025-01-03 19:10:00',0,3651,12),
(11330,'2025-01-03 21:30:00',0,3651,12),
(11331,'2025-01-03 15:10:00',0,3666,11),
(11332,'2025-01-03 13:00:00',0,3669,11),
(11333,'2025-01-03 17:00:00',0,3669,12),
(11334,'2025-01-04 11:55:00',0,3628,11),
(11335,'2025-01-04 20:30:00',0,3623,11),
(11336,'2025-01-04 10:35:00',0,3611,10),
(11337,'2025-01-04 15:05:00',0,3611,10),
(11338,'2025-01-04 19:40:00',0,3611,10),
(11339,'2025-01-04 22:00:00',0,3611,10),
(11340,'2025-01-04 17:25:00',0,3651,10),
(11341,'2025-01-04 09:40:00',0,3651,11),
(11342,'2025-01-04 14:35:00',0,3651,12),
(11343,'2025-01-04 19:50:00',0,3651,12),
(11344,'2025-01-04 22:00:00',0,3651,12),
(11345,'2025-01-04 16:00:00',0,3622,11),
(11346,'2025-01-04 18:15:00',0,3622,11),
(11347,'2025-01-04 16:45:00',0,3668,12),
(11348,'2025-01-04 13:35:00',0,3649,11),
(11349,'2025-01-04 10:00:00',0,3666,12),
(11350,'2025-01-04 12:55:00',0,3669,10),
(11351,'2025-01-05 11:55:00',0,3628,11),
(11352,'2025-01-05 20:30:00',0,3623,11),
(11353,'2025-01-05 10:40:00',0,3611,10),
(11354,'2025-01-05 15:05:00',0,3611,10),
(11355,'2025-01-05 19:40:00',0,3611,10),
(11356,'2025-01-05 22:00:00',0,3611,10),
(11357,'2025-01-05 17:25:00',0,3651,10),
(11358,'2025-01-05 09:40:00',0,3651,11),
(11359,'2025-01-05 14:35:00',0,3651,12),
(11360,'2025-01-05 19:50:00',0,3651,12),
(11361,'2025-01-05 22:00:00',0,3651,12),
(11362,'2025-01-05 16:00:00',0,3622,11),
(11363,'2025-01-05 18:15:00',0,3622,11),
(11364,'2025-01-05 16:45:00',0,3668,12),
(11365,'2025-01-05 13:35:00',0,3649,11),
(11366,'2025-01-05 10:00:00',0,3666,12),
(11367,'2025-01-05 13:00:00',0,3669,10),
(11368,'2025-01-06 10:20:00',0,3611,9),
(11369,'2025-01-06 12:40:00',0,3611,9),
(11370,'2025-01-06 15:00:00',0,3611,9),
(11371,'2025-01-06 17:20:00',0,3611,9),
(11372,'2025-01-06 19:40:00',0,3611,9),
(11373,'2025-01-06 22:00:00',0,3611,9),
(11374,'2025-01-06 10:10:00',0,3651,10),
(11375,'2025-01-06 12:20:00',1,3651,10),
(11376,'2025-01-06 14:30:00',1,3651,10),
(11377,'2025-01-06 16:40:00',1,3651,10),
(11378,'2025-01-06 18:50:00',1,3651,10),
(11379,'2025-01-06 21:00:00',1,3651,10),
(11380,'2025-01-06 09:30:00',0,3666,12),
(11381,'2025-01-07 10:20:00',0,3611,9),
(11382,'2025-01-07 12:40:00',0,3611,9),
(11383,'2025-01-07 15:00:00',0,3611,9),
(11384,'2025-01-07 17:20:00',0,3611,9),
(11385,'2025-01-07 19:40:00',0,3611,9),
(11386,'2025-01-07 22:00:00',0,3611,9),
(11387,'2025-01-07 10:10:00',0,3651,10),
(11388,'2025-01-07 12:20:00',1,3651,10),
(11389,'2025-01-07 14:30:00',1,3651,10),
(11390,'2025-01-07 16:40:00',1,3651,10),
(11391,'2025-01-07 18:50:00',1,3651,10),
(11392,'2025-01-07 21:00:00',1,3651,10),
(11393,'2025-01-08 10:20:00',0,3611,9),
(11394,'2025-01-08 12:40:00',0,3611,9),
(11395,'2025-01-08 15:00:00',0,3611,9),
(11396,'2025-01-08 17:20:00',0,3611,9),
(11397,'2025-01-08 19:40:00',0,3611,9),
(11398,'2025-01-08 22:00:00',0,3611,9),
(11399,'2025-01-09 10:20:00',0,3611,9),
(11400,'2025-01-09 12:40:00',0,3611,9),
(11401,'2025-01-09 15:00:00',0,3611,9),
(11402,'2025-01-09 17:20:00',0,3611,9),
(11403,'2025-01-09 19:40:00',0,3611,9),
(11404,'2025-01-09 22:00:00',0,3611,9),
(11405,'2025-01-10 10:20:00',0,3611,9),
(11406,'2025-01-10 12:40:00',0,3611,9),
(11407,'2025-01-10 15:00:00',0,3611,9),
(11408,'2025-01-10 17:20:00',0,3611,9),
(11409,'2025-01-10 19:40:00',0,3611,9),
(11410,'2025-01-10 22:00:00',0,3611,9),
(11411,'2025-01-11 10:20:00',0,3611,9),
(11412,'2025-01-11 12:40:00',0,3611,9),
(11413,'2025-01-11 15:00:00',0,3611,9),
(11414,'2025-01-11 17:20:00',0,3611,9),
(11415,'2025-01-11 19:40:00',0,3611,9),
(11416,'2025-01-11 22:00:00',0,3611,9),
(11417,'2025-01-12 10:20:00',0,3611,9),
(11418,'2025-01-12 12:40:00',0,3611,9),
(11419,'2025-01-12 15:00:00',0,3611,9),
(11420,'2025-01-12 17:20:00',0,3611,9),
(11421,'2025-01-12 19:40:00',0,3611,9),
(11422,'2025-01-12 22:00:00',0,3611,9),
(11423,'2025-01-03 11:00:00',0,3628,18),
(11424,'2025-01-03 13:25:00',0,3628,18),
(11425,'2025-01-03 21:00:00',0,3623,15),
(11426,'2025-01-03 13:10:00',0,3611,13),
(11427,'2025-01-03 10:10:00',0,3611,14),
(11428,'2025-01-03 12:30:00',0,3611,14),
(11429,'2025-01-03 14:50:00',0,3611,14),
(11430,'2025-01-03 17:10:00',0,3611,14),
(11431,'2025-01-03 19:30:00',0,3611,14),
(11432,'2025-01-03 21:50:00',0,3611,14),
(11433,'2025-01-04 00:10:00',0,3611,14),
(11434,'2025-01-04 15:10:00',0,3651,18),
(11435,'2025-01-04 17:25:00',0,3651,18),
(11436,'2025-01-04 19:50:00',0,3651,18),
(11437,'2025-01-04 22:20:00',0,3651,18),
(11438,'2025-01-04 20:30:00',0,3668,16),
(11439,'2025-01-04 18:00:00',0,3649,16),
(11440,'2025-01-04 16:30:00',0,3666,15),
(11441,'2025-01-04 13:15:00',0,3666,17),
(11442,'2025-01-04 11:10:00',0,3669,16),
(11443,'2025-01-04 16:50:00',0,3618,20),
(11444,'2025-01-04 19:45:00',0,3618,20),
(11445,'2025-01-04 22:40:00',0,3618,20),
(11446,'2025-01-04 23:35:00',0,3673,16),
(11447,'2025-01-04 12:40:00',0,3856,18),
(11448,'2025-01-04 20:55:00',0,3856,19),
(11449,'2025-01-04 11:50:00',0,3628,16),
(11450,'2025-01-04 09:10:00',0,3628,19),
(11451,'2025-01-04 10:50:00',0,3628,19),
(11452,'2025-01-04 18:00:00',0,3632,16),
(11453,'2025-01-04 12:10:00',0,3632,18),
(11454,'2025-01-04 16:40:00',0,3632,18),
(11455,'2025-01-04 22:05:00',0,3623,18),
(11456,'2025-01-04 23:20:00',0,3612,16),
(11457,'2025-01-04 10:30:00',0,3611,14),
(11458,'2025-01-04 12:50:00',0,3611,14),
(11459,'2025-01-04 15:10:00',0,3611,14),
(11460,'2025-01-04 17:30:00',0,3611,14),
(11461,'2025-01-04 19:50:00',0,3611,14),
(11462,'2025-01-04 22:10:00',0,3611,14),
(11463,'2025-01-04 18:50:00',0,3611,15),
(11464,'2025-01-04 21:10:00',0,3611,15),
(11465,'2025-01-04 23:30:00',0,3611,15),
(11466,'2025-01-04 09:45:00',0,3611,22),
(11467,'2025-01-04 12:05:00',0,3611,22),
(11468,'2025-01-04 14:25:00',0,3611,22),
(11469,'2025-01-04 16:45:00',0,3611,22),
(11470,'2025-01-04 19:20:00',0,3611,22),
(11471,'2025-01-04 21:40:00',0,3611,22),
(11472,'2025-01-05 00:00:00',0,3611,22),
(11473,'2025-01-05 16:50:00',0,3651,13),
(11474,'2025-01-05 19:05:00',0,3651,13),
(11475,'2025-01-05 21:20:00',0,3651,13),
(11476,'2025-01-05 23:45:00',0,3651,13),
(11477,'2025-01-05 22:45:00',0,3651,19),
(11478,'2025-01-05 08:40:00',0,3668,16),
(11479,'2025-01-05 20:15:00',0,3668,16),
(11480,'2025-01-05 11:10:00',0,3649,13),
(11481,'2025-01-05 15:35:00',0,3649,16),
(11482,'2025-01-05 13:45:00',0,3666,13),
(11483,'2025-01-05 09:00:00',0,3669,13),
(11484,'2025-01-05 13:30:00',0,3669,16),
(11485,'2025-01-05 14:30:00',0,3669,18),
(11486,'2025-01-05 23:10:00',0,3673,17),
(11487,'2025-01-05 16:00:00',0,3856,13),
(11488,'2025-01-05 11:50:00',0,3628,16),
(11489,'2025-01-05 09:10:00',0,3628,19),
(11490,'2025-01-05 10:50:00',0,3628,19),
(11491,'2025-01-05 12:10:00',0,3632,18),
(11492,'2025-01-05 16:40:00',0,3632,18),
(11493,'2025-01-05 10:30:00',0,3611,14),
(11494,'2025-01-05 12:50:00',0,3611,14),
(11495,'2025-01-05 15:10:00',0,3611,14),
(11496,'2025-01-05 17:30:00',0,3611,14),
(11497,'2025-01-05 19:50:00',0,3611,14),
(11498,'2025-01-05 22:10:00',0,3611,14),
(11499,'2025-01-05 18:50:00',0,3611,16),
(11500,'2025-01-05 21:10:00',0,3611,16),
(11501,'2025-01-05 23:30:00',0,3611,16),
(11502,'2025-01-05 09:45:00',0,3611,22),
(11503,'2025-01-05 12:05:00',0,3611,22),
(11504,'2025-01-05 14:25:00',0,3611,22),
(11505,'2025-01-05 16:45:00',0,3611,22),
(11506,'2025-01-05 19:20:00',0,3611,22),
(11507,'2025-01-05 21:40:00',0,3611,22),
(11508,'2025-01-06 00:00:00',0,3611,22),
(11509,'2025-01-06 16:50:00',0,3651,13),
(11510,'2025-01-06 19:05:00',0,3651,13),
(11511,'2025-01-06 21:20:00',0,3651,13),
(11512,'2025-01-06 23:45:00',0,3651,13),
(11513,'2025-01-06 15:50:00',1,3651,19),
(11514,'2025-01-06 18:05:00',1,3651,19),
(11515,'2025-01-06 20:20:00',1,3651,19),
(11516,'2025-01-06 23:20:00',1,3651,19),
(11517,'2025-01-06 09:45:00',0,3622,15),
(11518,'2025-01-06 12:00:00',1,3622,15),
(11519,'2025-01-06 14:15:00',1,3622,15),
(11520,'2025-01-06 21:00:00',0,3622,15),
(11521,'2025-01-06 23:15:00',0,3622,15),
(11522,'2025-01-06 08:40:00',0,3668,16),
(11523,'2025-01-06 15:35:00',0,3668,16),
(11524,'2025-01-06 11:10:00',0,3649,13),
(11525,'2025-01-06 18:35:00',0,3649,15),
(11526,'2025-01-06 09:20:00',1,3649,17),
(11527,'2025-01-06 14:00:00',1,3649,17),
(11528,'2025-01-06 13:45:00',0,3666,13),
(11529,'2025-01-06 11:45:00',0,3666,17),
(11530,'2025-01-06 16:25:00',0,3666,17),
(11531,'2025-01-06 09:00:00',0,3669,13),
(11532,'2025-01-06 16:30:00',0,3669,15),
(11533,'2025-01-06 13:30:00',0,3669,16),
(11534,'2025-01-06 10:00:00',0,3669,18),
(11535,'2025-01-06 14:30:00',1,3669,18),
(11536,'2025-01-06 17:50:00',1,3618,20),
(11537,'2025-01-06 20:45:00',1,3618,20),
(11538,'2025-01-06 23:40:00',1,3618,20),
(11539,'2025-01-06 22:05:00',0,3673,18),
(11540,'2025-01-06 16:00:00',0,3856,13),
(11541,'2025-01-06 19:00:00',0,3856,18),
(11542,'2025-01-06 22:35:00',0,3856,19),
(11543,'2025-01-08 16:00:00',0,3771,20),
(11544,'2025-01-09 16:00:00',0,3771,20),
(11545,'2025-01-10 16:00:00',0,3771,20),
(11546,'2025-01-03 11:00:00',0,3628,28),
(11547,'2025-01-03 10:00:00',0,3632,27),
(11548,'2025-01-03 22:20:00',0,3623,28),
(11549,'2025-01-03 20:30:00',0,3612,24),
(11550,'2025-01-03 22:55:00',0,3612,24),
(11551,'2025-01-03 14:50:00',0,3612,28),
(11552,'2025-01-03 20:00:00',0,3611,25),
(11553,'2025-01-03 14:10:00',0,3611,29),
(11554,'2025-01-03 16:30:00',0,3611,29),
(11555,'2025-01-03 18:50:00',0,3611,29),
(11556,'2025-01-03 21:10:00',0,3611,29),
(11557,'2025-01-03 11:45:00',0,3651,24),
(11558,'2025-01-03 18:20:00',0,3651,24),
(11559,'2025-01-03 21:00:00',0,3651,26),
(11560,'2025-01-03 23:15:00',0,3651,26),
(11561,'2025-01-03 14:00:00',0,3666,24),
(11562,'2025-01-03 16:10:00',0,3666,24),
(11563,'2025-01-03 19:00:00',0,3667,27),
(11564,'2025-01-03 22:05:00',0,3667,27),
(11565,'2025-01-03 17:15:00',0,3667,28),
(11566,'2025-01-03 11:10:00',0,3667,29),
(11567,'2025-01-03 12:40:00',0,3673,28),
(11568,'2025-01-03 20:05:00',0,3673,28),
(11569,'2025-01-04 11:00:00',0,3628,28),
(11570,'2025-01-04 11:45:00',0,3632,24),
(11571,'2025-01-04 22:20:00',0,3623,28),
(11572,'2025-01-04 20:30:00',0,3612,24),
(11573,'2025-01-04 22:55:00',0,3612,24),
(11574,'2025-01-04 09:50:00',0,3612,27),
(11575,'2025-01-04 20:05:00',0,3611,25),
(11576,'2025-01-04 23:15:00',0,3611,26),
(11577,'2025-01-04 14:10:00',0,3611,29),
(11578,'2025-01-04 16:30:00',0,3611,29),
(11579,'2025-01-04 18:50:00',0,3611,29),
(11580,'2025-01-04 21:10:00',0,3611,29),
(11581,'2025-01-04 14:00:00',0,3651,24),
(11582,'2025-01-04 18:20:00',0,3651,24),
(11583,'2025-01-04 22:30:00',0,3651,25),
(11584,'2025-01-04 21:00:00',0,3651,26),
(11585,'2025-01-04 12:45:00',0,3649,28),
(11586,'2025-01-04 09:35:00',0,3666,24),
(11587,'2025-01-04 16:10:00',0,3666,24),
(11588,'2025-01-04 14:30:00',0,3666,27),
(11589,'2025-01-04 18:05:00',0,3669,28),
(11590,'2025-01-04 15:10:00',0,3667,28),
(11591,'2025-01-04 11:10:00',0,3667,29),
(11592,'2025-01-04 20:10:00',0,3673,28),
(11593,'2025-01-05 11:00:00',0,3628,28),
(11594,'2025-01-05 11:45:00',0,3632,24),
(11595,'2025-01-05 22:40:00',0,3623,28),
(11596,'2025-01-05 12:35:00',0,3612,23),
(11597,'2025-01-05 15:00:00',0,3612,23),
(11598,'2025-01-05 20:35:00',0,3612,24),
(11599,'2025-01-05 23:00:00',0,3612,24),
(11600,'2025-01-05 09:50:00',0,3612,27),
(11601,'2025-01-05 18:00:00',0,3612,28),
(11602,'2025-01-05 10:40:00',0,3611,25),
(11603,'2025-01-05 15:15:00',0,3611,25),
(11604,'2025-01-05 17:40:00',0,3611,25),
(11605,'2025-01-05 20:00:00',0,3611,25),
(11606,'2025-01-05 22:25:00',0,3611,25),
(11607,'2025-01-05 14:10:00',0,3611,29),
(11608,'2025-01-05 16:30:00',0,3611,29),
(11609,'2025-01-05 18:50:00',0,3611,29),
(11610,'2025-01-05 21:10:00',0,3611,29),
(11611,'2025-01-05 14:00:00',0,3651,24),
(11612,'2025-01-05 18:20:00',0,3651,24),
(11613,'2025-01-05 10:00:00',0,3651,26),
(11614,'2025-01-05 15:20:00',0,3651,26),
(11615,'2025-01-05 20:40:00',0,3651,26),
(11616,'2025-01-05 22:50:00',0,3651,26),
(11617,'2025-01-05 12:15:00',0,3622,27),
(11618,'2025-01-05 22:10:00',0,3622,27),
(11619,'2025-01-05 12:45:00',0,3649,28),
(11620,'2025-01-05 09:35:00',0,3666,24),
(11621,'2025-01-05 16:10:00',0,3666,24),
(11622,'2025-01-05 14:30:00',0,3666,27),
(11623,'2025-01-05 22:35:00',0,3667,23),
(11624,'2025-01-05 16:40:00',0,3667,27),
(11625,'2025-01-05 19:25:00',0,3667,27),
(11626,'2025-01-05 15:10:00',0,3667,28),
(11627,'2025-01-05 11:10:00',0,3667,29),
(11628,'2025-01-05 09:30:00',0,3855,23),
(11629,'2025-01-05 12:10:00',0,3855,26),
(11630,'2025-01-05 17:30:00',0,3855,26),
(11631,'2025-01-05 13:00:00',0,3673,25),
(11632,'2025-01-05 20:25:00',0,3673,28),
(11633,'2025-01-05 20:30:00',0,3682,23),
(11634,'2025-01-05 19:40:00',0,3957,23),
(11635,'2025-01-05 17:25:00',0,3633,23),
(11636,'2025-01-07 18:20:00',0,3612,24),
(11637,'2025-01-03 22:40:00',0,3611,32),
(11638,'2025-01-03 19:10:00',0,3651,30),
(11639,'2025-01-03 21:25:00',0,3651,30),
(11640,'2025-01-03 23:40:00',0,3651,30),
(11641,'2025-01-03 16:50:00',0,3666,30),
(11642,'2025-01-04 09:10:00',0,3628,30),
(11643,'2025-01-04 10:50:00',0,3628,30),
(11644,'2025-01-04 13:50:00',0,3628,32),
(11645,'2025-01-04 12:30:00',0,3632,30),
(11646,'2025-01-04 14:45:00',0,3632,30),
(11647,'2025-01-04 11:20:00',0,3632,35),
(11648,'2025-01-05 00:00:00',0,3623,30),
(11649,'2025-01-05 19:20:00',0,3611,30),
(11650,'2025-01-05 21:40:00',0,3611,30),
(11651,'2025-01-05 09:40:00',1,3611,31),
(11652,'2025-01-05 12:00:00',1,3611,31),
(11653,'2025-01-05 16:40:00',0,3611,31),
(11654,'2025-01-05 19:00:00',1,3611,31),
(11655,'2025-01-05 21:20:00',1,3611,31),
(11656,'2025-01-05 23:40:00',1,3611,31),
(11657,'2025-01-05 10:40:00',1,3611,33),
(11658,'2025-01-05 13:00:00',1,3611,33),
(11659,'2025-01-05 15:20:00',1,3611,33),
(11660,'2025-01-05 17:40:00',1,3611,33),
(11661,'2025-01-05 20:00:00',1,3611,33),
(11662,'2025-01-05 22:20:00',1,3611,33),
(11663,'2025-01-05 14:10:00',1,3611,34),
(11664,'2025-01-05 09:00:00',0,3611,35),
(11665,'2025-01-05 13:40:00',0,3611,35),
(11666,'2025-01-05 16:00:00',0,3611,35),
(11667,'2025-01-05 18:20:00',0,3611,35),
(11668,'2025-01-05 20:40:00',0,3611,35),
(11669,'2025-01-05 23:00:00',0,3611,35),
(11670,'2025-01-05 09:20:00',0,3651,32),
(11671,'2025-01-05 11:35:00',0,3651,32),
(11672,'2025-01-05 15:30:00',0,3651,32),
(11673,'2025-01-05 17:45:00',0,3651,32),
(11674,'2025-01-05 20:10:00',0,3651,32),
(11675,'2025-01-05 22:30:00',0,3651,32),
(11676,'2025-01-05 17:00:00',0,3622,30),
(11677,'2025-01-05 14:20:00',0,3622,31),
(11678,'2025-01-05 09:30:00',0,3622,34),
(11679,'2025-01-05 18:55:00',0,3622,34),
(11680,'2025-01-05 21:10:00',0,3622,34),
(11681,'2025-01-05 23:30:00',0,3622,34),
(11682,'2025-01-05 11:45:00',0,3649,34),
(11683,'2025-01-05 16:30:00',0,3649,34),
(11684,'2025-01-05 13:50:00',0,3628,30),
(11685,'2025-01-05 09:10:00',0,3628,32),
(11686,'2025-01-05 10:50:00',0,3628,32),
(11687,'2025-01-05 12:30:00',0,3632,32),
(11688,'2025-01-05 14:45:00',0,3632,32),
(11689,'2025-01-05 11:20:00',0,3632,34),
(11690,'2025-01-05 10:40:00',0,3611,31),
(11691,'2025-01-05 13:00:00',0,3611,31),
(11692,'2025-01-05 15:20:00',0,3611,31),
(11693,'2025-01-05 17:40:00',0,3611,31),
(11694,'2025-01-05 20:00:00',0,3611,31),
(11695,'2025-01-05 22:20:00',0,3611,31),
(11696,'2025-01-05 19:20:00',0,3611,32),
(11697,'2025-01-05 21:40:00',0,3611,32),
(11698,'2025-01-05 09:40:00',0,3611,33),
(11699,'2025-01-05 12:00:00',0,3611,33),
(11700,'2025-01-05 16:40:00',0,3611,33),
(11701,'2025-01-05 19:00:00',0,3611,33),
(11702,'2025-01-05 21:20:00',0,3611,33),
(11703,'2025-01-05 09:00:00',0,3611,34),
(11704,'2025-01-05 13:35:00',0,3611,34),
(11705,'2025-01-05 15:55:00',0,3611,34),
(11706,'2025-01-05 18:15:00',0,3611,34),
(11707,'2025-01-05 20:35:00',0,3611,34),
(11708,'2025-01-05 22:55:00',0,3611,34),
(11709,'2025-01-05 14:10:00',1,3611,35),
(11710,'2025-01-05 09:20:00',0,3651,30),
(11711,'2025-01-05 11:35:00',0,3651,30),
(11712,'2025-01-05 15:30:00',0,3651,30),
(11713,'2025-01-05 17:45:00',0,3651,30),
(11714,'2025-01-05 20:10:00',0,3651,30),
(11715,'2025-01-05 22:30:00',0,3651,30),
(11716,'2025-01-05 17:00:00',0,3622,32),
(11717,'2025-01-05 14:20:00',0,3622,33),
(11718,'2025-01-05 09:30:00',0,3622,35),
(11719,'2025-01-05 18:55:00',0,3622,35),
(11720,'2025-01-05 21:10:00',0,3622,35),
(11721,'2025-01-05 11:45:00',0,3649,35),
(11722,'2025-01-05 16:30:00',0,3649,35),
(11723,'2025-01-06 09:20:00',0,3628,31),
(11724,'2025-01-06 12:20:00',0,3628,32),
(11725,'2025-01-06 14:00:00',0,3632,32),
(11726,'2025-01-06 16:20:00',0,3632,32),
(11727,'2025-01-06 11:10:00',0,3611,31),
(11728,'2025-01-06 13:30:00',0,3611,31),
(11729,'2025-01-06 15:50:00',0,3611,31),
(11730,'2025-01-06 18:10:00',0,3611,31),
(11731,'2025-01-06 20:30:00',0,3611,31),
(11732,'2025-01-06 22:50:00',0,3611,31),
(11733,'2025-01-06 10:00:00',0,3611,32),
(11734,'2025-01-06 09:30:00',0,3611,33),
(11735,'2025-01-06 11:50:00',0,3611,33),
(11736,'2025-01-06 14:10:00',0,3611,33),
(11737,'2025-01-06 16:30:00',0,3611,33),
(11738,'2025-01-06 18:50:00',0,3611,33),
(11739,'2025-01-06 21:10:00',0,3611,33),
(11740,'2025-01-06 10:30:00',0,3611,34),
(11741,'2025-01-06 12:50:00',0,3611,34),
(11742,'2025-01-06 15:10:00',0,3611,34),
(11743,'2025-01-06 17:30:00',0,3611,34),
(11744,'2025-01-06 19:50:00',0,3611,34),
(11745,'2025-01-06 22:10:00',0,3611,34),
(11746,'2025-01-06 19:20:00',0,3611,35),
(11747,'2025-01-06 21:40:00',0,3611,35),
(11748,'2025-01-06 09:00:00',0,3651,30),
(11749,'2025-01-06 13:40:00',0,3651,30),
(11750,'2025-01-06 15:55:00',0,3651,30),
(11751,'2025-01-06 18:20:00',0,3651,30),
(11752,'2025-01-06 20:35:00',0,3651,30),
(11753,'2025-01-06 22:50:00',0,3651,30),
(11754,'2025-01-06 18:40:00',0,3622,32),
(11755,'2025-01-06 21:00:00',0,3622,32),
(11756,'2025-01-06 09:50:00',0,3622,35),
(11757,'2025-01-06 12:10:00',0,3622,35),
(11758,'2025-01-06 14:30:00',0,3622,35),
(11759,'2025-01-06 11:15:00',0,3649,30),
(11760,'2025-01-06 16:50:00',0,3649,35),
(11761,'2025-01-07 09:20:00',0,3628,31),
(11762,'2025-01-07 12:20:00',0,3628,32),
(11763,'2025-01-07 14:00:00',0,3632,32),
(11764,'2025-01-07 16:20:00',0,3632,32),
(11765,'2025-01-07 11:10:00',0,3611,31),
(11766,'2025-01-07 13:30:00',0,3611,31),
(11767,'2025-01-07 15:50:00',0,3611,31),
(11768,'2025-01-07 18:10:00',0,3611,31),
(11769,'2025-01-07 20:30:00',0,3611,31),
(11770,'2025-01-07 22:50:00',0,3611,31),
(11771,'2025-01-07 10:00:00',0,3611,32),
(11772,'2025-01-07 09:30:00',0,3611,33),
(11773,'2025-01-07 11:50:00',0,3611,33),
(11774,'2025-01-07 14:10:00',0,3611,33),
(11775,'2025-01-07 16:30:00',0,3611,33),
(11776,'2025-01-07 18:50:00',0,3611,33),
(11777,'2025-01-07 21:10:00',0,3611,33),
(11778,'2025-01-07 10:30:00',0,3611,34),
(11779,'2025-01-07 12:50:00',0,3611,34),
(11780,'2025-01-07 15:10:00',0,3611,34),
(11781,'2025-01-07 17:30:00',0,3611,34),
(11782,'2025-01-07 19:50:00',0,3611,34),
(11783,'2025-01-07 22:10:00',0,3611,34),
(11784,'2025-01-07 19:20:00',0,3611,35),
(11785,'2025-01-07 21:40:00',0,3611,35),
(11786,'2025-01-07 09:00:00',0,3651,30),
(11787,'2025-01-07 13:40:00',0,3651,30),
(11788,'2025-01-07 15:55:00',0,3651,30),
(11789,'2025-01-07 18:20:00',0,3651,30),
(11790,'2025-01-07 20:35:00',0,3651,30),
(11791,'2025-01-07 22:50:00',0,3651,30),
(11792,'2025-01-07 18:40:00',0,3622,32),
(11793,'2025-01-07 21:00:00',0,3622,32),
(11794,'2025-01-07 09:50:00',0,3622,35),
(11795,'2025-01-07 12:10:00',0,3622,35),
(11796,'2025-01-07 14:30:00',0,3622,35),
(11797,'2025-01-07 11:15:00',0,3649,30),
(11798,'2025-01-07 16:50:00',0,3649,35),
(11799,'2025-01-03 19:15:00',0,3623,41),
(11800,'2025-01-03 21:30:00',0,3623,41),
(11801,'2025-01-04 00:00:00',0,3611,36),
(11802,'2025-01-04 16:20:00',0,3611,38),
(11803,'2025-01-04 18:40:00',0,3611,38),
(11804,'2025-01-04 21:00:00',0,3611,38),
(11805,'2025-01-04 23:20:00',0,3611,38),
(11806,'2025-01-04 10:50:00',0,3611,39),
(11807,'2025-01-04 13:10:00',0,3611,39),
(11808,'2025-01-04 15:30:00',0,3611,39),
(11809,'2025-01-04 17:50:00',0,3611,39),
(11810,'2025-01-04 20:10:00',0,3611,39),
(11811,'2025-01-04 22:30:00',0,3611,39),
(11812,'2025-01-04 14:00:00',0,3651,37),
(11813,'2025-01-04 17:20:00',0,3651,40),
(11814,'2025-01-04 19:30:00',0,3651,40),
(11815,'2025-01-04 21:40:00',0,3651,40),
(11816,'2025-01-04 23:45:00',0,3651,41),
(11817,'2025-01-04 16:10:00',0,3668,41),
(11818,'2025-01-04 12:30:00',0,3649,40),
(11819,'2025-01-04 14:55:00',0,3649,40),
(11820,'2025-01-04 11:50:00',0,3669,38),
(11821,'2025-01-04 18:40:00',0,3632,37),
(11822,'2025-01-04 22:10:00',0,3623,41),
(11823,'2025-01-05 00:00:00',0,3611,36),
(11824,'2025-01-05 16:20:00',1,3611,38),
(11825,'2025-01-05 18:40:00',1,3611,38),
(11826,'2025-01-05 21:00:00',1,3611,38),
(11827,'2025-01-05 23:20:00',1,3611,38),
(11828,'2025-01-05 10:50:00',1,3611,39),
(11829,'2025-01-05 13:10:00',1,3611,39),
(11830,'2025-01-05 15:30:00',1,3611,39),
(11831,'2025-01-05 17:50:00',1,3611,39),
(11832,'2025-01-05 20:15:00',1,3611,39),
(11833,'2025-01-05 22:35:00',1,3611,39),
(11834,'2025-01-05 19:50:00',0,3611,41),
(11835,'2025-01-05 12:00:00',0,3651,38),
(11836,'2025-01-05 16:35:00',0,3651,40),
(11837,'2025-01-05 18:45:00',0,3651,40),
(11838,'2025-01-05 20:55:00',0,3651,40),
(11839,'2025-01-05 23:05:00',0,3651,40),
(11840,'2025-01-05 09:30:00',0,3622,37),
(11841,'2025-01-05 11:45:00',0,3622,37),
(11842,'2025-01-05 14:00:00',0,3622,37),
(11843,'2025-01-05 20:55:00',0,3622,37),
(11844,'2025-01-05 23:15:00',0,3668,37),
(11845,'2025-01-05 16:45:00',0,3668,41),
(11846,'2025-01-05 16:15:00',0,3649,37),
(11847,'2025-01-05 14:10:00',0,3649,40),
(11848,'2025-01-05 09:50:00',0,3666,38),
(11849,'2025-01-05 14:10:00',0,3669,38),
(11850,'2025-01-05 12:30:00',0,3628,41),
(11851,'2025-01-05 14:20:00',0,3628,41),
(11852,'2025-01-05 18:40:00',0,3632,36),
(11853,'2025-01-05 09:35:00',0,3632,38),
(11854,'2025-01-05 13:55:00',0,3632,38),
(11855,'2025-01-05 22:10:00',0,3623,41),
(11856,'2025-01-05 16:10:00',0,3611,38),
(11857,'2025-01-05 18:30:00',0,3611,38),
(11858,'2025-01-05 20:50:00',0,3611,38),
(11859,'2025-01-05 23:10:00',0,3611,38),
(11860,'2025-01-05 10:40:00',0,3611,39),
(11861,'2025-01-05 13:00:00',0,3611,39),
(11862,'2025-01-05 15:20:00',0,3611,39),
(11863,'2025-01-05 17:40:00',0,3611,39),
(11864,'2025-01-05 20:00:00',0,3611,39),
(11865,'2025-01-05 22:20:00',0,3611,39),
(11866,'2025-01-05 11:45:00',0,3651,36),
(11867,'2025-01-05 20:55:00',0,3622,36),
(11868,'2025-01-05 23:05:00',0,3622,36),
(11869,'2025-01-05 19:05:00',0,3668,41),
(11870,'2025-01-05 16:15:00',0,3649,36),
(11871,'2025-01-05 11:50:00',0,3669,38),
(11872,'2025-01-06 09:30:00',0,3628,38),
(11873,'2025-01-06 12:25:00',0,3628,40),
(11874,'2025-01-06 11:10:00',0,3632,38),
(11875,'2025-01-06 14:10:00',0,3632,40),
(11876,'2025-01-06 16:30:00',0,3632,40),
(11877,'2025-01-06 21:40:00',0,3623,41),
(11878,'2025-01-06 09:40:00',0,3611,36),
(11879,'2025-01-06 12:00:00',0,3611,36),
(11880,'2025-01-06 14:20:00',0,3611,36),
(11881,'2025-01-06 16:40:00',0,3611,36),
(11882,'2025-01-06 19:00:00',0,3611,36),
(11883,'2025-01-06 21:20:00',0,3611,36),
(11884,'2025-01-06 15:50:00',0,3611,38),
(11885,'2025-01-06 18:10:00',0,3611,38),
(11886,'2025-01-06 20:30:00',0,3611,38),
(11887,'2025-01-06 22:50:00',0,3611,38),
(11888,'2025-01-06 10:20:00',0,3611,39),
(11889,'2025-01-06 12:40:00',0,3611,39),
(11890,'2025-01-06 15:00:00',0,3611,39),
(11891,'2025-01-06 17:20:00',0,3611,39),
(11892,'2025-01-06 19:40:00',0,3611,39),
(11893,'2025-01-06 22:00:00',0,3611,39),
(11894,'2025-01-06 09:50:00',0,3651,37),
(11895,'2025-01-06 12:00:00',0,3651,37),
(11896,'2025-01-06 14:10:00',0,3651,37),
(11897,'2025-01-06 16:20:00',0,3651,37),
(11898,'2025-01-06 18:30:00',0,3651,37),
(11899,'2025-01-06 20:40:00',0,3651,37),
(11900,'2025-01-06 22:50:00',0,3651,37),
(11901,'2025-01-06 10:10:00',0,3622,40),
(11902,'2025-01-06 21:55:00',0,3622,40),
(11903,'2025-01-06 17:05:00',0,3622,41),
(11904,'2025-01-06 19:20:00',0,3622,41),
(11905,'2025-01-06 18:45:00',0,3668,40),
(11906,'2025-01-06 14:35:00',0,3649,41),
(11907,'2025-01-06 13:30:00',0,3666,38),
(11908,'2025-01-06 10:15:00',0,3666,41),
(11909,'2025-01-06 12:25:00',0,3669,41),
(11910,'2025-01-07 09:40:00',0,3611,36),
(11911,'2025-01-07 12:00:00',0,3611,36),
(11912,'2025-01-07 14:20:00',0,3611,36),
(11913,'2025-01-07 16:40:00',0,3611,36),
(11914,'2025-01-07 19:00:00',0,3611,36),
(11915,'2025-01-07 21:20:00',0,3611,36),
(11916,'2025-01-07 09:50:00',0,3651,37),
(11917,'2025-01-07 12:00:00',0,3651,37),
(11918,'2025-01-07 14:10:00',0,3651,37),
(11919,'2025-01-07 16:20:00',0,3651,37),
(11920,'2025-01-07 18:30:00',0,3651,37),
(11921,'2025-01-07 20:40:00',0,3651,37),
(11922,'2025-01-07 22:50:00',0,3651,37),
(11923,'2025-01-08 09:40:00',0,3611,36),
(11924,'2025-01-08 12:00:00',0,3611,36),
(11925,'2025-01-08 14:20:00',0,3611,36),
(11926,'2025-01-08 16:40:00',0,3611,36),
(11927,'2025-01-08 19:00:00',0,3611,36),
(11928,'2025-01-08 21:20:00',0,3611,36),
(11929,'2025-01-09 09:40:00',0,3611,36),
(11930,'2025-01-09 12:00:00',0,3611,36),
(11931,'2025-01-09 14:20:00',0,3611,36),
(11932,'2025-01-09 16:40:00',0,3611,36),
(11933,'2025-01-09 19:00:00',0,3611,36),
(11934,'2025-01-09 21:20:00',0,3611,36),
(11935,'2025-01-10 09:40:00',0,3611,36),
(11936,'2025-01-10 12:00:00',0,3611,36),
(11937,'2025-01-10 14:20:00',0,3611,36),
(11938,'2025-01-10 16:40:00',0,3611,36),
(11939,'2025-01-10 19:00:00',0,3611,36),
(11940,'2025-01-10 21:20:00',0,3611,36),
(11941,'2025-01-11 09:40:00',0,3611,36),
(11942,'2025-01-11 12:00:00',0,3611,36),
(11943,'2025-01-11 14:20:00',0,3611,36),
(11944,'2025-01-11 16:40:00',0,3611,36),
(11945,'2025-01-11 19:00:00',0,3611,36),
(11946,'2025-01-11 21:20:00',0,3611,36),
(11947,'2025-01-12 09:40:00',0,3611,36),
(11948,'2025-01-12 12:00:00',0,3611,36),
(11949,'2025-01-12 14:20:00',0,3611,36),
(11950,'2025-01-12 16:40:00',0,3611,36),
(11951,'2025-01-12 19:00:00',0,3611,36),
(11952,'2025-01-12 21:20:00',0,3611,36),
(11953,'2025-01-03 14:10:00',0,3628,43),
(11954,'2025-01-03 12:40:00',0,3632,42),
(11955,'2025-01-03 09:50:00',0,3623,43),
(11956,'2025-01-03 17:25:00',0,3611,42),
(11957,'2025-01-03 19:45:00',0,3611,42),
(11958,'2025-01-03 22:05:00',0,3611,42),
(11959,'2025-01-04 23:30:00',0,3611,46),
(11960,'2025-01-04 15:50:00',0,3651,43),
(11961,'2025-01-04 18:00:00',0,3651,43),
(11962,'2025-01-04 20:15:00',0,3651,43),
(11963,'2025-01-04 22:25:00',0,3651,43),
(11964,'2025-01-04 11:25:00',0,3651,47),
(11965,'2025-01-04 15:00:00',0,3649,42),
(11966,'2025-01-04 10:30:00',0,3666,42),
(11967,'2025-01-04 12:05:00',0,3669,43),
(11968,'2025-01-04 12:05:00',0,3628,43),
(11969,'2025-01-04 13:45:00',0,3628,43),
(11970,'2025-01-04 12:40:00',0,3632,42),
(11971,'2025-01-04 09:10:00',0,3623,47),
(11972,'2025-01-04 17:25:00',0,3611,42),
(11973,'2025-01-04 19:45:00',0,3611,42),
(11974,'2025-01-04 22:05:00',0,3611,42),
(11975,'2025-01-05 23:30:00',0,3611,46),
(11976,'2025-01-05 09:50:00',0,3651,43),
(11977,'2025-01-05 17:30:00',1,3651,43),
(11978,'2025-01-05 19:40:00',1,3651,43),
(11979,'2025-01-05 21:50:00',1,3651,43),
(11980,'2025-01-06 00:00:00',0,3651,43),
(11981,'2025-01-06 11:25:00',0,3622,47),
(11982,'2025-01-06 13:40:00',0,3622,47),
(11983,'2025-01-06 15:55:00',0,3622,47),
(11984,'2025-01-06 18:10:00',0,3622,47),
(11985,'2025-01-06 20:25:00',0,3622,47),
(11986,'2025-01-06 22:40:00',0,3668,47),
(11987,'2025-01-06 15:00:00',0,3649,42),
(11988,'2025-01-06 10:30:00',0,3666,42),
(11989,'2025-01-06 15:25:00',0,3669,43),
(11990,'2025-01-06 11:50:00',0,3618,45),
(11991,'2025-01-06 19:15:00',1,3618,45),
(11992,'2025-01-06 22:10:00',1,3618,45),
(11993,'2025-01-05 12:00:00',0,3628,43),
(11994,'2025-01-05 13:40:00',0,3628,43),
(11995,'2025-01-05 12:40:00',0,3632,42),
(11996,'2025-01-05 15:55:00',0,3632,47),
(11997,'2025-01-05 20:25:00',0,3623,47),
(11998,'2025-01-05 17:25:00',0,3611,42),
(11999,'2025-01-05 19:45:00',0,3611,42),
(12000,'2025-01-05 22:05:00',0,3611,42),
(12001,'2025-01-05 10:00:00',0,3611,44),
(12002,'2025-01-05 12:20:00',0,3611,44),
(12003,'2025-01-05 14:40:00',0,3611,44),
(12004,'2025-01-05 17:00:00',0,3611,44),
(12005,'2025-01-05 19:20:00',0,3611,44),
(12006,'2025-01-05 21:40:00',0,3611,44),
(12007,'2025-01-05 17:20:00',0,3651,43),
(12008,'2025-01-05 19:30:00',0,3651,43),
(12009,'2025-01-05 21:40:00',0,3651,43),
(12010,'2025-01-05 13:40:00',0,3651,47),
(12011,'2025-01-05 15:00:00',0,3649,42),
(12012,'2025-01-05 09:05:00',0,3649,47),
(12013,'2025-01-05 10:30:00',0,3666,42),
(12014,'2025-01-05 15:15:00',0,3669,43),
(12015,'2025-01-06 09:30:00',0,3632,45),
(12016,'2025-01-06 17:00:00',0,3632,45),
(12017,'2025-01-06 19:15:00',0,3632,45),
(12018,'2025-01-06 14:45:00',0,3632,45),
(12019,'2025-01-06 10:10:00',0,3611,44),
(12020,'2025-01-06 12:30:00',0,3611,44),
(12021,'2025-01-06 14:50:00',0,3611,44),
(12022,'2025-01-06 17:10:00',0,3611,44),
(12023,'2025-01-06 19:30:00',0,3611,44),
(12024,'2025-01-06 21:50:00',0,3611,44),
(12025,'2025-01-06 09:20:00',0,3611,46),
(12026,'2025-01-06 11:40:00',0,3611,46),
(12027,'2025-01-06 14:00:00',0,3611,46),
(12028,'2025-01-06 16:20:00',0,3611,46),
(12029,'2025-01-06 18:40:00',0,3611,46),
(12030,'2025-01-06 21:00:00',0,3611,46),
(12031,'2025-01-06 09:00:00',0,3611,48),
(12032,'2025-01-06 11:20:00',0,3611,48),
(12033,'2025-01-06 13:40:00',0,3611,48),
(12034,'2025-01-06 16:00:00',0,3611,48),
(12035,'2025-01-06 18:20:00',0,3611,48),
(12036,'2025-01-06 20:40:00',0,3611,48),
(12037,'2025-01-06 23:00:00',0,3611,48),
(12038,'2025-01-06 09:40:00',0,3651,47),
(12039,'2025-01-06 11:50:00',0,3651,47),
(12040,'2025-01-06 14:00:00',0,3651,47),
(12041,'2025-01-06 16:10:00',0,3651,47),
(12042,'2025-01-06 18:20:00',0,3651,47),
(12043,'2025-01-06 20:30:00',0,3651,47),
(12044,'2025-01-06 22:40:00',0,3651,47),
(12045,'2025-01-06 21:30:00',0,3618,45),
(12046,'2025-01-07 09:30:00',0,3632,45),
(12047,'2025-01-07 17:00:00',0,3632,45),
(12048,'2025-01-07 19:15:00',0,3632,45),
(12049,'2025-01-07 14:45:00',0,3632,45),
(12050,'2025-01-07 10:10:00',0,3611,44),
(12051,'2025-01-07 12:30:00',0,3611,44),
(12052,'2025-01-07 14:50:00',0,3611,44),
(12053,'2025-01-07 17:10:00',0,3611,44),
(12054,'2025-01-07 19:30:00',0,3611,44),
(12055,'2025-01-07 21:50:00',0,3611,44),
(12056,'2025-01-07 09:20:00',0,3611,46),
(12057,'2025-01-07 11:40:00',0,3611,46),
(12058,'2025-01-07 14:00:00',0,3611,46),
(12059,'2025-01-07 16:20:00',0,3611,46),
(12060,'2025-01-07 18:40:00',0,3611,46),
(12061,'2025-01-07 21:00:00',0,3611,46),
(12062,'2025-01-07 23:20:00',0,3611,46),
(12063,'2025-01-07 09:00:00',0,3611,48),
(12064,'2025-01-07 11:20:00',0,3611,48),
(12065,'2025-01-07 13:40:00',0,3611,48),
(12066,'2025-01-07 16:00:00',0,3611,48),
(12067,'2025-01-07 18:20:00',0,3611,48),
(12068,'2025-01-07 20:40:00',0,3611,48),
(12069,'2025-01-07 23:00:00',0,3611,48),
(12070,'2025-01-07 09:40:00',0,3651,47),
(12071,'2025-01-07 11:50:00',0,3651,47),
(12072,'2025-01-07 14:00:00',0,3651,47),
(12073,'2025-01-07 16:10:00',0,3651,47),
(12074,'2025-01-07 18:20:00',0,3651,47),
(12075,'2025-01-07 20:30:00',0,3651,47),
(12076,'2025-01-07 22:40:00',0,3651,47),
(12077,'2025-01-07 11:50:00',0,3618,45),
(12078,'2025-01-07 21:30:00',0,3618,45),
(12079,'2025-01-08 09:00:00',0,3611,48),
(12080,'2025-01-08 11:20:00',0,3611,48),
(12081,'2025-01-08 13:40:00',0,3611,48),
(12082,'2025-01-08 16:00:00',0,3611,48),
(12083,'2025-01-08 18:20:00',0,3611,48),
(12084,'2025-01-08 20:40:00',0,3611,48),
(12085,'2025-01-08 23:00:00',0,3611,48),
(12086,'2025-01-08 17:30:00',0,3771,45),
(12087,'2025-01-09 09:00:00',0,3611,48),
(12088,'2025-01-09 11:20:00',0,3611,48),
(12089,'2025-01-09 13:40:00',0,3611,48),
(12090,'2025-01-09 16:00:00',0,3611,48),
(12091,'2025-01-09 18:20:00',0,3611,48),
(12092,'2025-01-09 20:40:00',0,3611,48),
(12093,'2025-01-09 23:00:00',0,3611,48),
(12094,'2025-01-10 09:00:00',0,3611,48),
(12095,'2025-01-10 11:20:00',0,3611,48),
(12096,'2025-01-10 13:40:00',0,3611,48),
(12097,'2025-01-10 16:00:00',0,3611,48),
(12098,'2025-01-10 18:20:00',0,3611,48),
(12099,'2025-01-10 20:40:00',0,3611,48),
(12100,'2025-01-10 23:00:00',0,3611,48),
(12101,'2025-01-11 09:00:00',0,3611,48),
(12102,'2025-01-11 11:20:00',0,3611,48),
(12103,'2025-01-11 13:40:00',0,3611,48),
(12104,'2025-01-11 16:00:00',0,3611,48),
(12105,'2025-01-11 18:20:00',0,3611,48),
(12106,'2025-01-11 20:40:00',0,3611,48),
(12107,'2025-01-11 23:00:00',0,3611,48),
(12108,'2025-01-12 09:00:00',0,3611,48),
(12109,'2025-01-12 11:20:00',0,3611,48),
(12110,'2025-01-12 13:40:00',0,3611,48),
(12111,'2025-01-12 16:00:00',0,3611,48),
(12112,'2025-01-12 18:20:00',0,3611,48),
(12113,'2025-01-12 20:40:00',0,3611,48),
(12114,'2025-01-12 23:00:00',0,3611,48),
(12115,'2025-01-03 19:30:00',0,3611,53),
(12116,'2025-01-03 21:50:00',0,3611,53),
(12117,'2025-01-03 10:50:00',0,3651,50),
(12118,'2025-01-03 13:10:00',0,3651,50),
(12119,'2025-01-03 15:30:00',0,3651,50),
(12120,'2025-01-03 22:20:00',0,3622,50),
(12121,'2025-01-03 10:10:00',0,3622,52),
(12122,'2025-01-03 17:05:00',0,3649,53),
(12123,'2025-01-03 17:45:00',0,3666,50),
(12124,'2025-01-03 20:05:00',0,3666,50),
(12125,'2025-01-04 22:00:00',0,3623,51),
(12126,'2025-01-04 10:10:00',0,3611,53),
(12127,'2025-01-04 12:30:00',0,3611,53),
(12128,'2025-01-04 19:30:00',0,3611,53),
(12129,'2025-01-04 15:00:00',0,3611,51),
(12130,'2025-01-04 21:50:00',0,3651,53),
(12131,'2025-01-04 13:10:00',0,3651,50),
(12132,'2025-01-04 17:20:00',0,3651,51),
(12133,'2025-01-04 19:40:00',0,3651,51),
(12134,'2025-01-04 14:25:00',0,3651,52),
(12135,'2025-01-04 23:30:00',0,3651,52),
(12136,'2025-01-04 14:50:00',0,3622,53),
(12137,'2025-01-04 10:50:00',0,3622,50),
(12138,'2025-01-04 22:20:00',0,3622,50),
(12139,'2025-01-04 17:05:00',0,3649,53),
(12140,'2025-01-04 19:00:00',0,3649,52),
(12141,'2025-01-04 15:30:00',0,3666,50),
(12142,'2025-01-04 17:45:00',0,3666,50),
(12143,'2025-01-04 20:05:00',0,3666,50),
(12144,'2025-01-04 10:30:00',0,3666,51),
(12145,'2025-01-04 12:45:00',0,3666,51),
(12146,'2025-01-04 10:00:00',0,3669,52),
(12147,'2025-01-04 21:25:00',0,3669,52),
(12148,'2025-01-04 12:10:00',0,3673,52),
(12149,'2025-01-04 16:45:00',0,3673,52),
(12150,'2025-01-05 22:00:00',0,3623,51),
(12151,'2025-01-05 10:10:00',0,3611,53),
(12152,'2025-01-05 12:30:00',0,3611,53),
(12153,'2025-01-05 19:30:00',0,3611,53),
(12154,'2025-01-05 15:00:00',0,3611,51),
(12155,'2025-01-05 21:50:00',0,3651,53),
(12156,'2025-01-05 13:10:00',0,3651,50),
(12157,'2025-01-05 17:20:00',0,3651,51),
(12158,'2025-01-05 19:40:00',0,3651,51),
(12159,'2025-01-05 14:25:00',0,3651,52),
(12160,'2025-01-05 14:50:00',0,3622,53),
(12161,'2025-01-05 10:50:00',0,3622,50),
(12162,'2025-01-05 22:20:00',0,3622,50),
(12163,'2025-01-05 17:05:00',0,3649,53),
(12164,'2025-01-05 19:00:00',0,3649,52),
(12165,'2025-01-05 15:30:00',0,3666,50),
(12166,'2025-01-05 17:45:00',0,3666,50),
(12167,'2025-01-05 20:05:00',0,3666,50),
(12168,'2025-01-05 10:30:00',0,3666,51),
(12169,'2025-01-05 12:45:00',0,3666,51),
(12170,'2025-01-05 10:00:00',0,3669,52),
(12171,'2025-01-05 21:25:00',0,3669,52),
(12172,'2025-01-05 12:10:00',0,3673,52),
(12173,'2025-01-05 16:45:00',0,3673,52),
(12174,'2025-01-03 16:25:00',0,3628,54),
(12175,'2025-01-03 14:05:00',0,3632,54),
(12176,'2025-01-03 10:20:00',0,3611,56),
(12177,'2025-01-03 12:40:00',0,3611,56),
(12178,'2025-01-03 15:00:00',0,3611,56),
(12179,'2025-01-03 17:20:00',0,3611,56),
(12180,'2025-01-03 19:40:00',0,3611,56),
(12181,'2025-01-03 22:00:00',0,3611,56),
(12182,'2025-01-03 11:50:00',0,3651,54),
(12183,'2025-01-03 20:25:00',0,3651,54),
(12184,'2025-01-03 22:40:00',0,3651,54),
(12185,'2025-01-03 13:20:00',0,3651,58),
(12186,'2025-01-03 18:05:00',0,3666,54),
(12187,'2025-01-04 10:00:00',0,3628,54),
(12188,'2025-01-04 16:20:00',0,3628,54),
(12189,'2025-01-04 11:40:00',0,3632,54),
(12190,'2025-01-04 14:00:00',0,3632,54),
(12191,'2025-01-04 16:10:00',0,3632,58),
(12192,'2025-01-04 20:50:00',0,3623,57),
(12193,'2025-01-04 23:10:00',0,3623,57),
(12194,'2025-01-04 10:20:00',0,3611,56),
(12195,'2025-01-04 12:40:00',0,3611,56),
(12196,'2025-01-04 15:00:00',0,3611,56),
(12197,'2025-01-04 17:20:00',0,3611,56),
(12198,'2025-01-04 19:40:00',0,3611,56),
(12199,'2025-01-04 22:00:00',0,3611,56),
(12200,'2025-01-04 20:15:00',0,3651,54),
(12201,'2025-01-04 22:30:00',0,3651,54),
(12202,'2025-01-04 09:10:00',0,3651,55),
(12203,'2025-01-04 13:35:00',0,3651,55),
(12204,'2025-01-04 15:45:00',0,3651,55),
(12205,'2025-01-04 17:55:00',0,3651,55),
(12206,'2025-01-04 18:30:00',0,3622,57),
(12207,'2025-01-04 20:45:00',0,3622,58),
(12208,'2025-01-04 23:05:00',0,3622,58),
(12209,'2025-01-04 22:35:00',0,3668,55),
(12210,'2025-01-04 20:10:00',0,3649,55),
(12211,'2025-01-04 09:40:00',0,3649,58),
(12212,'2025-01-04 18:00:00',0,3666,54),
(12213,'2025-01-04 11:30:00',0,3669,55),
(12214,'2025-01-04 18:25:00',0,3650,58),
(12215,'2025-01-05 10:00:00',0,3628,54),
(12216,'2025-01-05 12:05:00',0,3628,58),
(12217,'2025-01-05 13:45:00',0,3628,58),
(12218,'2025-01-05 15:25:00',0,3628,58),
(12219,'2025-01-05 11:40:00',0,3632,54),
(12220,'2025-01-05 14:00:00',0,3632,54),
(12221,'2025-01-05 16:20:00',0,3632,54),
(12222,'2025-01-05 19:30:00',0,3623,58),
(12223,'2025-01-05 21:50:00',0,3623,58),
(12224,'2025-01-05 10:20:00',0,3611,56),
(12225,'2025-01-05 12:40:00',0,3611,56),
(12226,'2025-01-05 15:00:00',0,3611,56),
(12227,'2025-01-05 17:20:00',0,3611,56),
(12228,'2025-01-05 19:40:00',0,3611,56),
(12229,'2025-01-05 22:00:00',0,3611,56),
(12230,'2025-01-05 21:00:00',0,3651,54),
(12231,'2025-01-05 23:10:00',0,3651,54),
(12232,'2025-01-05 09:10:00',0,3651,55),
(12233,'2025-01-05 13:35:00',0,3651,55),
(12234,'2025-01-05 15:45:00',0,3651,55),
(12235,'2025-01-05 17:55:00',0,3651,55),
(12236,'2025-01-05 18:30:00',0,3622,57),
(12237,'2025-01-05 20:50:00',0,3622,57),
(12238,'2025-01-05 23:05:00',0,3622,57),
(12239,'2025-01-05 22:35:00',0,3668,55),
(12240,'2025-01-05 20:10:00',0,3649,55),
(12241,'2025-01-05 13:40:00',0,3649,57),
(12242,'2025-01-05 16:05:00',0,3649,57),
(12243,'2025-01-05 09:40:00',0,3649,58),
(12244,'2025-01-05 18:40:00',0,3666,54),
(12245,'2025-01-05 11:25:00',0,3666,57),
(12246,'2025-01-05 11:30:00',0,3669,55),
(12247,'2025-01-05 09:15:00',0,3669,57),
(12248,'2025-01-05 17:05:00',0,3650,58),
(12249,'2025-01-06 00:05:00',0,3651,3),
(12250,'2025-01-06 19:50:00',0,3651,5),
(12251,'2025-01-06 22:05:00',0,3651,5),
(12252,'2025-01-06 16:30:00',0,3651,6),
(12253,'2025-01-06 18:45:00',0,3651,6),
(12254,'2025-01-06 21:00:00',0,3651,6),
(12255,'2025-01-06 23:15:00',0,3651,6),
(12256,'2025-01-06 21:40:00',0,3623,7),
(12257,'2025-01-06 14:40:00',1,3611,7),
(12258,'2025-01-06 17:00:00',0,3611,7),
(12259,'2025-01-06 19:20:00',0,3611,7),
(12260,'2025-01-07 00:00:00',0,3611,7),
(12261,'2025-01-07 13:10:00',0,3611,1),
(12262,'2025-01-07 15:30:00',0,3611,1),
(12263,'2025-01-07 17:50:00',0,3611,1),
(12264,'2025-01-07 20:10:00',0,3611,1),
(12265,'2025-01-07 22:30:00',0,3611,1),
(12266,'2025-01-07 14:00:00',1,3611,2),
(12267,'2025-01-07 16:20:00',1,3611,2),
(12268,'2025-01-07 18:40:00',1,3611,2),
(12269,'2025-01-07 21:00:00',1,3611,2),
(12270,'2025-01-07 23:20:00',1,3611,2),
(12271,'2025-01-07 21:30:00',0,3611,8),
(12272,'2025-01-06 11:35:00',0,3628,6),
(12273,'2025-01-06 13:15:00',0,3628,6),
(12274,'2025-01-06 09:10:00',0,3632,4),
(12275,'2025-01-06 11:30:00',0,3632,4),
(12276,'2025-01-06 13:50:00',0,3632,4),
(12277,'2025-01-06 18:50:00',0,3632,5),
(12278,'2025-01-06 10:10:00',0,3632,8),
(12279,'2025-01-06 09:30:00',0,3651,1),
(12280,'2025-01-06 11:45:00',0,3651,1),
(12281,'2025-01-06 14:00:00',0,3651,1),
(12282,'2025-01-06 16:15:00',0,3651,1),
(12283,'2025-01-06 18:30:00',0,3651,1),
(12284,'2025-01-06 20:45:00',0,3651,1),
(12285,'2025-01-06 23:00:00',0,3651,1),
(12286,'2025-01-06 09:50:00',0,3623,7),
(12287,'2025-01-06 17:00:00',0,3623,7),
(12288,'2025-01-06 14:35:00',0,3611,7),
(12289,'2025-01-06 21:45:00',0,3611,7),
(12290,'2025-01-06 09:00:00',0,3611,2),
(12291,'2025-01-06 11:20:00',0,3611,2),
(12292,'2025-01-06 13:40:00',0,3611,2),
(12293,'2025-01-06 16:00:00',0,3611,2),
(12294,'2025-01-06 18:30:00',0,3611,2),
(12295,'2025-01-06 20:50:00',0,3611,2),
(12296,'2025-01-06 23:10:00',0,3611,2),
(12297,'2025-01-06 10:20:00',0,3611,3),
(12298,'2025-01-06 12:40:00',0,3611,3),
(12299,'2025-01-06 15:10:00',0,3611,3),
(12300,'2025-01-06 17:30:00',0,3611,3),
(12301,'2025-01-06 19:50:00',0,3611,3),
(12302,'2025-01-06 22:20:00',0,3611,3),
(12303,'2025-01-06 21:10:00',0,3668,5),
(12304,'2025-01-06 19:35:00',0,3668,8),
(12305,'2025-01-06 11:50:00',0,3649,5),
(12306,'2025-01-06 16:25:00',0,3649,5),
(12307,'2025-01-06 14:40:00',0,3649,8),
(12308,'2025-01-06 09:20:00',0,3622,6),
(12309,'2025-01-06 15:00:00',0,3622,6),
(12310,'2025-01-06 17:20:00',0,3622,6),
(12311,'2025-01-06 19:40:00',0,3622,6),
(12312,'2025-01-06 22:00:00',0,3622,6),
(12313,'2025-01-06 14:15:00',0,3669,5),
(12314,'2025-01-06 12:30:00',0,3669,8),
(12315,'2025-01-06 16:10:00',0,3618,4),
(12316,'2025-01-06 19:10:00',0,3618,4),
(12317,'2025-01-06 22:10:00',0,3618,4),
(12318,'2025-01-06 09:40:00',0,3673,5),
(12319,'2025-01-06 22:45:00',0,3673,8),
(12320,'2025-01-06 17:10:00',0,3650,8),
(12321,'2025-01-07 11:35:00',0,3628,6),
(12322,'2025-01-07 13:15:00',0,3628,6),
(12323,'2025-01-07 09:10:00',0,3632,4),
(12324,'2025-01-07 11:30:00',0,3632,4),
(12325,'2025-01-07 13:50:00',0,3632,4),
(12326,'2025-01-07 18:50:00',0,3632,5),
(12327,'2025-01-07 10:10:00',0,3632,8),
(12328,'2025-01-07 09:30:00',0,3651,1),
(12329,'2025-01-07 11:45:00',0,3651,1),
(12330,'2025-01-07 14:00:00',0,3651,1),
(12331,'2025-01-07 16:15:00',0,3651,1),
(12332,'2025-01-07 18:30:00',0,3651,1),
(12333,'2025-01-07 20:45:00',0,3651,1),
(12334,'2025-01-07 23:00:00',0,3651,1),
(12335,'2025-01-07 09:50:00',0,3623,7),
(12336,'2025-01-07 17:00:00',0,3623,7),
(12337,'2025-01-07 14:35:00',0,3611,7),
(12338,'2025-01-07 19:20:00',0,3611,7),
(12339,'2025-01-07 21:45:00',0,3611,7),
(12340,'2025-01-07 09:00:00',0,3611,2),
(12341,'2025-01-07 11:20:00',0,3611,2),
(12342,'2025-01-07 13:40:00',0,3611,2),
(12343,'2025-01-07 16:00:00',0,3611,2),
(12344,'2025-01-07 18:30:00',0,3611,2),
(12345,'2025-01-07 20:50:00',0,3611,2),
(12346,'2025-01-07 23:10:00',0,3611,2),
(12347,'2025-01-07 10:20:00',0,3611,3),
(12348,'2025-01-07 12:40:00',0,3611,3),
(12349,'2025-01-07 15:10:00',0,3611,3),
(12350,'2025-01-07 17:30:00',0,3611,3),
(12351,'2025-01-07 19:50:00',0,3611,3),
(12352,'2025-01-07 22:20:00',0,3611,3),
(12353,'2025-01-07 21:10:00',0,3668,5),
(12354,'2025-01-07 19:35:00',0,3668,8),
(12355,'2025-01-07 11:50:00',0,3649,5),
(12356,'2025-01-07 16:25:00',0,3649,5),
(12357,'2025-01-07 14:40:00',0,3649,8),
(12358,'2025-01-07 09:20:00',0,3622,6),
(12359,'2025-01-07 15:00:00',0,3622,6),
(12360,'2025-01-07 17:20:00',0,3622,6),
(12361,'2025-01-07 19:40:00',0,3622,6),
(12362,'2025-01-07 22:00:00',0,3622,6),
(12363,'2025-01-07 14:15:00',0,3669,5),
(12364,'2025-01-07 12:30:00',0,3669,8),
(12365,'2025-01-07 16:10:00',0,3618,4),
(12366,'2025-01-07 19:10:00',0,3618,4),
(12367,'2025-01-07 22:10:00',0,3618,4),
(12368,'2025-01-07 09:40:00',0,3673,5),
(12369,'2025-01-07 22:45:00',0,3673,8),
(12370,'2025-01-07 17:10:00',0,3650,8),
(12371,'2025-01-08 09:30:00',0,3628,3),
(12372,'2025-01-08 11:10:00',0,3628,3),
(12373,'2025-01-08 12:50:00',0,3628,3),
(12374,'2025-01-08 14:30:00',0,3628,3),
(12375,'2025-01-08 09:00:00',0,3638,4),
(12376,'2025-01-08 11:40:00',0,3638,4),
(12377,'2025-01-08 14:20:00',0,3638,4),
(12378,'2025-01-08 19:15:00',0,3638,4),
(12379,'2025-01-08 21:55:00',0,3638,4),
(12380,'2025-01-08 12:15:00',0,3632,6),
(12381,'2025-01-08 14:50:00',0,3859,7),
(12382,'2025-01-08 16:10:00',0,3651,3),
(12383,'2025-01-08 18:25:00',0,3651,3),
(12384,'2025-01-08 20:45:00',0,3651,3),
(12385,'2025-01-08 23:00:00',0,3651,3),
(12386,'2025-01-08 12:30:00',0,3611,7),
(12387,'2025-01-08 17:20:00',0,3611,7),
(12388,'2025-01-08 19:40:00',0,3611,7),
(12389,'2025-01-08 09:20:00',0,3668,7),
(12390,'2025-01-08 22:00:00',0,3668,7),
(12391,'2025-01-08 09:50:00',0,3649,6),
(12392,'2025-01-08 18:45:00',0,3622,1),
(12393,'2025-01-08 21:00:00',0,3622,1),
(12394,'2025-01-08 23:15:00',0,3622,1),
(12395,'2025-01-08 09:40:00',0,3669,1),
(12396,'2025-01-08 14:10:00',0,3669,1),
(12397,'2025-01-08 11:45:00',0,3635,1),
(12398,'2025-01-08 16:20:00',0,3635,1),
(12399,'2025-01-09 13:40:00',0,3636,5),
(12400,'2025-01-09 22:35:00',0,3636,5),
(12401,'2025-01-09 09:00:00',0,3638,4),
(12402,'2025-01-09 11:40:00',0,3638,4),
(12403,'2025-01-09 14:20:00',0,3638,4),
(12404,'2025-01-09 19:15:00',0,3638,4),
(12405,'2025-01-09 21:55:00',0,3638,4),
(12406,'2025-01-09 14:50:00',0,3859,7),
(12407,'2025-01-09 16:10:00',0,3651,3),
(12408,'2025-01-09 18:25:00',0,3651,3),
(12409,'2025-01-09 20:45:00',0,3651,3),
(12410,'2025-01-09 23:00:00',0,3651,3),
(12411,'2025-01-09 12:30:00',0,3611,7),
(12412,'2025-01-09 17:20:00',0,3611,7),
(12413,'2025-01-09 19:40:00',0,3611,7),
(12414,'2025-01-09 09:20:00',0,3668,7),
(12415,'2025-01-09 22:00:00',0,3668,7),
(12416,'2025-01-09 11:45:00',0,3635,1),
(12417,'2025-01-09 16:20:00',0,3635,1),
(12418,'2025-01-10 09:00:00',0,3638,4),
(12419,'2025-01-10 11:40:00',0,3638,4),
(12420,'2025-01-10 14:20:00',0,3638,4),
(12421,'2025-01-10 19:15:00',0,3638,4),
(12422,'2025-01-10 21:55:00',0,3638,4),
(12423,'2025-01-10 14:50:00',0,3859,7),
(12424,'2025-01-10 12:30:00',0,3611,7),
(12425,'2025-01-10 17:20:00',0,3611,7),
(12426,'2025-01-10 19:40:00',0,3611,7),
(12427,'2025-01-10 09:20:00',0,3668,7),
(12428,'2025-01-10 22:00:00',0,3668,7),
(12429,'2025-01-05 16:00:00',0,3651,11),
(12430,'2025-01-05 17:25:00',0,3611,10),
(12431,'2025-01-05 19:45:00',0,3611,10),
(12432,'2025-01-05 22:05:00',0,3611,10),
(12433,'2025-01-06 11:40:00',0,3628,12),
(12434,'2025-01-06 09:40:00',0,3632,11),
(12435,'2025-01-06 15:40:00',0,3632,12),
(12436,'2025-01-06 12:25:00',0,3651,10),
(12437,'2025-01-06 14:40:00',0,3651,10),
(12438,'2025-01-06 16:55:00',0,3651,10),
(12439,'2025-01-06 19:10:00',0,3651,10),
(12440,'2025-01-06 21:25:00',0,3651,10),
(12441,'2025-01-06 16:20:00',0,3623,11),
(12442,'2025-01-06 14:00:00',0,3611,11),
(12443,'2025-01-06 18:35:00',0,3611,11),
(12444,'2025-01-06 20:55:00',0,3611,11),
(12445,'2025-01-06 17:55:00',0,3668,12),
(12446,'2025-01-06 13:15:00',0,3649,12),
(12447,'2025-01-06 09:30:00',0,3622,12),
(12448,'2025-01-06 21:10:00',0,3622,12),
(12449,'2025-01-06 11:55:00',0,3669,11),
(12450,'2025-01-07 11:40:00',0,3628,12),
(12451,'2025-01-07 09:40:00',0,3632,11),
(12452,'2025-01-07 12:25:00',0,3651,10),
(12453,'2025-01-07 14:40:00',0,3651,10),
(12454,'2025-01-07 16:55:00',0,3651,10),
(12455,'2025-01-07 19:10:00',0,3651,10),
(12456,'2025-01-07 21:25:00',0,3651,10),
(12457,'2025-01-07 15:45:00',0,3623,12),
(12458,'2025-01-07 16:10:00',0,3611,11),
(12459,'2025-01-07 18:30:00',0,3611,11),
(12460,'2025-01-07 20:50:00',0,3611,11),
(12461,'2025-01-07 18:00:00',0,3668,12),
(12462,'2025-01-07 13:20:00',0,3649,12),
(12463,'2025-01-07 11:55:00',0,3622,11),
(12464,'2025-01-07 21:05:00',0,3622,12),
(12465,'2025-01-07 14:05:00',0,3669,11),
(12466,'2025-01-07 09:30:00',0,3666,12),
(12467,'2025-01-08 09:30:00',0,3636,11),
(12468,'2025-01-08 14:15:00',0,3636,11),
(12469,'2025-01-08 19:00:00',0,3636,11),
(12470,'2025-01-08 10:30:00',0,3638,12),
(12471,'2025-01-08 21:10:00',0,3638,12),
(12472,'2025-01-08 13:10:00',0,3632,12),
(12473,'2025-01-08 11:55:00',0,3651,11),
(12474,'2025-01-08 16:40:00',0,3651,11),
(12475,'2025-01-08 21:25:00',0,3651,11),
(12476,'2025-01-08 18:00:00',0,3668,12),
(12477,'2025-01-08 15:30:00',0,3649,12),
(12478,'2025-01-09 09:30:00',0,3636,11),
(12479,'2025-01-09 14:15:00',0,3636,11),
(12480,'2025-01-09 11:55:00',0,3651,11),
(12481,'2025-01-09 16:40:00',0,3651,11),
(12482,'2025-01-05 23:20:00',0,3651,19),
(12483,'2025-01-06 09:25:00',0,3628,15),
(12484,'2025-01-06 11:10:00',0,3628,15),
(12485,'2025-01-06 12:10:00',0,3628,18),
(12486,'2025-01-06 09:20:00',0,3632,20),
(12487,'2025-01-06 11:40:00',0,3632,20),
(12488,'2025-01-06 14:00:00',0,3632,20),
(12489,'2025-01-06 15:00:00',0,3632,17),
(12490,'2025-01-06 17:30:00',0,3651,15),
(12491,'2025-01-06 19:45:00',0,3651,15),
(12492,'2025-01-06 22:00:00',0,3651,15),
(12493,'2025-01-06 09:40:00',0,3651,19),
(12494,'2025-01-06 11:55:00',0,3651,19),
(12495,'2025-01-06 14:10:00',0,3651,19),
(12496,'2025-01-06 16:25:00',0,3651,19),
(12497,'2025-01-06 18:40:00',0,3651,19),
(12498,'2025-01-06 20:55:00',0,3651,19),
(12499,'2025-01-06 23:10:00',0,3651,19),
(12500,'2025-01-06 20:30:00',0,3612,16),
(12501,'2025-01-06 22:55:00',0,3612,16),
(12502,'2025-01-06 20:20:00',0,3623,17),
(12503,'2025-01-06 22:40:00',0,3623,17),
(12504,'2025-01-06 16:40:00',0,3623,18),
(12505,'2025-01-06 09:30:00',0,3611,13),
(12506,'2025-01-06 11:50:00',0,3611,13),
(12507,'2025-01-06 14:10:00',0,3611,13),
(12508,'2025-01-06 16:30:00',0,3611,13),
(12509,'2025-01-06 18:50:00',0,3611,13),
(12510,'2025-01-06 21:10:00',0,3611,13),
(12511,'2025-01-06 23:30:00',0,3611,13),
(12512,'2025-01-06 09:00:00',0,3611,14),
(12513,'2025-01-06 11:20:00',0,3611,14),
(12514,'2025-01-06 13:40:00',0,3611,14),
(12515,'2025-01-06 16:00:00',0,3611,14),
(12516,'2025-01-06 18:20:00',0,3611,14),
(12517,'2025-01-06 20:40:00',0,3611,14),
(12518,'2025-01-06 23:00:00',0,3611,14),
(12519,'2025-01-06 10:10:00',0,3611,21),
(12520,'2025-01-06 12:30:00',0,3611,21),
(12521,'2025-01-06 14:50:00',0,3611,21),
(12522,'2025-01-06 17:10:00',0,3611,21),
(12523,'2025-01-06 19:30:00',0,3611,21),
(12524,'2025-01-06 21:50:00',0,3611,21),
(12525,'2025-01-06 13:10:00',0,3611,22),
(12526,'2025-01-06 15:30:00',0,3611,22),
(12527,'2025-01-06 17:50:00',0,3611,22),
(12528,'2025-01-06 20:10:00',0,3611,22),
(12529,'2025-01-06 22:30:00',0,3611,22),
(12530,'2025-01-06 17:15:00',0,3668,17),
(12531,'2025-01-06 10:00:00',0,3668,22),
(12532,'2025-01-06 10:00:00',0,3649,17),
(12533,'2025-01-06 12:25:00',0,3649,17),
(12534,'2025-01-06 12:50:00',0,3622,15),
(12535,'2025-01-06 15:10:00',0,3622,15),
(12536,'2025-01-06 18:55:00',0,3622,18),
(12537,'2025-01-06 21:10:00',0,3622,18),
(12538,'2025-01-06 23:25:00',0,3622,18),
(12539,'2025-01-06 11:20:00',0,3669,16),
(12540,'2025-01-06 15:35:00',0,3669,16),
(12541,'2025-01-06 13:50:00',0,3669,18),
(12542,'2025-01-06 09:10:00',0,3666,16),
(12543,'2025-01-06 13:25:00',0,3666,16),
(12544,'2025-01-06 17:40:00',0,3666,16),
(12545,'2025-01-06 16:20:00',0,3618,20),
(12546,'2025-01-06 19:15:00',0,3618,20),
(12547,'2025-01-06 22:10:00',0,3618,20),
(12548,'2025-01-06 09:50:00',0,3673,18),
(12549,'2025-01-06 19:50:00',0,3856,16),
(12550,'2025-01-06 16:00:00',0,3856,18),
(12551,'2025-01-07 09:25:00',0,3628,15),
(12552,'2025-01-07 11:10:00',0,3628,15),
(12553,'2025-01-07 12:10:00',0,3628,18),
(12554,'2025-01-07 09:20:00',0,3632,20),
(12555,'2025-01-07 11:40:00',0,3632,20),
(12556,'2025-01-07 14:00:00',0,3632,20),
(12557,'2025-01-07 15:00:00',0,3632,17),
(12558,'2025-01-07 17:30:00',0,3651,15),
(12559,'2025-01-07 19:45:00',0,3651,15),
(12560,'2025-01-07 22:00:00',0,3651,15),
(12561,'2025-01-07 09:40:00',0,3651,19),
(12562,'2025-01-07 11:55:00',0,3651,19),
(12563,'2025-01-07 14:10:00',0,3651,19),
(12564,'2025-01-07 16:25:00',0,3651,19),
(12565,'2025-01-07 18:40:00',0,3651,19),
(12566,'2025-01-07 20:55:00',0,3651,19),
(12567,'2025-01-07 23:10:00',0,3651,19),
(12568,'2025-01-07 20:30:00',0,3612,16),
(12569,'2025-01-07 22:55:00',0,3612,16),
(12570,'2025-01-07 20:20:00',0,3623,17),
(12571,'2025-01-07 22:40:00',0,3623,17),
(12572,'2025-01-07 16:40:00',0,3623,18),
(12573,'2025-01-07 09:30:00',0,3611,13),
(12574,'2025-01-07 11:50:00',0,3611,13),
(12575,'2025-01-07 14:10:00',0,3611,13),
(12576,'2025-01-07 16:30:00',0,3611,13),
(12577,'2025-01-07 18:50:00',0,3611,13),
(12578,'2025-01-07 21:10:00',0,3611,13),
(12579,'2025-01-07 23:30:00',0,3611,13),
(12580,'2025-01-07 09:00:00',0,3611,14),
(12581,'2025-01-07 11:20:00',0,3611,14),
(12582,'2025-01-07 13:40:00',0,3611,14),
(12583,'2025-01-07 16:00:00',0,3611,14),
(12584,'2025-01-07 18:20:00',0,3611,14),
(12585,'2025-01-07 20:40:00',0,3611,14),
(12586,'2025-01-07 23:00:00',0,3611,14),
(12587,'2025-01-07 10:10:00',0,3611,21),
(12588,'2025-01-07 12:30:00',0,3611,21),
(12589,'2025-01-07 14:50:00',0,3611,21),
(12590,'2025-01-07 17:10:00',0,3611,21),
(12591,'2025-01-07 19:30:00',0,3611,21),
(12592,'2025-01-07 21:50:00',0,3611,21),
(12593,'2025-01-07 13:10:00',0,3611,22),
(12594,'2025-01-07 15:30:00',0,3611,22),
(12595,'2025-01-07 17:50:00',0,3611,22),
(12596,'2025-01-07 20:10:00',0,3611,22),
(12597,'2025-01-07 22:30:00',0,3611,22),
(12598,'2025-01-07 17:15:00',0,3668,17),
(12599,'2025-01-07 10:00:00',0,3668,22),
(12600,'2025-01-07 10:00:00',0,3649,17),
(12601,'2025-01-07 12:25:00',0,3649,17),
(12602,'2025-01-07 12:50:00',0,3622,15),
(12603,'2025-01-07 15:10:00',0,3622,15),
(12604,'2025-01-07 18:55:00',0,3622,18),
(12605,'2025-01-07 21:10:00',0,3622,18),
(12606,'2025-01-07 23:25:00',0,3622,18),
(12607,'2025-01-07 11:20:00',0,3669,16),
(12608,'2025-01-07 15:35:00',0,3669,16),
(12609,'2025-01-07 13:50:00',0,3669,18),
(12610,'2025-01-07 09:10:00',0,3666,16),
(12611,'2025-01-07 13:25:00',0,3666,16),
(12612,'2025-01-07 17:40:00',0,3666,16),
(12613,'2025-01-07 16:20:00',0,3618,20),
(12614,'2025-01-07 19:15:00',0,3618,20),
(12615,'2025-01-07 22:10:00',0,3618,20),
(12616,'2025-01-07 09:50:00',0,3673,18),
(12617,'2025-01-07 19:50:00',0,3856,16),
(12618,'2025-01-07 16:00:00',0,3856,18),
(12619,'2025-01-08 11:45:00',0,3628,22),
(12620,'2025-01-08 15:40:00',0,3628,22),
(12621,'2025-01-08 21:50:00',0,3636,16),
(12622,'2025-01-08 10:30:00',0,3638,20),
(12623,'2025-01-08 13:10:00',0,3638,20),
(12624,'2025-01-08 18:10:00',0,3638,20),
(12625,'2025-01-08 20:50:00',0,3638,20),
(12626,'2025-01-08 23:30:00',0,3638,20),
(12627,'2025-01-08 09:20:00',0,3632,15),
(12628,'2025-01-08 14:00:00',0,3632,15),
(12629,'2025-01-08 09:30:00',0,3651,22),
(12630,'2025-01-08 13:25:00',0,3651,22),
(12631,'2025-01-08 17:25:00',0,3651,22),
(12632,'2025-01-08 19:40:00',0,3651,22),
(12633,'2025-01-08 21:55:00',0,3651,22),
(12634,'2025-01-08 22:40:00',0,3623,18),
(12635,'2025-01-08 09:40:00',0,3668,18),
(12636,'2025-01-08 11:35:00',0,3649,15),
(12637,'2025-01-08 16:15:00',0,3649,15),
(12638,'2025-01-08 18:40:00',0,3622,15),
(12639,'2025-01-08 20:55:00',0,3622,15),
(12640,'2025-01-08 11:40:00',0,3669,19),
(12641,'2025-01-08 10:15:00',0,3666,13),
(12642,'2025-01-08 12:50:00',0,3635,18),
(12643,'2025-01-08 20:10:00',0,3635,18),
(12644,'2025-01-08 21:05:00',0,3857,16),
(12645,'2025-01-08 19:25:00',0,3857,18),
(12646,'2025-01-09 10:30:00',0,3638,20),
(12647,'2025-01-09 13:10:00',0,3638,20),
(12648,'2025-01-09 18:10:00',0,3638,20),
(12649,'2025-01-09 20:50:00',0,3638,20),
(12650,'2025-01-09 23:30:00',0,3638,20),
(12651,'2025-01-09 22:30:00',0,3623,18),
(12652,'2025-01-09 09:40:00',0,3668,18),
(12653,'2025-01-09 12:50:00',0,3635,18),
(12654,'2025-01-09 20:00:00',0,3635,18),
(12655,'2025-01-09 19:20:00',0,3857,18),
(12656,'2025-01-06 10:50:00',0,3628,28),
(12657,'2025-01-06 11:50:00',0,3632,24),
(12658,'2025-01-06 14:20:00',0,3651,24),
(12659,'2025-01-06 19:00:00',0,3651,24),
(12660,'2025-01-06 10:00:00',0,3651,26),
(12661,'2025-01-06 21:25:00',0,3651,26),
(12662,'2025-01-06 17:25:00',0,3651,27),
(12663,'2025-01-06 22:05:00',0,3651,27),
(12664,'2025-01-06 15:40:00',0,3612,23),
(12665,'2025-01-06 21:40:00',0,3612,24),
(12666,'2025-01-06 10:20:00',0,3612,27),
(12667,'2025-01-06 19:40:00',0,3612,27),
(12668,'2025-01-06 17:45:00',0,3612,28),
(12669,'2025-01-06 22:25:00',0,3623,28),
(12670,'2025-01-06 10:30:00',0,3611,25),
(12671,'2025-01-06 15:10:00',0,3611,25),
(12672,'2025-01-06 17:30:00',0,3611,25),
(12673,'2025-01-06 19:50:00',0,3611,25),
(12674,'2025-01-06 22:10:00',0,3611,25),
(12675,'2025-01-06 14:00:00',0,3611,29),
(12676,'2025-01-06 16:20:00',0,3611,29),
(12677,'2025-01-06 18:40:00',0,3611,29),
(12678,'2025-01-06 21:00:00',0,3611,29),
(12679,'2025-01-06 12:30:00',0,3649,28),
(12680,'2025-01-06 12:45:00',0,3622,27),
(12681,'2025-01-06 09:35:00',0,3666,24),
(12682,'2025-01-06 16:40:00',0,3666,24),
(12683,'2025-01-06 15:15:00',0,3666,27),
(12684,'2025-01-06 18:15:00',0,3855,23),
(12685,'2025-01-06 12:15:00',0,3855,26),
(12686,'2025-01-06 15:30:00',0,3855,26),
(12687,'2025-01-06 11:40:00',0,3667,23),
(12688,'2025-01-06 18:35:00',0,3667,26),
(12689,'2025-01-06 14:55:00',0,3667,28),
(12690,'2025-01-06 11:00:00',0,3667,29),
(12691,'2025-01-06 12:50:00',0,3673,25),
(12692,'2025-01-06 20:10:00',0,3673,28),
(12693,'2025-01-06 09:30:00',0,3682,23),
(12694,'2025-01-06 21:45:00',0,3633,23),
(12695,'2025-01-06 14:30:00',0,3957,23),
(12696,'2025-01-07 11:00:00',0,3628,28),
(12697,'2025-01-07 10:00:00',0,3632,27),
(12698,'2025-01-07 11:45:00',0,3651,24),
(12699,'2025-01-07 22:30:00',0,3651,25),
(12700,'2025-01-07 09:55:00',0,3651,26),
(12701,'2025-01-07 15:10:00',0,3651,26),
(12702,'2025-01-07 20:25:00',0,3651,26),
(12703,'2025-01-07 16:55:00',0,3651,27),
(12704,'2025-01-07 16:15:00',0,3612,23),
(12705,'2025-01-07 20:45:00',0,3612,24),
(12706,'2025-01-07 12:15:00',0,3612,27),
(12707,'2025-01-07 14:50:00',0,3612,28),
(12708,'2025-01-07 22:15:00',0,3623,28),
(12709,'2025-01-07 10:40:00',0,3611,25),
(12710,'2025-01-07 13:00:00',0,3611,25),
(12711,'2025-01-07 15:20:00',0,3611,25),
(12712,'2025-01-07 17:40:00',0,3611,25),
(12713,'2025-01-07 20:00:00',0,3611,25),
(12714,'2025-01-07 14:10:00',0,3611,29),
(12715,'2025-01-07 16:30:00',0,3611,29),
(12716,'2025-01-07 18:50:00',0,3611,29),
(12717,'2025-01-07 21:20:00',0,3611,29),
(12718,'2025-01-07 22:35:00',0,3622,26),
(12719,'2025-01-07 14:40:00',0,3622,27),
(12720,'2025-01-07 09:35:00',0,3666,24),
(12721,'2025-01-07 14:00:00',0,3666,24),
(12722,'2025-01-07 16:10:00',0,3666,24),
(12723,'2025-01-07 09:30:00',0,3855,23),
(12724,'2025-01-07 12:05:00',0,3855,26),
(12725,'2025-01-07 17:20:00',0,3855,26),
(12726,'2025-01-07 13:25:00',0,3667,23),
(12727,'2025-01-07 19:10:00',0,3667,27),
(12728,'2025-01-07 22:00:00',0,3667,27),
(12729,'2025-01-07 17:15:00',0,3667,28),
(12730,'2025-01-07 11:10:00',0,3667,29),
(12731,'2025-01-07 12:40:00',0,3673,28),
(12732,'2025-01-07 20:05:00',0,3673,28),
(12733,'2025-01-07 21:00:00',0,3631,23),
(12734,'2025-01-07 18:40:00',0,3633,23),
(12735,'2025-01-07 12:35:00',0,3957,23),
(12736,'2025-01-05 12:40:00',0,3628,33),
(12737,'2025-01-08 10:30:00',0,3628,32),
(12738,'2025-01-08 14:40:00',0,3628,32),
(12739,'2025-01-08 09:00:00',0,3636,31),
(12740,'2025-01-08 11:20:00',0,3636,31),
(12741,'2025-01-08 16:00:00',0,3636,31),
(12742,'2025-01-08 18:20:00',0,3636,31),
(12743,'2025-01-08 20:35:00',0,3636,31),
(12744,'2025-01-08 22:50:00',0,3636,31),
(12745,'2025-01-08 12:20:00',0,3638,30),
(12746,'2025-01-08 17:20:00',0,3638,30),
(12747,'2025-01-08 22:20:00',0,3638,30),
(12748,'2025-01-08 10:00:00',0,3632,30),
(12749,'2025-01-08 13:40:00',0,3632,31),
(12750,'2025-01-08 21:30:00',0,3651,32),
(12751,'2025-01-08 10:10:00',0,3651,35),
(12752,'2025-01-08 14:50:00',0,3651,35),
(12753,'2025-01-08 17:10:00',0,3651,35),
(12754,'2025-01-08 19:30:00',0,3651,35),
(12755,'2025-01-08 09:30:00',0,3611,33),
(12756,'2025-01-08 11:50:00',0,3611,33),
(12757,'2025-01-08 14:10:00',0,3611,33),
(12758,'2025-01-08 16:30:00',0,3611,33),
(12759,'2025-01-08 19:00:00',0,3611,33),
(12760,'2025-01-08 21:20:00',0,3611,33),
(12761,'2025-01-08 10:40:00',0,3611,34),
(12762,'2025-01-08 13:00:00',0,3611,34),
(12763,'2025-01-08 15:20:00',0,3611,34),
(12764,'2025-01-08 17:40:00',0,3611,34),
(12765,'2025-01-08 20:10:00',0,3611,34),
(12766,'2025-01-08 22:30:00',0,3611,34),
(12767,'2025-01-08 21:50:00',0,3611,35),
(12768,'2025-01-08 16:20:00',0,3649,32),
(12769,'2025-01-08 15:00:00',0,3622,30),
(12770,'2025-01-08 20:00:00',0,3622,30),
(12771,'2025-01-08 12:30:00',0,3666,35),
(12772,'2025-01-08 12:10:00',0,3635,32),
(12773,'2025-01-08 18:50:00',0,3635,32),
(12774,'2025-01-09 10:30:00',0,3628,32),
(12775,'2025-01-09 14:40:00',0,3628,32),
(12776,'2025-01-09 11:20:00',0,3636,30),
(12777,'2025-01-09 16:00:00',0,3636,30),
(12778,'2025-01-09 18:20:00',0,3636,30),
(12779,'2025-01-09 20:35:00',0,3636,30),
(12780,'2025-01-09 22:50:00',0,3636,30),
(12781,'2025-01-09 10:20:00',0,3636,31),
(12782,'2025-01-09 17:20:00',0,3638,31),
(12783,'2025-01-09 22:20:00',0,3638,31),
(12784,'2025-01-09 15:00:00',0,3632,31),
(12785,'2025-01-09 12:30:00',0,3632,35),
(12786,'2025-01-09 21:30:00',0,3651,32),
(12787,'2025-01-09 10:10:00',0,3651,35),
(12788,'2025-01-09 14:50:00',0,3651,35),
(12789,'2025-01-09 17:10:00',0,3651,35),
(12790,'2025-01-09 19:30:00',0,3651,35),
(12791,'2025-01-09 09:30:00',0,3611,33),
(12792,'2025-01-09 11:50:00',0,3611,33),
(12793,'2025-01-09 14:10:00',0,3611,33),
(12794,'2025-01-09 16:30:00',0,3611,33),
(12795,'2025-01-09 19:00:00',0,3611,33),
(12796,'2025-01-09 21:20:00',0,3611,33),
(12797,'2025-01-09 10:40:00',0,3611,34),
(12798,'2025-01-09 13:00:00',0,3611,34),
(12799,'2025-01-09 15:20:00',0,3611,34),
(12800,'2025-01-09 17:40:00',0,3611,34),
(12801,'2025-01-09 20:10:00',0,3611,34),
(12802,'2025-01-09 22:30:00',0,3611,34),
(12803,'2025-01-09 21:50:00',0,3611,35),
(12804,'2025-01-09 16:20:00',0,3649,32),
(12805,'2025-01-09 12:40:00',0,3622,31),
(12806,'2025-01-09 20:00:00',0,3622,31),
(12807,'2025-01-09 13:40:00',0,3666,30),
(12808,'2025-01-09 12:10:00',0,3635,32),
(12809,'2025-01-09 18:50:00',0,3635,32),
(12810,'2025-01-07 09:30:00',0,3628,38),
(12811,'2025-01-07 12:25:00',0,3628,40),
(12812,'2025-01-07 11:10:00',0,3632,38),
(12813,'2025-01-07 14:10:00',0,3632,40),
(12814,'2025-01-07 16:30:00',0,3632,40),
(12815,'2025-01-07 21:40:00',0,3623,41),
(12816,'2025-01-07 15:50:00',0,3611,38),
(12817,'2025-01-07 18:10:00',0,3611,38),
(12818,'2025-01-07 20:30:00',0,3611,38),
(12819,'2025-01-07 22:50:00',0,3611,38),
(12820,'2025-01-07 10:20:00',0,3611,39),
(12821,'2025-01-07 12:40:00',0,3611,39),
(12822,'2025-01-07 15:00:00',0,3611,39),
(12823,'2025-01-07 17:20:00',0,3611,39),
(12824,'2025-01-07 19:40:00',0,3611,39),
(12825,'2025-01-07 22:00:00',0,3611,39),
(12826,'2025-01-07 18:45:00',0,3668,40),
(12827,'2025-01-07 14:35:00',0,3649,41),
(12828,'2025-01-07 10:10:00',0,3622,40),
(12829,'2025-01-07 21:55:00',0,3622,40),
(12830,'2025-01-07 17:05:00',0,3622,41),
(12831,'2025-01-07 19:20:00',0,3622,41),
(12832,'2025-01-07 12:25:00',0,3669,41),
(12833,'2025-01-07 13:30:00',0,3666,38),
(12834,'2025-01-07 10:15:00',0,3666,41),
(12835,'2025-01-08 09:40:00',0,3628,37),
(12836,'2025-01-08 12:05:00',0,3628,38),
(12837,'2025-01-08 09:50:00',0,3636,38),
(12838,'2025-01-08 18:25:00',0,3636,38),
(12839,'2025-01-08 20:40:00',0,3636,38),
(12840,'2025-01-08 22:55:00',0,3636,38),
(12841,'2025-01-08 16:10:00',0,3632,38),
(12842,'2025-01-08 11:20:00',0,3611,37),
(12843,'2025-01-08 13:40:00',0,3611,37),
(12844,'2025-01-08 16:00:00',0,3611,37),
(12845,'2025-01-08 18:20:00',0,3611,37),
(12846,'2025-01-08 20:40:00',0,3611,37),
(12847,'2025-01-08 23:00:00',0,3611,37),
(12848,'2025-01-08 13:45:00',0,3649,38),
(12849,'2025-01-09 09:40:00',0,3628,37),
(12850,'2025-01-09 10:00:00',0,3636,38),
(12851,'2025-01-09 17:05:00',0,3636,38),
(12852,'2025-01-09 19:20:00',0,3636,38),
(12853,'2025-01-09 11:20:00',0,3611,37),
(12854,'2025-01-09 13:40:00',0,3611,37),
(12855,'2025-01-09 16:00:00',0,3611,37),
(12856,'2025-01-09 18:20:00',0,3611,37),
(12857,'2025-01-09 20:40:00',0,3611,37),
(12858,'2025-01-09 23:00:00',0,3611,37),
(12859,'2025-01-09 14:40:00',0,3649,38),
(12860,'2025-01-05 13:15:00',0,3628,42),
(12861,'2025-01-05 20:25:00',0,3651,47),
(12862,'2025-01-06 12:25:00',0,3628,43),
(12863,'2025-01-06 14:05:00',0,3628,43),
(12864,'2025-01-06 12:40:00',0,3632,42),
(12865,'2025-01-06 17:30:00',0,3623,42),
(12866,'2025-01-06 19:50:00',0,3611,42),
(12867,'2025-01-06 22:10:00',0,3611,42),
(12868,'2025-01-06 18:00:00',0,3668,43),
(12869,'2025-01-06 15:45:00',0,3622,43),
(12870,'2025-01-06 21:10:00',0,3622,43),
(12871,'2025-01-06 10:20:00',0,3669,43),
(12872,'2025-01-07 12:25:00',0,3628,43),
(12873,'2025-01-07 14:05:00',0,3628,43),
(12874,'2025-01-07 12:40:00',0,3632,42),
(12875,'2025-01-07 17:30:00',0,3623,42),
(12876,'2025-01-07 19:50:00',0,3611,42),
(12877,'2025-01-07 22:10:00',0,3611,42),
(12878,'2025-01-07 18:00:00',0,3668,43),
(12879,'2025-01-07 15:00:00',0,3649,42),
(12880,'2025-01-07 15:45:00',0,3622,43),
(12881,'2025-01-07 21:10:00',0,3622,43),
(12882,'2025-01-07 10:20:00',0,3669,43),
(12883,'2025-01-07 10:30:00',0,3666,42),
(12884,'2025-01-08 12:10:00',0,3628,42),
(12885,'2025-01-08 09:10:00',0,3636,47),
(12886,'2025-01-08 16:10:00',0,3636,47),
(12887,'2025-01-08 18:25:00',0,3636,47),
(12888,'2025-01-08 20:40:00',0,3636,47),
(12889,'2025-01-08 23:00:00',0,3636,47),
(12890,'2025-01-08 09:30:00',0,3638,45),
(12891,'2025-01-08 12:10:00',0,3638,45),
(12892,'2025-01-08 14:50:00',0,3638,45),
(12893,'2025-01-08 19:45:00',0,3638,45),
(12894,'2025-01-08 22:30:00',0,3638,45),
(12895,'2025-01-08 13:50:00',0,3632,47),
(12896,'2025-01-08 10:00:00',0,3651,42),
(12897,'2025-01-08 13:50:00',0,3651,42),
(12898,'2025-01-08 19:10:00',0,3651,42),
(12899,'2025-01-08 09:30:00',0,3611,46),
(12900,'2025-01-08 11:50:00',0,3611,46),
(12901,'2025-01-08 14:10:00',0,3611,46),
(12902,'2025-01-08 16:30:00',0,3611,46),
(12903,'2025-01-08 18:50:00',0,3611,46),
(12904,'2025-01-08 21:10:00',0,3611,46),
(12905,'2025-01-08 16:05:00',0,3668,42),
(12906,'2025-01-08 11:25:00',0,3649,47),
(12907,'2025-01-09 09:30:00',0,3638,45),
(12908,'2025-01-09 12:10:00',0,3638,45),
(12909,'2025-01-09 14:50:00',0,3638,45),
(12910,'2025-01-09 19:40:00',0,3638,45),
(12911,'2025-01-09 22:20:00',0,3638,45),
(12912,'2025-01-09 09:30:00',0,3611,46),
(12913,'2025-01-09 11:50:00',0,3611,46),
(12914,'2025-01-09 14:10:00',0,3611,46),
(12915,'2025-01-09 16:30:00',0,3611,46),
(12916,'2025-01-09 18:50:00',0,3611,46),
(12917,'2025-01-09 21:10:00',0,3611,46),
(12918,'2025-01-09 17:30:00',0,3771,45),
(12919,'2025-01-10 09:30:00',0,3638,45),
(12920,'2025-01-10 12:10:00',0,3638,45),
(12921,'2025-01-10 14:50:00',0,3638,45),
(12922,'2025-01-10 19:40:00',0,3638,45),
(12923,'2025-01-10 22:20:00',0,3638,45),
(12924,'2025-01-10 17:30:00',0,3771,45),
(12925,'2025-01-11 09:30:00',0,3638,45),
(12926,'2025-01-11 19:00:00',0,3638,45),
(12927,'2025-01-11 21:40:00',0,3638,45),
(12928,'2025-01-11 14:20:00',0,3632,45),
(12929,'2025-01-11 16:40:00',0,3632,45),
(12930,'2025-01-11 12:10:00',0,3771,45),
(12931,'2025-01-12 09:30:00',0,3638,45),
(12932,'2025-01-12 16:50:00',0,3638,45),
(12933,'2025-01-12 21:40:00',0,3638,45),
(12934,'2025-01-12 12:10:00',0,3632,45),
(12935,'2025-01-12 14:30:00',0,3632,45),
(12936,'2025-01-12 19:30:00',0,3771,45),
(12937,'2025-01-06 21:50:00',0,3651,53),
(12938,'2025-01-06 13:10:00',0,3651,50),
(12939,'2025-01-06 17:20:00',0,3651,51),
(12940,'2025-01-06 19:40:00',0,3651,51),
(12941,'2025-01-06 14:25:00',0,3651,52),
(12942,'2025-01-06 22:00:00',0,3623,51),
(12943,'2025-01-06 10:10:00',0,3611,53),
(12944,'2025-01-06 12:30:00',0,3611,53),
(12945,'2025-01-06 19:30:00',0,3611,53),
(12946,'2025-01-06 11:00:00',0,3611,49),
(12947,'2025-01-06 13:40:00',0,3611,49),
(12948,'2025-01-06 16:00:00',0,3611,49),
(12949,'2025-01-06 18:20:00',0,3611,49),
(12950,'2025-01-06 20:40:00',0,3611,49),
(12951,'2025-01-06 23:00:00',0,3611,49),
(12952,'2025-01-06 15:00:00',0,3611,51),
(12953,'2025-01-06 17:05:00',0,3649,53),
(12954,'2025-01-06 19:00:00',0,3649,52),
(12955,'2025-01-06 14:50:00',0,3622,53),
(12956,'2025-01-06 10:50:00',0,3622,50),
(12957,'2025-01-06 22:20:00',0,3622,50),
(12958,'2025-01-06 10:00:00',0,3669,52),
(12959,'2025-01-06 21:25:00',0,3669,52),
(12960,'2025-01-06 15:30:00',0,3666,50),
(12961,'2025-01-06 17:45:00',0,3666,50),
(12962,'2025-01-06 20:05:00',0,3666,50),
(12963,'2025-01-06 10:30:00',0,3666,51),
(12964,'2025-01-06 12:45:00',0,3666,51),
(12965,'2025-01-06 12:10:00',0,3673,52),
(12966,'2025-01-06 16:45:00',0,3673,52),
(12967,'2025-01-07 21:50:00',0,3651,53),
(12968,'2025-01-07 13:10:00',0,3651,50),
(12969,'2025-01-07 17:20:00',0,3651,51),
(12970,'2025-01-07 19:40:00',0,3651,51),
(12971,'2025-01-07 14:25:00',0,3651,52),
(12972,'2025-01-07 22:00:00',0,3623,51),
(12973,'2025-01-07 10:10:00',0,3611,53),
(12974,'2025-01-07 12:30:00',0,3611,53),
(12975,'2025-01-07 19:30:00',0,3611,53),
(12976,'2025-01-07 11:00:00',0,3611,49),
(12977,'2025-01-07 13:40:00',0,3611,49),
(12978,'2025-01-07 16:00:00',0,3611,49),
(12979,'2025-01-07 18:20:00',0,3611,49),
(12980,'2025-01-07 20:40:00',0,3611,49),
(12981,'2025-01-07 23:00:00',0,3611,49),
(12982,'2025-01-07 15:00:00',0,3611,51),
(12983,'2025-01-07 17:05:00',0,3649,53),
(12984,'2025-01-07 19:00:00',0,3649,52),
(12985,'2025-01-07 14:50:00',0,3622,53),
(12986,'2025-01-07 10:50:00',0,3622,50),
(12987,'2025-01-07 22:20:00',0,3622,50),
(12988,'2025-01-07 10:00:00',0,3669,52),
(12989,'2025-01-07 21:25:00',0,3669,52),
(12990,'2025-01-07 15:30:00',0,3666,50),
(12991,'2025-01-07 17:45:00',0,3666,50),
(12992,'2025-01-07 20:05:00',0,3666,50),
(12993,'2025-01-07 10:30:00',0,3666,51),
(12994,'2025-01-07 12:45:00',0,3666,51),
(12995,'2025-01-07 12:10:00',0,3673,52),
(12996,'2025-01-07 16:45:00',0,3673,52),
(12997,'2025-01-08 10:20:00',0,3636,51),
(12998,'2025-01-08 15:00:00',0,3636,51),
(12999,'2025-01-08 17:15:00',0,3638,52),
(13000,'2025-01-08 22:20:00',0,3638,52),
(13001,'2025-01-08 19:35:00',0,3651,51),
(13002,'2025-01-08 11:00:00',0,3611,49),
(13003,'2025-01-08 13:20:00',0,3611,49),
(13004,'2025-01-08 15:40:00',0,3611,49),
(13005,'2025-01-08 18:00:00',0,3611,49),
(13006,'2025-01-08 20:30:00',0,3611,49),
(13007,'2025-01-08 22:50:00',0,3611,49),
(13008,'2025-01-08 21:50:00',0,3622,51),
(13009,'2025-01-08 12:35:00',0,3669,52),
(13010,'2025-01-08 12:40:00',0,3666,51),
(13011,'2025-01-08 17:20:00',0,3673,51),
(13012,'2025-01-08 10:05:00',0,3635,52),
(13013,'2025-01-08 14:45:00',0,3635,52),
(13014,'2025-01-08 19:50:00',0,3635,52),
(13015,'2025-01-05 13:35:00',0,3669,55),
(13016,'2025-01-05 12:45:00',0,3666,56),
(13017,'2025-01-06 09:30:00',0,3628,57),
(13018,'2025-01-06 12:05:00',0,3628,58),
(13019,'2025-01-06 13:45:00',0,3628,58),
(13020,'2025-01-06 15:25:00',0,3628,58),
(13021,'2025-01-06 10:00:00',0,3632,54),
(13022,'2025-01-06 12:20:00',0,3632,54),
(13023,'2025-01-06 14:40:00',0,3632,54),
(13024,'2025-01-06 22:25:00',0,3651,54),
(13025,'2025-01-06 09:10:00',0,3651,55),
(13026,'2025-01-06 15:45:00',0,3651,55),
(13027,'2025-01-06 17:55:00',0,3651,55),
(13028,'2025-01-06 20:30:00',0,3651,57),
(13029,'2025-01-06 19:30:00',0,3623,58),
(13030,'2025-01-06 21:50:00',0,3623,58),
(13031,'2025-01-06 10:20:00',0,3611,56),
(13032,'2025-01-06 12:40:00',0,3611,56),
(13033,'2025-01-06 15:00:00',0,3611,56),
(13034,'2025-01-06 17:20:00',0,3611,56),
(13035,'2025-01-06 19:40:00',0,3611,56),
(13036,'2025-01-06 22:00:00',0,3611,56),
(13037,'2025-01-06 09:00:00',0,3611,59),
(13038,'2025-01-06 11:20:00',0,3611,59),
(13039,'2025-01-06 13:40:00',0,3611,59),
(13040,'2025-01-06 16:00:00',0,3611,59),
(13041,'2025-01-06 18:20:00',0,3611,59),
(13042,'2025-01-06 20:40:00',0,3611,59),
(13043,'2025-01-06 23:00:00',0,3611,59),
(13044,'2025-01-06 19:15:00',0,3668,54),
(13045,'2025-01-06 22:35:00',0,3668,55),
(13046,'2025-01-06 20:10:00',0,3649,55),
(13047,'2025-01-06 13:25:00',0,3649,57),
(13048,'2025-01-06 15:50:00',0,3649,57),
(13049,'2025-01-06 09:40:00',0,3649,58),
(13050,'2025-01-06 18:15:00',0,3622,57),
(13051,'2025-01-06 22:45:00',0,3622,57),
(13052,'2025-01-06 11:30:00',0,3669,55),
(13053,'2025-01-06 13:35:00',0,3669,55),
(13054,'2025-01-06 17:00:00',0,3666,54),
(13055,'2025-01-06 11:10:00',0,3666,57),
(13056,'2025-01-06 17:05:00',0,3650,58),
(13057,'2025-01-07 09:30:00',0,3628,57),
(13058,'2025-01-07 12:05:00',0,3628,58),
(13059,'2025-01-07 13:45:00',0,3628,58),
(13060,'2025-01-07 15:25:00',0,3628,58),
(13061,'2025-01-07 10:00:00',0,3632,54),
(13062,'2025-01-07 12:20:00',0,3632,54),
(13063,'2025-01-07 14:40:00',0,3632,54),
(13064,'2025-01-07 22:25:00',0,3651,54),
(13065,'2025-01-07 09:10:00',0,3651,55),
(13066,'2025-01-07 15:45:00',0,3651,55),
(13067,'2025-01-07 17:55:00',0,3651,55),
(13068,'2025-01-07 20:30:00',0,3651,57),
(13069,'2025-01-07 19:30:00',0,3623,58),
(13070,'2025-01-07 21:50:00',0,3623,58),
(13071,'2025-01-07 10:20:00',0,3611,56),
(13072,'2025-01-07 12:40:00',0,3611,56),
(13073,'2025-01-07 15:00:00',0,3611,56),
(13074,'2025-01-07 17:20:00',0,3611,56),
(13075,'2025-01-07 19:40:00',0,3611,56),
(13076,'2025-01-07 22:00:00',0,3611,56),
(13077,'2025-01-07 09:00:00',0,3611,59),
(13078,'2025-01-07 11:20:00',0,3611,59),
(13079,'2025-01-07 13:40:00',0,3611,59),
(13080,'2025-01-07 16:00:00',0,3611,59),
(13081,'2025-01-07 18:20:00',0,3611,59),
(13082,'2025-01-07 20:40:00',0,3611,59),
(13083,'2025-01-07 23:00:00',0,3611,59),
(13084,'2025-01-07 19:15:00',0,3668,54),
(13085,'2025-01-07 22:35:00',0,3668,55),
(13086,'2025-01-07 20:10:00',0,3649,55),
(13087,'2025-01-07 13:25:00',0,3649,57),
(13088,'2025-01-07 15:50:00',0,3649,57),
(13089,'2025-01-07 09:40:00',0,3649,58),
(13090,'2025-01-07 18:15:00',0,3622,57),
(13091,'2025-01-07 22:45:00',0,3622,57),
(13092,'2025-01-07 11:30:00',0,3669,55),
(13093,'2025-01-07 13:35:00',0,3669,55),
(13094,'2025-01-07 17:00:00',0,3666,54),
(13095,'2025-01-07 11:10:00',0,3666,57),
(13096,'2025-01-07 17:05:00',0,3650,58),
(13097,'2025-01-08 15:15:00',0,3628,54),
(13098,'2025-01-08 09:30:00',0,3628,55),
(13099,'2025-01-08 12:50:00',0,3628,59),
(13100,'2025-01-08 09:50:00',0,3636,58),
(13101,'2025-01-08 12:05:00',0,3636,58),
(13102,'2025-01-08 14:20:00',0,3636,58),
(13103,'2025-01-08 16:40:00',0,3636,58),
(13104,'2025-01-08 19:00:00',0,3636,58),
(13105,'2025-01-08 21:15:00',0,3636,58),
(13106,'2025-01-08 12:30:00',0,3638,54),
(13107,'2025-01-08 19:30:00',0,3638,54),
(13108,'2025-01-08 22:55:00',0,3638,55),
(13109,'2025-01-08 13:25:00',0,3632,55),
(13110,'2025-01-08 15:50:00',0,3632,55),
(13111,'2025-01-08 10:30:00',0,3632,59),
(13112,'2025-01-08 22:10:00',0,3668,54),
(13113,'2025-01-08 14:35:00',0,3649,59),
(13114,'2025-01-08 11:10:00',0,3666,55),
(13115,'2025-01-08 18:10:00',0,3666,55),
(13116,'2025-01-08 10:00:00',0,3635,54),
(13117,'2025-01-08 16:55:00',0,3635,54),
(13118,'2025-01-08 20:25:00',0,3635,55);
/*!40000 ALTER TABLE `screen` ENABLE KEYS */;
UNLOCK TABLES;

--
-- Table structure for table `seat`
--

DROP TABLE IF EXISTS `seat`;
/*!40101 SET @saved_cs_client     = @@character_set_client */;
/*!40101 SET character_set_client = utf8 */;
CREATE TABLE `seat` (
  `se_num` int(10) unsigned NOT NULL AUTO_INCREMENT,
  `se_name` varchar(4) NOT NULL,
  `ci_num` int(10) unsigned NOT NULL,
  PRIMARY KEY (`se_num`),
  KEY `ci_num` (`ci_num`),
  CONSTRAINT `seat_ibfk_1` FOREIGN KEY (`ci_num`) REFERENCES `cinema` (`ci_num`) ON DELETE CASCADE ON UPDATE CASCADE
) ENGINE=InnoDB AUTO_INCREMENT=2361 DEFAULT CHARSET=utf8mb4 COLLATE=utf8mb4_general_ci;
/*!40101 SET character_set_client = @saved_cs_client */;

--
-- Dumping data for table `seat`
--

LOCK TABLES `seat` WRITE;
/*!40000 ALTER TABLE `seat` DISABLE KEYS */;
INSERT INTO `seat` VALUES
(1,'A1',1),
(2,'A2',1),
(3,'A3',1),
(4,'A4',1),
(5,'A5',1),
(6,'A6',1),
(7,'A7',1),
(8,'A8',1),
(9,'B1',1),
(10,'B2',1),
(11,'B3',1),
(12,'B4',1),
(13,'B5',1),
(14,'B6',1),
(15,'B7',1),
(16,'B8',1),
(17,'C1',1),
(18,'C2',1),
(19,'C3',1),
(20,'C4',1),
(21,'C5',1),
(22,'C6',1),
(23,'C7',1),
(24,'C8',1),
(25,'D1',1),
(26,'D2',1),
(27,'D3',1),
(28,'D4',1),
(29,'D5',1),
(30,'D6',1),
(31,'D7',1),
(32,'D8',1),
(33,'E1',1),
(34,'E2',1),
(35,'E3',1),
(36,'E4',1),
(37,'E5',1),
(38,'E6',1),
(39,'E7',1),
(40,'E8',1),
(41,'A1',2),
(42,'A2',2),
(43,'A3',2),
(44,'A4',2),
(45,'A5',2),
(46,'A6',2),
(47,'A7',2),
(48,'A8',2),
(49,'B1',2),
(50,'B2',2),
(51,'B3',2),
(52,'B4',2),
(53,'B5',2),
(54,'B6',2),
(55,'B7',2),
(56,'B8',2),
(57,'C1',2),
(58,'C2',2),
(59,'C3',2),
(60,'C4',2),
(61,'C5',2),
(62,'C6',2),
(63,'C7',2),
(64,'C8',2),
(65,'D1',2),
(66,'D2',2),
(67,'D3',2),
(68,'D4',2),
(69,'D5',2),
(70,'D6',2),
(71,'D7',2),
(72,'D8',2),
(73,'E1',2),
(74,'E2',2),
(75,'E3',2),
(76,'E4',2),
(77,'E5',2),
(78,'E6',2),
(79,'E7',2),
(80,'E8',2),
(81,'A1',3),
(82,'A2',3),
(83,'A3',3),
(84,'A4',3),
(85,'A5',3),
(86,'A6',3),
(87,'A7',3),
(88,'A8',3),
(89,'B1',3),
(90,'B2',3),
(91,'B3',3),
(92,'B4',3),
(93,'B5',3),
(94,'B6',3),
(95,'B7',3),
(96,'B8',3),
(97,'C1',3),
(98,'C2',3),
(99,'C3',3),
(100,'C4',3),
(101,'C5',3),
(102,'C6',3),
(103,'C7',3),
(104,'C8',3),
(105,'D1',3),
(106,'D2',3),
(107,'D3',3),
(108,'D4',3),
(109,'D5',3),
(110,'D6',3),
(111,'D7',3),
(112,'D8',3),
(113,'E1',3),
(114,'E2',3),
(115,'E3',3),
(116,'E4',3),
(117,'E5',3),
(118,'E6',3),
(119,'E7',3),
(120,'E8',3),
(121,'A1',4),
(122,'A2',4),
(123,'A3',4),
(124,'A4',4),
(125,'A5',4),
(126,'A6',4),
(127,'A7',4),
(128,'A8',4),
(129,'B1',4),
(130,'B2',4),
(131,'B3',4),
(132,'B4',4),
(133,'B5',4),
(134,'B6',4),
(135,'B7',4),
(136,'B8',4),
(137,'C1',4),
(138,'C2',4),
(139,'C3',4),
(140,'C4',4),
(141,'C5',4),
(142,'C6',4),
(143,'C7',4),
(144,'C8',4),
(145,'D1',4),
(146,'D2',4),
(147,'D3',4),
(148,'D4',4),
(149,'D5',4),
(150,'D6',4),
(151,'D7',4),
(152,'D8',4),
(153,'E1',4),
(154,'E2',4),
(155,'E3',4),
(156,'E4',4),
(157,'E5',4),
(158,'E6',4),
(159,'E7',4),
(160,'E8',4),
(161,'A1',5),
(162,'A2',5),
(163,'A3',5),
(164,'A4',5),
(165,'A5',5),
(166,'A6',5),
(167,'A7',5),
(168,'A8',5),
(169,'B1',5),
(170,'B2',5),
(171,'B3',5),
(172,'B4',5),
(173,'B5',5),
(174,'B6',5),
(175,'B7',5),
(176,'B8',5),
(177,'C1',5),
(178,'C2',5),
(179,'C3',5),
(180,'C4',5),
(181,'C5',5),
(182,'C6',5),
(183,'C7',5),
(184,'C8',5),
(185,'D1',5),
(186,'D2',5),
(187,'D3',5),
(188,'D4',5),
(189,'D5',5),
(190,'D6',5),
(191,'D7',5),
(192,'D8',5),
(193,'E1',5),
(194,'E2',5),
(195,'E3',5),
(196,'E4',5),
(197,'E5',5),
(198,'E6',5),
(199,'E7',5),
(200,'E8',5),
(201,'A1',6),
(202,'A2',6),
(203,'A3',6),
(204,'A4',6),
(205,'A5',6),
(206,'A6',6),
(207,'A7',6),
(208,'A8',6),
(209,'B1',6),
(210,'B2',6),
(211,'B3',6),
(212,'B4',6),
(213,'B5',6),
(214,'B6',6),
(215,'B7',6),
(216,'B8',6),
(217,'C1',6),
(218,'C2',6),
(219,'C3',6),
(220,'C4',6),
(221,'C5',6),
(222,'C6',6),
(223,'C7',6),
(224,'C8',6),
(225,'D1',6),
(226,'D2',6),
(227,'D3',6),
(228,'D4',6),
(229,'D5',6),
(230,'D6',6),
(231,'D7',6),
(232,'D8',6),
(233,'E1',6),
(234,'E2',6),
(235,'E3',6),
(236,'E4',6),
(237,'E5',6),
(238,'E6',6),
(239,'E7',6),
(240,'E8',6),
(241,'A1',7),
(242,'A2',7),
(243,'A3',7),
(244,'A4',7),
(245,'A5',7),
(246,'A6',7),
(247,'A7',7),
(248,'A8',7),
(249,'B1',7),
(250,'B2',7),
(251,'B3',7),
(252,'B4',7),
(253,'B5',7),
(254,'B6',7),
(255,'B7',7),
(256,'B8',7),
(257,'C1',7),
(258,'C2',7),
(259,'C3',7),
(260,'C4',7),
(261,'C5',7),
(262,'C6',7),
(263,'C7',7),
(264,'C8',7),
(265,'D1',7),
(266,'D2',7),
(267,'D3',7),
(268,'D4',7),
(269,'D5',7),
(270,'D6',7),
(271,'D7',7),
(272,'D8',7),
(273,'E1',7),
(274,'E2',7),
(275,'E3',7),
(276,'E4',7),
(277,'E5',7),
(278,'E6',7),
(279,'E7',7),
(280,'E8',7),
(281,'A1',8),
(282,'A2',8),
(283,'A3',8),
(284,'A4',8),
(285,'A5',8),
(286,'A6',8),
(287,'A7',8),
(288,'A8',8),
(289,'B1',8),
(290,'B2',8),
(291,'B3',8),
(292,'B4',8),
(293,'B5',8),
(294,'B6',8),
(295,'B7',8),
(296,'B8',8),
(297,'C1',8),
(298,'C2',8),
(299,'C3',8),
(300,'C4',8),
(301,'C5',8),
(302,'C6',8),
(303,'C7',8),
(304,'C8',8),
(305,'D1',8),
(306,'D2',8),
(307,'D3',8),
(308,'D4',8),
(309,'D5',8),
(310,'D6',8),
(311,'D7',8),
(312,'D8',8),
(313,'E1',8),
(314,'E2',8),
(315,'E3',8),
(316,'E4',8),
(317,'E5',8),
(318,'E6',8),
(319,'E7',8),
(320,'E8',8),
(321,'A1',9),
(322,'A2',9),
(323,'A3',9),
(324,'A4',9),
(325,'A5',9),
(326,'A6',9),
(327,'A7',9),
(328,'A8',9),
(329,'B1',9),
(330,'B2',9),
(331,'B3',9),
(332,'B4',9),
(333,'B5',9),
(334,'B6',9),
(335,'B7',9),
(336,'B8',9),
(337,'C1',9),
(338,'C2',9),
(339,'C3',9),
(340,'C4',9),
(341,'C5',9),
(342,'C6',9),
(343,'C7',9),
(344,'C8',9),
(345,'D1',9),
(346,'D2',9),
(347,'D3',9),
(348,'D4',9),
(349,'D5',9),
(350,'D6',9),
(351,'D7',9),
(352,'D8',9),
(353,'E1',9),
(354,'E2',9),
(355,'E3',9),
(356,'E4',9),
(357,'E5',9),
(358,'E6',9),
(359,'E7',9),
(360,'E8',9),
(361,'A1',10),
(362,'A2',10),
(363,'A3',10),
(364,'A4',10),
(365,'A5',10),
(366,'A6',10),
(367,'A7',10),
(368,'A8',10),
(369,'B1',10),
(370,'B2',10),
(371,'B3',10),
(372,'B4',10),
(373,'B5',10),
(374,'B6',10),
(375,'B7',10),
(376,'B8',10),
(377,'C1',10),
(378,'C2',10),
(379,'C3',10),
(380,'C4',10),
(381,'C5',10),
(382,'C6',10),
(383,'C7',10),
(384,'C8',10),
(385,'D1',10),
(386,'D2',10),
(387,'D3',10),
(388,'D4',10),
(389,'D5',10),
(390,'D6',10),
(391,'D7',10),
(392,'D8',10),
(393,'E1',10),
(394,'E2',10),
(395,'E3',10),
(396,'E4',10),
(397,'E5',10),
(398,'E6',10),
(399,'E7',10),
(400,'E8',10),
(401,'A1',11),
(402,'A2',11),
(403,'A3',11),
(404,'A4',11),
(405,'A5',11),
(406,'A6',11),
(407,'A7',11),
(408,'A8',11),
(409,'B1',11),
(410,'B2',11),
(411,'B3',11),
(412,'B4',11),
(413,'B5',11),
(414,'B6',11),
(415,'B7',11),
(416,'B8',11),
(417,'C1',11),
(418,'C2',11),
(419,'C3',11),
(420,'C4',11),
(421,'C5',11),
(422,'C6',11),
(423,'C7',11),
(424,'C8',11),
(425,'D1',11),
(426,'D2',11),
(427,'D3',11),
(428,'D4',11),
(429,'D5',11),
(430,'D6',11),
(431,'D7',11),
(432,'D8',11),
(433,'E1',11),
(434,'E2',11),
(435,'E3',11),
(436,'E4',11),
(437,'E5',11),
(438,'E6',11),
(439,'E7',11),
(440,'E8',11),
(441,'A1',12),
(442,'A2',12),
(443,'A3',12),
(444,'A4',12),
(445,'A5',12),
(446,'A6',12),
(447,'A7',12),
(448,'A8',12),
(449,'B1',12),
(450,'B2',12),
(451,'B3',12),
(452,'B4',12),
(453,'B5',12),
(454,'B6',12),
(455,'B7',12),
(456,'B8',12),
(457,'C1',12),
(458,'C2',12),
(459,'C3',12),
(460,'C4',12),
(461,'C5',12),
(462,'C6',12),
(463,'C7',12),
(464,'C8',12),
(465,'D1',12),
(466,'D2',12),
(467,'D3',12),
(468,'D4',12),
(469,'D5',12),
(470,'D6',12),
(471,'D7',12),
(472,'D8',12),
(473,'E1',12),
(474,'E2',12),
(475,'E3',12),
(476,'E4',12),
(477,'E5',12),
(478,'E6',12),
(479,'E7',12),
(480,'E8',12),
(481,'A1',13),
(482,'A2',13),
(483,'A3',13),
(484,'A4',13),
(485,'A5',13),
(486,'A6',13),
(487,'A7',13),
(488,'A8',13),
(489,'B1',13),
(490,'B2',13),
(491,'B3',13),
(492,'B4',13),
(493,'B5',13),
(494,'B6',13),
(495,'B7',13),
(496,'B8',13),
(497,'C1',13),
(498,'C2',13),
(499,'C3',13),
(500,'C4',13),
(501,'C5',13),
(502,'C6',13),
(503,'C7',13),
(504,'C8',13),
(505,'D1',13),
(506,'D2',13),
(507,'D3',13),
(508,'D4',13),
(509,'D5',13),
(510,'D6',13),
(511,'D7',13),
(512,'D8',13),
(513,'E1',13),
(514,'E2',13),
(515,'E3',13),
(516,'E4',13),
(517,'E5',13),
(518,'E6',13),
(519,'E7',13),
(520,'E8',13),
(521,'A1',14),
(522,'A2',14),
(523,'A3',14),
(524,'A4',14),
(525,'A5',14),
(526,'A6',14),
(527,'A7',14),
(528,'A8',14),
(529,'B1',14),
(530,'B2',14),
(531,'B3',14),
(532,'B4',14),
(533,'B5',14),
(534,'B6',14),
(535,'B7',14),
(536,'B8',14),
(537,'C1',14),
(538,'C2',14),
(539,'C3',14),
(540,'C4',14),
(541,'C5',14),
(542,'C6',14),
(543,'C7',14),
(544,'C8',14),
(545,'D1',14),
(546,'D2',14),
(547,'D3',14),
(548,'D4',14),
(549,'D5',14),
(550,'D6',14),
(551,'D7',14),
(552,'D8',14),
(553,'E1',14),
(554,'E2',14),
(555,'E3',14),
(556,'E4',14),
(557,'E5',14),
(558,'E6',14),
(559,'E7',14),
(560,'E8',14),
(561,'A1',15),
(562,'A2',15),
(563,'A3',15),
(564,'A4',15),
(565,'A5',15),
(566,'A6',15),
(567,'A7',15),
(568,'A8',15),
(569,'B1',15),
(570,'B2',15),
(571,'B3',15),
(572,'B4',15),
(573,'B5',15),
(574,'B6',15),
(575,'B7',15),
(576,'B8',15),
(577,'C1',15),
(578,'C2',15),
(579,'C3',15),
(580,'C4',15),
(581,'C5',15),
(582,'C6',15),
(583,'C7',15),
(584,'C8',15),
(585,'D1',15),
(586,'D2',15),
(587,'D3',15),
(588,'D4',15),
(589,'D5',15),
(590,'D6',15),
(591,'D7',15),
(592,'D8',15),
(593,'E1',15),
(594,'E2',15),
(595,'E3',15),
(596,'E4',15),
(597,'E5',15),
(598,'E6',15),
(599,'E7',15),
(600,'E8',15),
(601,'A1',16),
(602,'A2',16),
(603,'A3',16),
(604,'A4',16),
(605,'A5',16),
(606,'A6',16),
(607,'A7',16),
(608,'A8',16),
(609,'B1',16),
(610,'B2',16),
(611,'B3',16),
(612,'B4',16),
(613,'B5',16),
(614,'B6',16),
(615,'B7',16),
(616,'B8',16),
(617,'C1',16),
(618,'C2',16),
(619,'C3',16),
(620,'C4',16),
(621,'C5',16),
(622,'C6',16),
(623,'C7',16),
(624,'C8',16),
(625,'D1',16),
(626,'D2',16),
(627,'D3',16),
(628,'D4',16),
(629,'D5',16),
(630,'D6',16),
(631,'D7',16),
(632,'D8',16),
(633,'E1',16),
(634,'E2',16),
(635,'E3',16),
(636,'E4',16),
(637,'E5',16),
(638,'E6',16),
(639,'E7',16),
(640,'E8',16),
(641,'A1',17),
(642,'A2',17),
(643,'A3',17),
(644,'A4',17),
(645,'A5',17),
(646,'A6',17),
(647,'A7',17),
(648,'A8',17),
(649,'B1',17),
(650,'B2',17),
(651,'B3',17),
(652,'B4',17),
(653,'B5',17),
(654,'B6',17),
(655,'B7',17),
(656,'B8',17),
(657,'C1',17),
(658,'C2',17),
(659,'C3',17),
(660,'C4',17),
(661,'C5',17),
(662,'C6',17),
(663,'C7',17),
(664,'C8',17),
(665,'D1',17),
(666,'D2',17),
(667,'D3',17),
(668,'D4',17),
(669,'D5',17),
(670,'D6',17),
(671,'D7',17),
(672,'D8',17),
(673,'E1',17),
(674,'E2',17),
(675,'E3',17),
(676,'E4',17),
(677,'E5',17),
(678,'E6',17),
(679,'E7',17),
(680,'E8',17),
(681,'A1',18),
(682,'A2',18),
(683,'A3',18),
(684,'A4',18),
(685,'A5',18),
(686,'A6',18),
(687,'A7',18),
(688,'A8',18),
(689,'B1',18),
(690,'B2',18),
(691,'B3',18),
(692,'B4',18),
(693,'B5',18),
(694,'B6',18),
(695,'B7',18),
(696,'B8',18),
(697,'C1',18),
(698,'C2',18),
(699,'C3',18),
(700,'C4',18),
(701,'C5',18),
(702,'C6',18),
(703,'C7',18),
(704,'C8',18),
(705,'D1',18),
(706,'D2',18),
(707,'D3',18),
(708,'D4',18),
(709,'D5',18),
(710,'D6',18),
(711,'D7',18),
(712,'D8',18),
(713,'E1',18),
(714,'E2',18),
(715,'E3',18),
(716,'E4',18),
(717,'E5',18),
(718,'E6',18),
(719,'E7',18),
(720,'E8',18),
(721,'A1',19),
(722,'A2',19),
(723,'A3',19),
(724,'A4',19),
(725,'A5',19),
(726,'A6',19),
(727,'A7',19),
(728,'A8',19),
(729,'B1',19),
(730,'B2',19),
(731,'B3',19),
(732,'B4',19),
(733,'B5',19),
(734,'B6',19),
(735,'B7',19),
(736,'B8',19),
(737,'C1',19),
(738,'C2',19),
(739,'C3',19),
(740,'C4',19),
(741,'C5',19),
(742,'C6',19),
(743,'C7',19),
(744,'C8',19),
(745,'D1',19),
(746,'D2',19),
(747,'D3',19),
(748,'D4',19),
(749,'D5',19),
(750,'D6',19),
(751,'D7',19),
(752,'D8',19),
(753,'E1',19),
(754,'E2',19),
(755,'E3',19),
(756,'E4',19),
(757,'E5',19),
(758,'E6',19),
(759,'E7',19),
(760,'E8',19),
(761,'A1',20),
(762,'A2',20),
(763,'A3',20),
(764,'A4',20),
(765,'A5',20),
(766,'A6',20),
(767,'A7',20),
(768,'A8',20),
(769,'B1',20),
(770,'B2',20),
(771,'B3',20),
(772,'B4',20),
(773,'B5',20),
(774,'B6',20),
(775,'B7',20),
(776,'B8',20),
(777,'C1',20),
(778,'C2',20),
(779,'C3',20),
(780,'C4',20),
(781,'C5',20),
(782,'C6',20),
(783,'C7',20),
(784,'C8',20),
(785,'D1',20),
(786,'D2',20),
(787,'D3',20),
(788,'D4',20),
(789,'D5',20),
(790,'D6',20),
(791,'D7',20),
(792,'D8',20),
(793,'E1',20),
(794,'E2',20),
(795,'E3',20),
(796,'E4',20),
(797,'E5',20),
(798,'E6',20),
(799,'E7',20),
(800,'E8',20),
(801,'A1',21),
(802,'A2',21),
(803,'A3',21),
(804,'A4',21),
(805,'A5',21),
(806,'A6',21),
(807,'A7',21),
(808,'A8',21),
(809,'B1',21),
(810,'B2',21),
(811,'B3',21),
(812,'B4',21),
(813,'B5',21),
(814,'B6',21),
(815,'B7',21),
(816,'B8',21),
(817,'C1',21),
(818,'C2',21),
(819,'C3',21),
(820,'C4',21),
(821,'C5',21),
(822,'C6',21),
(823,'C7',21),
(824,'C8',21),
(825,'D1',21),
(826,'D2',21),
(827,'D3',21),
(828,'D4',21),
(829,'D5',21),
(830,'D6',21),
(831,'D7',21),
(832,'D8',21),
(833,'E1',21),
(834,'E2',21),
(835,'E3',21),
(836,'E4',21),
(837,'E5',21),
(838,'E6',21),
(839,'E7',21),
(840,'E8',21),
(841,'A1',22),
(842,'A2',22),
(843,'A3',22),
(844,'A4',22),
(845,'A5',22),
(846,'A6',22),
(847,'A7',22),
(848,'A8',22),
(849,'B1',22),
(850,'B2',22),
(851,'B3',22),
(852,'B4',22),
(853,'B5',22),
(854,'B6',22),
(855,'B7',22),
(856,'B8',22),
(857,'C1',22),
(858,'C2',22),
(859,'C3',22),
(860,'C4',22),
(861,'C5',22),
(862,'C6',22),
(863,'C7',22),
(864,'C8',22),
(865,'D1',22),
(866,'D2',22),
(867,'D3',22),
(868,'D4',22),
(869,'D5',22),
(870,'D6',22),
(871,'D7',22),
(872,'D8',22),
(873,'E1',22),
(874,'E2',22),
(875,'E3',22),
(876,'E4',22),
(877,'E5',22),
(878,'E6',22),
(879,'E7',22),
(880,'E8',22),
(881,'A1',23),
(882,'A2',23),
(883,'A3',23),
(884,'A4',23),
(885,'A5',23),
(886,'A6',23),
(887,'A7',23),
(888,'A8',23),
(889,'B1',23),
(890,'B2',23),
(891,'B3',23),
(892,'B4',23),
(893,'B5',23),
(894,'B6',23),
(895,'B7',23),
(896,'B8',23),
(897,'C1',23),
(898,'C2',23),
(899,'C3',23),
(900,'C4',23),
(901,'C5',23),
(902,'C6',23),
(903,'C7',23),
(904,'C8',23),
(905,'D1',23),
(906,'D2',23),
(907,'D3',23),
(908,'D4',23),
(909,'D5',23),
(910,'D6',23),
(911,'D7',23),
(912,'D8',23),
(913,'E1',23),
(914,'E2',23),
(915,'E3',23),
(916,'E4',23),
(917,'E5',23),
(918,'E6',23),
(919,'E7',23),
(920,'E8',23),
(921,'A1',24),
(922,'A2',24),
(923,'A3',24),
(924,'A4',24),
(925,'A5',24),
(926,'A6',24),
(927,'A7',24),
(928,'A8',24),
(929,'B1',24),
(930,'B2',24),
(931,'B3',24),
(932,'B4',24),
(933,'B5',24),
(934,'B6',24),
(935,'B7',24),
(936,'B8',24),
(937,'C1',24),
(938,'C2',24),
(939,'C3',24),
(940,'C4',24),
(941,'C5',24),
(942,'C6',24),
(943,'C7',24),
(944,'C8',24),
(945,'D1',24),
(946,'D2',24),
(947,'D3',24),
(948,'D4',24),
(949,'D5',24),
(950,'D6',24),
(951,'D7',24),
(952,'D8',24),
(953,'E1',24),
(954,'E2',24),
(955,'E3',24),
(956,'E4',24),
(957,'E5',24),
(958,'E6',24),
(959,'E7',24),
(960,'E8',24),
(961,'A1',25),
(962,'A2',25),
(963,'A3',25),
(964,'A4',25),
(965,'A5',25),
(966,'A6',25),
(967,'A7',25),
(968,'A8',25),
(969,'B1',25),
(970,'B2',25),
(971,'B3',25),
(972,'B4',25),
(973,'B5',25),
(974,'B6',25),
(975,'B7',25),
(976,'B8',25),
(977,'C1',25),
(978,'C2',25),
(979,'C3',25),
(980,'C4',25),
(981,'C5',25),
(982,'C6',25),
(983,'C7',25),
(984,'C8',25),
(985,'D1',25),
(986,'D2',25),
(987,'D3',25),
(988,'D4',25),
(989,'D5',25),
(990,'D6',25),
(991,'D7',25),
(992,'D8',25),
(993,'E1',25),
(994,'E2',25),
(995,'E3',25),
(996,'E4',25),
(997,'E5',25),
(998,'E6',25),
(999,'E7',25),
(1000,'E8',25),
(1001,'A1',26),
(1002,'A2',26),
(1003,'A3',26),
(1004,'A4',26),
(1005,'A5',26),
(1006,'A6',26),
(1007,'A7',26),
(1008,'A8',26),
(1009,'B1',26),
(1010,'B2',26),
(1011,'B3',26),
(1012,'B4',26),
(1013,'B5',26),
(1014,'B6',26),
(1015,'B7',26),
(1016,'B8',26),
(1017,'C1',26),
(1018,'C2',26),
(1019,'C3',26),
(1020,'C4',26),
(1021,'C5',26),
(1022,'C6',26),
(1023,'C7',26),
(1024,'C8',26),
(1025,'D1',26),
(1026,'D2',26),
(1027,'D3',26),
(1028,'D4',26),
(1029,'D5',26),
(1030,'D6',26),
(1031,'D7',26),
(1032,'D8',26),
(1033,'E1',26),
(1034,'E2',26),
(1035,'E3',26),
(1036,'E4',26),
(1037,'E5',26),
(1038,'E6',26),
(1039,'E7',26),
(1040,'E8',26),
(1041,'A1',27),
(1042,'A2',27),
(1043,'A3',27),
(1044,'A4',27),
(1045,'A5',27),
(1046,'A6',27),
(1047,'A7',27),
(1048,'A8',27),
(1049,'B1',27),
(1050,'B2',27),
(1051,'B3',27),
(1052,'B4',27),
(1053,'B5',27),
(1054,'B6',27),
(1055,'B7',27),
(1056,'B8',27),
(1057,'C1',27),
(1058,'C2',27),
(1059,'C3',27),
(1060,'C4',27),
(1061,'C5',27),
(1062,'C6',27),
(1063,'C7',27),
(1064,'C8',27),
(1065,'D1',27),
(1066,'D2',27),
(1067,'D3',27),
(1068,'D4',27),
(1069,'D5',27),
(1070,'D6',27),
(1071,'D7',27),
(1072,'D8',27),
(1073,'E1',27),
(1074,'E2',27),
(1075,'E3',27),
(1076,'E4',27),
(1077,'E5',27),
(1078,'E6',27),
(1079,'E7',27),
(1080,'E8',27),
(1081,'A1',28),
(1082,'A2',28),
(1083,'A3',28),
(1084,'A4',28),
(1085,'A5',28),
(1086,'A6',28),
(1087,'A7',28),
(1088,'A8',28),
(1089,'B1',28),
(1090,'B2',28),
(1091,'B3',28),
(1092,'B4',28),
(1093,'B5',28),
(1094,'B6',28),
(1095,'B7',28),
(1096,'B8',28),
(1097,'C1',28),
(1098,'C2',28),
(1099,'C3',28),
(1100,'C4',28),
(1101,'C5',28),
(1102,'C6',28),
(1103,'C7',28),
(1104,'C8',28),
(1105,'D1',28),
(1106,'D2',28),
(1107,'D3',28),
(1108,'D4',28),
(1109,'D5',28),
(1110,'D6',28),
(1111,'D7',28),
(1112,'D8',28),
(1113,'E1',28),
(1114,'E2',28),
(1115,'E3',28),
(1116,'E4',28),
(1117,'E5',28),
(1118,'E6',28),
(1119,'E7',28),
(1120,'E8',28),
(1121,'A1',29),
(1122,'A2',29),
(1123,'A3',29),
(1124,'A4',29),
(1125,'A5',29),
(1126,'A6',29),
(1127,'A7',29),
(1128,'A8',29),
(1129,'B1',29),
(1130,'B2',29),
(1131,'B3',29),
(1132,'B4',29),
(1133,'B5',29),
(1134,'B6',29),
(1135,'B7',29),
(1136,'B8',29),
(1137,'C1',29),
(1138,'C2',29),
(1139,'C3',29),
(1140,'C4',29),
(1141,'C5',29),
(1142,'C6',29),
(1143,'C7',29),
(1144,'C8',29),
(1145,'D1',29),
(1146,'D2',29),
(1147,'D3',29),
(1148,'D4',29),
(1149,'D5',29),
(1150,'D6',29),
(1151,'D7',29),
(1152,'D8',29),
(1153,'E1',29),
(1154,'E2',29),
(1155,'E3',29),
(1156,'E4',29),
(1157,'E5',29),
(1158,'E6',29),
(1159,'E7',29),
(1160,'E8',29),
(1161,'A1',30),
(1162,'A2',30),
(1163,'A3',30),
(1164,'A4',30),
(1165,'A5',30),
(1166,'A6',30),
(1167,'A7',30),
(1168,'A8',30),
(1169,'B1',30),
(1170,'B2',30),
(1171,'B3',30),
(1172,'B4',30),
(1173,'B5',30),
(1174,'B6',30),
(1175,'B7',30),
(1176,'B8',30),
(1177,'C1',30),
(1178,'C2',30),
(1179,'C3',30),
(1180,'C4',30),
(1181,'C5',30),
(1182,'C6',30),
(1183,'C7',30),
(1184,'C8',30),
(1185,'D1',30),
(1186,'D2',30),
(1187,'D3',30),
(1188,'D4',30),
(1189,'D5',30),
(1190,'D6',30),
(1191,'D7',30),
(1192,'D8',30),
(1193,'E1',30),
(1194,'E2',30),
(1195,'E3',30),
(1196,'E4',30),
(1197,'E5',30),
(1198,'E6',30),
(1199,'E7',30),
(1200,'E8',30),
(1201,'A1',31),
(1202,'A2',31),
(1203,'A3',31),
(1204,'A4',31),
(1205,'A5',31),
(1206,'A6',31),
(1207,'A7',31),
(1208,'A8',31),
(1209,'B1',31),
(1210,'B2',31),
(1211,'B3',31),
(1212,'B4',31),
(1213,'B5',31),
(1214,'B6',31),
(1215,'B7',31),
(1216,'B8',31),
(1217,'C1',31),
(1218,'C2',31),
(1219,'C3',31),
(1220,'C4',31),
(1221,'C5',31),
(1222,'C6',31),
(1223,'C7',31),
(1224,'C8',31),
(1225,'D1',31),
(1226,'D2',31),
(1227,'D3',31),
(1228,'D4',31),
(1229,'D5',31),
(1230,'D6',31),
(1231,'D7',31),
(1232,'D8',31),
(1233,'E1',31),
(1234,'E2',31),
(1235,'E3',31),
(1236,'E4',31),
(1237,'E5',31),
(1238,'E6',31),
(1239,'E7',31),
(1240,'E8',31),
(1241,'A1',32),
(1242,'A2',32),
(1243,'A3',32),
(1244,'A4',32),
(1245,'A5',32),
(1246,'A6',32),
(1247,'A7',32),
(1248,'A8',32),
(1249,'B1',32),
(1250,'B2',32),
(1251,'B3',32),
(1252,'B4',32),
(1253,'B5',32),
(1254,'B6',32),
(1255,'B7',32),
(1256,'B8',32),
(1257,'C1',32),
(1258,'C2',32),
(1259,'C3',32),
(1260,'C4',32),
(1261,'C5',32),
(1262,'C6',32),
(1263,'C7',32),
(1264,'C8',32),
(1265,'D1',32),
(1266,'D2',32),
(1267,'D3',32),
(1268,'D4',32),
(1269,'D5',32),
(1270,'D6',32),
(1271,'D7',32),
(1272,'D8',32),
(1273,'E1',32),
(1274,'E2',32),
(1275,'E3',32),
(1276,'E4',32),
(1277,'E5',32),
(1278,'E6',32),
(1279,'E7',32),
(1280,'E8',32),
(1281,'A1',33),
(1282,'A2',33),
(1283,'A3',33),
(1284,'A4',33),
(1285,'A5',33),
(1286,'A6',33),
(1287,'A7',33),
(1288,'A8',33),
(1289,'B1',33),
(1290,'B2',33),
(1291,'B3',33),
(1292,'B4',33),
(1293,'B5',33),
(1294,'B6',33),
(1295,'B7',33),
(1296,'B8',33),
(1297,'C1',33),
(1298,'C2',33),
(1299,'C3',33),
(1300,'C4',33),
(1301,'C5',33),
(1302,'C6',33),
(1303,'C7',33),
(1304,'C8',33),
(1305,'D1',33),
(1306,'D2',33),
(1307,'D3',33),
(1308,'D4',33),
(1309,'D5',33),
(1310,'D6',33),
(1311,'D7',33),
(1312,'D8',33),
(1313,'E1',33),
(1314,'E2',33),
(1315,'E3',33),
(1316,'E4',33),
(1317,'E5',33),
(1318,'E6',33),
(1319,'E7',33),
(1320,'E8',33),
(1321,'A1',34),
(1322,'A2',34),
(1323,'A3',34),
(1324,'A4',34),
(1325,'A5',34),
(1326,'A6',34),
(1327,'A7',34),
(1328,'A8',34),
(1329,'B1',34),
(1330,'B2',34),
(1331,'B3',34),
(1332,'B4',34),
(1333,'B5',34),
(1334,'B6',34),
(1335,'B7',34),
(1336,'B8',34),
(1337,'C1',34),
(1338,'C2',34),
(1339,'C3',34),
(1340,'C4',34),
(1341,'C5',34),
(1342,'C6',34),
(1343,'C7',34),
(1344,'C8',34),
(1345,'D1',34),
(1346,'D2',34),
(1347,'D3',34),
(1348,'D4',34),
(1349,'D5',34),
(1350,'D6',34),
(1351,'D7',34),
(1352,'D8',34),
(1353,'E1',34),
(1354,'E2',34),
(1355,'E3',34),
(1356,'E4',34),
(1357,'E5',34),
(1358,'E6',34),
(1359,'E7',34),
(1360,'E8',34),
(1361,'A1',35),
(1362,'A2',35),
(1363,'A3',35),
(1364,'A4',35),
(1365,'A5',35),
(1366,'A6',35),
(1367,'A7',35),
(1368,'A8',35),
(1369,'B1',35),
(1370,'B2',35),
(1371,'B3',35),
(1372,'B4',35),
(1373,'B5',35),
(1374,'B6',35),
(1375,'B7',35),
(1376,'B8',35),
(1377,'C1',35),
(1378,'C2',35),
(1379,'C3',35),
(1380,'C4',35),
(1381,'C5',35),
(1382,'C6',35),
(1383,'C7',35),
(1384,'C8',35),
(1385,'D1',35),
(1386,'D2',35),
(1387,'D3',35),
(1388,'D4',35),
(1389,'D5',35),
(1390,'D6',35),
(1391,'D7',35),
(1392,'D8',35),
(1393,'E1',35),
(1394,'E2',35),
(1395,'E3',35),
(1396,'E4',35),
(1397,'E5',35),
(1398,'E6',35),
(1399,'E7',35),
(1400,'E8',35),
(1401,'A1',36),
(1402,'A2',36),
(1403,'A3',36),
(1404,'A4',36),
(1405,'A5',36),
(1406,'A6',36),
(1407,'A7',36),
(1408,'A8',36),
(1409,'B1',36),
(1410,'B2',36),
(1411,'B3',36),
(1412,'B4',36),
(1413,'B5',36),
(1414,'B6',36),
(1415,'B7',36),
(1416,'B8',36),
(1417,'C1',36),
(1418,'C2',36),
(1419,'C3',36),
(1420,'C4',36),
(1421,'C5',36),
(1422,'C6',36),
(1423,'C7',36),
(1424,'C8',36),
(1425,'D1',36),
(1426,'D2',36),
(1427,'D3',36),
(1428,'D4',36),
(1429,'D5',36),
(1430,'D6',36),
(1431,'D7',36),
(1432,'D8',36),
(1433,'E1',36),
(1434,'E2',36),
(1435,'E3',36),
(1436,'E4',36),
(1437,'E5',36),
(1438,'E6',36),
(1439,'E7',36),
(1440,'E8',36),
(1441,'A1',37),
(1442,'A2',37),
(1443,'A3',37),
(1444,'A4',37),
(1445,'A5',37),
(1446,'A6',37),
(1447,'A7',37),
(1448,'A8',37),
(1449,'B1',37),
(1450,'B2',37),
(1451,'B3',37),
(1452,'B4',37),
(1453,'B5',37),
(1454,'B6',37),
(1455,'B7',37),
(1456,'B8',37),
(1457,'C1',37),
(1458,'C2',37),
(1459,'C3',37),
(1460,'C4',37),
(1461,'C5',37),
(1462,'C6',37),
(1463,'C7',37),
(1464,'C8',37),
(1465,'D1',37),
(1466,'D2',37),
(1467,'D3',37),
(1468,'D4',37),
(1469,'D5',37),
(1470,'D6',37),
(1471,'D7',37),
(1472,'D8',37),
(1473,'E1',37),
(1474,'E2',37),
(1475,'E3',37),
(1476,'E4',37),
(1477,'E5',37),
(1478,'E6',37),
(1479,'E7',37),
(1480,'E8',37),
(1481,'A1',38),
(1482,'A2',38),
(1483,'A3',38),
(1484,'A4',38),
(1485,'A5',38),
(1486,'A6',38),
(1487,'A7',38),
(1488,'A8',38),
(1489,'B1',38),
(1490,'B2',38),
(1491,'B3',38),
(1492,'B4',38),
(1493,'B5',38),
(1494,'B6',38),
(1495,'B7',38),
(1496,'B8',38),
(1497,'C1',38),
(1498,'C2',38),
(1499,'C3',38),
(1500,'C4',38),
(1501,'C5',38),
(1502,'C6',38),
(1503,'C7',38),
(1504,'C8',38),
(1505,'D1',38),
(1506,'D2',38),
(1507,'D3',38),
(1508,'D4',38),
(1509,'D5',38),
(1510,'D6',38),
(1511,'D7',38),
(1512,'D8',38),
(1513,'E1',38),
(1514,'E2',38),
(1515,'E3',38),
(1516,'E4',38),
(1517,'E5',38),
(1518,'E6',38),
(1519,'E7',38),
(1520,'E8',38),
(1521,'A1',39),
(1522,'A2',39),
(1523,'A3',39),
(1524,'A4',39),
(1525,'A5',39),
(1526,'A6',39),
(1527,'A7',39),
(1528,'A8',39),
(1529,'B1',39),
(1530,'B2',39),
(1531,'B3',39),
(1532,'B4',39),
(1533,'B5',39),
(1534,'B6',39),
(1535,'B7',39),
(1536,'B8',39),
(1537,'C1',39),
(1538,'C2',39),
(1539,'C3',39),
(1540,'C4',39),
(1541,'C5',39),
(1542,'C6',39),
(1543,'C7',39),
(1544,'C8',39),
(1545,'D1',39),
(1546,'D2',39),
(1547,'D3',39),
(1548,'D4',39),
(1549,'D5',39),
(1550,'D6',39),
(1551,'D7',39),
(1552,'D8',39),
(1553,'E1',39),
(1554,'E2',39),
(1555,'E3',39),
(1556,'E4',39),
(1557,'E5',39),
(1558,'E6',39),
(1559,'E7',39),
(1560,'E8',39),
(1561,'A1',40),
(1562,'A2',40),
(1563,'A3',40),
(1564,'A4',40),
(1565,'A5',40),
(1566,'A6',40),
(1567,'A7',40),
(1568,'A8',40),
(1569,'B1',40),
(1570,'B2',40),
(1571,'B3',40),
(1572,'B4',40),
(1573,'B5',40),
(1574,'B6',40),
(1575,'B7',40),
(1576,'B8',40),
(1577,'C1',40),
(1578,'C2',40),
(1579,'C3',40),
(1580,'C4',40),
(1581,'C5',40),
(1582,'C6',40),
(1583,'C7',40),
(1584,'C8',40),
(1585,'D1',40),
(1586,'D2',40),
(1587,'D3',40),
(1588,'D4',40),
(1589,'D5',40),
(1590,'D6',40),
(1591,'D7',40),
(1592,'D8',40),
(1593,'E1',40),
(1594,'E2',40),
(1595,'E3',40),
(1596,'E4',40),
(1597,'E5',40),
(1598,'E6',40),
(1599,'E7',40),
(1600,'E8',40),
(1601,'A1',41),
(1602,'A2',41),
(1603,'A3',41),
(1604,'A4',41),
(1605,'A5',41),
(1606,'A6',41),
(1607,'A7',41),
(1608,'A8',41),
(1609,'B1',41),
(1610,'B2',41),
(1611,'B3',41),
(1612,'B4',41),
(1613,'B5',41),
(1614,'B6',41),
(1615,'B7',41),
(1616,'B8',41),
(1617,'C1',41),
(1618,'C2',41),
(1619,'C3',41),
(1620,'C4',41),
(1621,'C5',41),
(1622,'C6',41),
(1623,'C7',41),
(1624,'C8',41),
(1625,'D1',41),
(1626,'D2',41),
(1627,'D3',41),
(1628,'D4',41),
(1629,'D5',41),
(1630,'D6',41),
(1631,'D7',41),
(1632,'D8',41),
(1633,'E1',41),
(1634,'E2',41),
(1635,'E3',41),
(1636,'E4',41),
(1637,'E5',41),
(1638,'E6',41),
(1639,'E7',41),
(1640,'E8',41),
(1641,'A1',42),
(1642,'A2',42),
(1643,'A3',42),
(1644,'A4',42),
(1645,'A5',42),
(1646,'A6',42),
(1647,'A7',42),
(1648,'A8',42),
(1649,'B1',42),
(1650,'B2',42),
(1651,'B3',42),
(1652,'B4',42),
(1653,'B5',42),
(1654,'B6',42),
(1655,'B7',42),
(1656,'B8',42),
(1657,'C1',42),
(1658,'C2',42),
(1659,'C3',42),
(1660,'C4',42),
(1661,'C5',42),
(1662,'C6',42),
(1663,'C7',42),
(1664,'C8',42),
(1665,'D1',42),
(1666,'D2',42),
(1667,'D3',42),
(1668,'D4',42),
(1669,'D5',42),
(1670,'D6',42),
(1671,'D7',42),
(1672,'D8',42),
(1673,'E1',42),
(1674,'E2',42),
(1675,'E3',42),
(1676,'E4',42),
(1677,'E5',42),
(1678,'E6',42),
(1679,'E7',42),
(1680,'E8',42),
(1681,'A1',43),
(1682,'A2',43),
(1683,'A3',43),
(1684,'A4',43),
(1685,'A5',43),
(1686,'A6',43),
(1687,'A7',43),
(1688,'A8',43),
(1689,'B1',43),
(1690,'B2',43),
(1691,'B3',43),
(1692,'B4',43),
(1693,'B5',43),
(1694,'B6',43),
(1695,'B7',43),
(1696,'B8',43),
(1697,'C1',43),
(1698,'C2',43),
(1699,'C3',43),
(1700,'C4',43),
(1701,'C5',43),
(1702,'C6',43),
(1703,'C7',43),
(1704,'C8',43),
(1705,'D1',43),
(1706,'D2',43),
(1707,'D3',43),
(1708,'D4',43),
(1709,'D5',43),
(1710,'D6',43),
(1711,'D7',43),
(1712,'D8',43),
(1713,'E1',43),
(1714,'E2',43),
(1715,'E3',43),
(1716,'E4',43),
(1717,'E5',43),
(1718,'E6',43),
(1719,'E7',43),
(1720,'E8',43),
(1721,'A1',44),
(1722,'A2',44),
(1723,'A3',44),
(1724,'A4',44),
(1725,'A5',44),
(1726,'A6',44),
(1727,'A7',44),
(1728,'A8',44),
(1729,'B1',44),
(1730,'B2',44),
(1731,'B3',44),
(1732,'B4',44),
(1733,'B5',44),
(1734,'B6',44),
(1735,'B7',44),
(1736,'B8',44),
(1737,'C1',44),
(1738,'C2',44),
(1739,'C3',44),
(1740,'C4',44),
(1741,'C5',44),
(1742,'C6',44),
(1743,'C7',44),
(1744,'C8',44),
(1745,'D1',44),
(1746,'D2',44),
(1747,'D3',44),
(1748,'D4',44),
(1749,'D5',44),
(1750,'D6',44),
(1751,'D7',44),
(1752,'D8',44),
(1753,'E1',44),
(1754,'E2',44),
(1755,'E3',44),
(1756,'E4',44),
(1757,'E5',44),
(1758,'E6',44),
(1759,'E7',44),
(1760,'E8',44),
(1761,'A1',45),
(1762,'A2',45),
(1763,'A3',45),
(1764,'A4',45),
(1765,'A5',45),
(1766,'A6',45),
(1767,'A7',45),
(1768,'A8',45),
(1769,'B1',45),
(1770,'B2',45),
(1771,'B3',45),
(1772,'B4',45),
(1773,'B5',45),
(1774,'B6',45),
(1775,'B7',45),
(1776,'B8',45),
(1777,'C1',45),
(1778,'C2',45),
(1779,'C3',45),
(1780,'C4',45),
(1781,'C5',45),
(1782,'C6',45),
(1783,'C7',45),
(1784,'C8',45),
(1785,'D1',45),
(1786,'D2',45),
(1787,'D3',45),
(1788,'D4',45),
(1789,'D5',45),
(1790,'D6',45),
(1791,'D7',45),
(1792,'D8',45),
(1793,'E1',45),
(1794,'E2',45),
(1795,'E3',45),
(1796,'E4',45),
(1797,'E5',45),
(1798,'E6',45),
(1799,'E7',45),
(1800,'E8',45),
(1801,'A1',46),
(1802,'A2',46),
(1803,'A3',46),
(1804,'A4',46),
(1805,'A5',46),
(1806,'A6',46),
(1807,'A7',46),
(1808,'A8',46),
(1809,'B1',46),
(1810,'B2',46),
(1811,'B3',46),
(1812,'B4',46),
(1813,'B5',46),
(1814,'B6',46),
(1815,'B7',46),
(1816,'B8',46),
(1817,'C1',46),
(1818,'C2',46),
(1819,'C3',46),
(1820,'C4',46),
(1821,'C5',46),
(1822,'C6',46),
(1823,'C7',46),
(1824,'C8',46),
(1825,'D1',46),
(1826,'D2',46),
(1827,'D3',46),
(1828,'D4',46),
(1829,'D5',46),
(1830,'D6',46),
(1831,'D7',46),
(1832,'D8',46),
(1833,'E1',46),
(1834,'E2',46),
(1835,'E3',46),
(1836,'E4',46),
(1837,'E5',46),
(1838,'E6',46),
(1839,'E7',46),
(1840,'E8',46),
(1841,'A1',47),
(1842,'A2',47),
(1843,'A3',47),
(1844,'A4',47),
(1845,'A5',47),
(1846,'A6',47),
(1847,'A7',47),
(1848,'A8',47),
(1849,'B1',47),
(1850,'B2',47),
(1851,'B3',47),
(1852,'B4',47),
(1853,'B5',47),
(1854,'B6',47),
(1855,'B7',47),
(1856,'B8',47),
(1857,'C1',47),
(1858,'C2',47),
(1859,'C3',47),
(1860,'C4',47),
(1861,'C5',47),
(1862,'C6',47),
(1863,'C7',47),
(1864,'C8',47),
(1865,'D1',47),
(1866,'D2',47),
(1867,'D3',47),
(1868,'D4',47),
(1869,'D5',47),
(1870,'D6',47),
(1871,'D7',47),
(1872,'D8',47),
(1873,'E1',47),
(1874,'E2',47),
(1875,'E3',47),
(1876,'E4',47),
(1877,'E5',47),
(1878,'E6',47),
(1879,'E7',47),
(1880,'E8',47),
(1881,'A1',48),
(1882,'A2',48),
(1883,'A3',48),
(1884,'A4',48),
(1885,'A5',48),
(1886,'A6',48),
(1887,'A7',48),
(1888,'A8',48),
(1889,'B1',48),
(1890,'B2',48),
(1891,'B3',48),
(1892,'B4',48),
(1893,'B5',48),
(1894,'B6',48),
(1895,'B7',48),
(1896,'B8',48),
(1897,'C1',48),
(1898,'C2',48),
(1899,'C3',48),
(1900,'C4',48),
(1901,'C5',48),
(1902,'C6',48),
(1903,'C7',48),
(1904,'C8',48),
(1905,'D1',48),
(1906,'D2',48),
(1907,'D3',48),
(1908,'D4',48),
(1909,'D5',48),
(1910,'D6',48),
(1911,'D7',48),
(1912,'D8',48),
(1913,'E1',48),
(1914,'E2',48),
(1915,'E3',48),
(1916,'E4',48),
(1917,'E5',48),
(1918,'E6',48),
(1919,'E7',48),
(1920,'E8',48),
(1921,'A1',49),
(1922,'A2',49),
(1923,'A3',49),
(1924,'A4',49),
(1925,'A5',49),
(1926,'A6',49),
(1927,'A7',49),
(1928,'A8',49),
(1929,'B1',49),
(1930,'B2',49),
(1931,'B3',49),
(1932,'B4',49),
(1933,'B5',49),
(1934,'B6',49),
(1935,'B7',49),
(1936,'B8',49),
(1937,'C1',49),
(1938,'C2',49),
(1939,'C3',49),
(1940,'C4',49),
(1941,'C5',49),
(1942,'C6',49),
(1943,'C7',49),
(1944,'C8',49),
(1945,'D1',49),
(1946,'D2',49),
(1947,'D3',49),
(1948,'D4',49),
(1949,'D5',49),
(1950,'D6',49),
(1951,'D7',49),
(1952,'D8',49),
(1953,'E1',49),
(1954,'E2',49),
(1955,'E3',49),
(1956,'E4',49),
(1957,'E5',49),
(1958,'E6',49),
(1959,'E7',49),
(1960,'E8',49),
(1961,'A1',50),
(1962,'A2',50),
(1963,'A3',50),
(1964,'A4',50),
(1965,'A5',50),
(1966,'A6',50),
(1967,'A7',50),
(1968,'A8',50),
(1969,'B1',50),
(1970,'B2',50),
(1971,'B3',50),
(1972,'B4',50),
(1973,'B5',50),
(1974,'B6',50),
(1975,'B7',50),
(1976,'B8',50),
(1977,'C1',50),
(1978,'C2',50),
(1979,'C3',50),
(1980,'C4',50),
(1981,'C5',50),
(1982,'C6',50),
(1983,'C7',50),
(1984,'C8',50),
(1985,'D1',50),
(1986,'D2',50),
(1987,'D3',50),
(1988,'D4',50),
(1989,'D5',50),
(1990,'D6',50),
(1991,'D7',50),
(1992,'D8',50),
(1993,'E1',50),
(1994,'E2',50),
(1995,'E3',50),
(1996,'E4',50),
(1997,'E5',50),
(1998,'E6',50),
(1999,'E7',50),
(2000,'E8',50),
(2001,'A1',51),
(2002,'A2',51),
(2003,'A3',51),
(2004,'A4',51),
(2005,'A5',51),
(2006,'A6',51),
(2007,'A7',51),
(2008,'A8',51),
(2009,'B1',51),
(2010,'B2',51),
(2011,'B3',51),
(2012,'B4',51),
(2013,'B5',51),
(2014,'B6',51),
(2015,'B7',51),
(2016,'B8',51),
(2017,'C1',51),
(2018,'C2',51),
(2019,'C3',51),
(2020,'C4',51),
(2021,'C5',51),
(2022,'C6',51),
(2023,'C7',51),
(2024,'C8',51),
(2025,'D1',51),
(2026,'D2',51),
(2027,'D3',51),
(2028,'D4',51),
(2029,'D5',51),
(2030,'D6',51),
(2031,'D7',51),
(2032,'D8',51),
(2033,'E1',51),
(2034,'E2',51),
(2035,'E3',51),
(2036,'E4',51),
(2037,'E5',51),
(2038,'E6',51),
(2039,'E7',51),
(2040,'E8',51),
(2041,'A1',52),
(2042,'A2',52),
(2043,'A3',52),
(2044,'A4',52),
(2045,'A5',52),
(2046,'A6',52),
(2047,'A7',52),
(2048,'A8',52),
(2049,'B1',52),
(2050,'B2',52),
(2051,'B3',52),
(2052,'B4',52),
(2053,'B5',52),
(2054,'B6',52),
(2055,'B7',52),
(2056,'B8',52),
(2057,'C1',52),
(2058,'C2',52),
(2059,'C3',52),
(2060,'C4',52),
(2061,'C5',52),
(2062,'C6',52),
(2063,'C7',52),
(2064,'C8',52),
(2065,'D1',52),
(2066,'D2',52),
(2067,'D3',52),
(2068,'D4',52),
(2069,'D5',52),
(2070,'D6',52),
(2071,'D7',52),
(2072,'D8',52),
(2073,'E1',52),
(2074,'E2',52),
(2075,'E3',52),
(2076,'E4',52),
(2077,'E5',52),
(2078,'E6',52),
(2079,'E7',52),
(2080,'E8',52),
(2081,'A1',53),
(2082,'A2',53),
(2083,'A3',53),
(2084,'A4',53),
(2085,'A5',53),
(2086,'A6',53),
(2087,'A7',53),
(2088,'A8',53),
(2089,'B1',53),
(2090,'B2',53),
(2091,'B3',53),
(2092,'B4',53),
(2093,'B5',53),
(2094,'B6',53),
(2095,'B7',53),
(2096,'B8',53),
(2097,'C1',53),
(2098,'C2',53),
(2099,'C3',53),
(2100,'C4',53),
(2101,'C5',53),
(2102,'C6',53),
(2103,'C7',53),
(2104,'C8',53),
(2105,'D1',53),
(2106,'D2',53),
(2107,'D3',53),
(2108,'D4',53),
(2109,'D5',53),
(2110,'D6',53),
(2111,'D7',53),
(2112,'D8',53),
(2113,'E1',53),
(2114,'E2',53),
(2115,'E3',53),
(2116,'E4',53),
(2117,'E5',53),
(2118,'E6',53),
(2119,'E7',53),
(2120,'E8',53),
(2121,'A1',54),
(2122,'A2',54),
(2123,'A3',54),
(2124,'A4',54),
(2125,'A5',54),
(2126,'A6',54),
(2127,'A7',54),
(2128,'A8',54),
(2129,'B1',54),
(2130,'B2',54),
(2131,'B3',54),
(2132,'B4',54),
(2133,'B5',54),
(2134,'B6',54),
(2135,'B7',54),
(2136,'B8',54),
(2137,'C1',54),
(2138,'C2',54),
(2139,'C3',54),
(2140,'C4',54),
(2141,'C5',54),
(2142,'C6',54),
(2143,'C7',54),
(2144,'C8',54),
(2145,'D1',54),
(2146,'D2',54),
(2147,'D3',54),
(2148,'D4',54),
(2149,'D5',54),
(2150,'D6',54),
(2151,'D7',54),
(2152,'D8',54),
(2153,'E1',54),
(2154,'E2',54),
(2155,'E3',54),
(2156,'E4',54),
(2157,'E5',54),
(2158,'E6',54),
(2159,'E7',54),
(2160,'E8',54),
(2161,'A1',55),
(2162,'A2',55),
(2163,'A3',55),
(2164,'A4',55),
(2165,'A5',55),
(2166,'A6',55),
(2167,'A7',55),
(2168,'A8',55),
(2169,'B1',55),
(2170,'B2',55),
(2171,'B3',55),
(2172,'B4',55),
(2173,'B5',55),
(2174,'B6',55),
(2175,'B7',55),
(2176,'B8',55),
(2177,'C1',55),
(2178,'C2',55),
(2179,'C3',55),
(2180,'C4',55),
(2181,'C5',55),
(2182,'C6',55),
(2183,'C7',55),
(2184,'C8',55),
(2185,'D1',55),
(2186,'D2',55),
(2187,'D3',55),
(2188,'D4',55),
(2189,'D5',55),
(2190,'D6',55),
(2191,'D7',55),
(2192,'D8',55),
(2193,'E1',55),
(2194,'E2',55),
(2195,'E3',55),
(2196,'E4',55),
(2197,'E5',55),
(2198,'E6',55),
(2199,'E7',55),
(2200,'E8',55),
(2201,'A1',56),
(2202,'A2',56),
(2203,'A3',56),
(2204,'A4',56),
(2205,'A5',56),
(2206,'A6',56),
(2207,'A7',56),
(2208,'A8',56),
(2209,'B1',56),
(2210,'B2',56),
(2211,'B3',56),
(2212,'B4',56),
(2213,'B5',56),
(2214,'B6',56),
(2215,'B7',56),
(2216,'B8',56),
(2217,'C1',56),
(2218,'C2',56),
(2219,'C3',56),
(2220,'C4',56),
(2221,'C5',56),
(2222,'C6',56),
(2223,'C7',56),
(2224,'C8',56),
(2225,'D1',56),
(2226,'D2',56),
(2227,'D3',56),
(2228,'D4',56),
(2229,'D5',56),
(2230,'D6',56),
(2231,'D7',56),
(2232,'D8',56),
(2233,'E1',56),
(2234,'E2',56),
(2235,'E3',56),
(2236,'E4',56),
(2237,'E5',56),
(2238,'E6',56),
(2239,'E7',56),
(2240,'E8',56),
(2241,'A1',57),
(2242,'A2',57),
(2243,'A3',57),
(2244,'A4',57),
(2245,'A5',57),
(2246,'A6',57),
(2247,'A7',57),
(2248,'A8',57),
(2249,'B1',57),
(2250,'B2',57),
(2251,'B3',57),
(2252,'B4',57),
(2253,'B5',57),
(2254,'B6',57),
(2255,'B7',57),
(2256,'B8',57),
(2257,'C1',57),
(2258,'C2',57),
(2259,'C3',57),
(2260,'C4',57),
(2261,'C5',57),
(2262,'C6',57),
(2263,'C7',57),
(2264,'C8',57),
(2265,'D1',57),
(2266,'D2',57),
(2267,'D3',57),
(2268,'D4',57),
(2269,'D5',57),
(2270,'D6',57),
(2271,'D7',57),
(2272,'D8',57),
(2273,'E1',57),
(2274,'E2',57),
(2275,'E3',57),
(2276,'E4',57),
(2277,'E5',57),
(2278,'E6',57),
(2279,'E7',57),
(2280,'E8',57),
(2281,'A1',58),
(2282,'A2',58),
(2283,'A3',58),
(2284,'A4',58),
(2285,'A5',58),
(2286,'A6',58),
(2287,'A7',58),
(2288,'A8',58),
(2289,'B1',58),
(2290,'B2',58),
(2291,'B3',58),
(2292,'B4',58),
(2293,'B5',58),
(2294,'B6',58),
(2295,'B7',58),
(2296,'B8',58),
(2297,'C1',58),
(2298,'C2',58),
(2299,'C3',58),
(2300,'C4',58),
(2301,'C5',58),
(2302,'C6',58),
(2303,'C7',58),
(2304,'C8',58),
(2305,'D1',58),
(2306,'D2',58),
(2307,'D3',58),
(2308,'D4',58),
(2309,'D5',58),
(2310,'D6',58),
(2311,'D7',58),
(2312,'D8',58),
(2313,'E1',58),
(2314,'E2',58),
(2315,'E3',58),
(2316,'E4',58),
(2317,'E5',58),
(2318,'E6',58),
(2319,'E7',58),
(2320,'E8',58),
(2321,'A1',59),
(2322,'A2',59),
(2323,'A3',59),
(2324,'A4',59),
(2325,'A5',59),
(2326,'A6',59),
(2327,'A7',59),
(2328,'A8',59),
(2329,'B1',59),
(2330,'B2',59),
(2331,'B3',59),
(2332,'B4',59),
(2333,'B5',59),
(2334,'B6',59),
(2335,'B7',59),
(2336,'B8',59),
(2337,'C1',59),
(2338,'C2',59),
(2339,'C3',59),
(2340,'C4',59),
(2341,'C5',59),
(2342,'C6',59),
(2343,'C7',59),
(2344,'C8',59),
(2345,'D1',59),
(2346,'D2',59),
(2347,'D3',59),
(2348,'D4',59),
(2349,'D5',59),
(2350,'D6',59),
(2351,'D7',59),
(2352,'D8',59),
(2353,'E1',59),
(2354,'E2',59),
(2355,'E3',59),
(2356,'E4',59),
(2357,'E5',59),
(2358,'E6',59),
(2359,'E7',59),
(2360,'E8',59);
/*!40000 ALTER TABLE `seat` ENABLE KEYS */;
UNLOCK TABLES;

--
-- Table structure for table `social_types`
--

DROP TABLE IF EXISTS `social_types`;
/*!40101 SET @saved_cs_client     = @@character_set_client */;
/*!40101 SET character_set_client = utf8 */;
CREATE TABLE `social_types` (
  `code` varchar(10) NOT NULL,
  `text` varchar(50) NOT NULL,
  PRIMARY KEY (`code`)
) ENGINE=InnoDB DEFAULT CHARSET=utf8mb4 COLLATE=utf8mb4_general_ci;
/*!40101 SET character_set_client = @saved_cs_client */;

--
-- Dumping data for table `social_types`
--

LOCK TABLES `social_types` WRITE;
/*!40000 ALTER TABLE `social_types` DISABLE KEYS */;
INSERT INTO `social_types` VALUES
('KAKAO','카카오'),
('NAVER','네이버');
/*!40000 ALTER TABLE `social_types` ENABLE KEYS */;
UNLOCK TABLES;

--
-- Table structure for table `theater`
--

DROP TABLE IF EXISTS `theater`;
/*!40101 SET @saved_cs_client     = @@character_set_client */;
/*!40101 SET character_set_client = utf8 */;
CREATE TABLE `theater` (
  `th_num` int(10) unsigned NOT NULL AUTO_INCREMENT,
  `th_name` varchar(30) NOT NULL,
  `th_addr` varchar(70) NOT NULL,
  `th_img` varchar(255) NOT NULL,
  `th_parking` varchar(2000) NOT NULL,
  `reg_num` int(10) unsigned NOT NULL,
  PRIMARY KEY (`th_num`),
  KEY `reg_num` (`reg_num`),
  CONSTRAINT `theater_ibfk_1` FOREIGN KEY (`reg_num`) REFERENCES `region` (`reg_num`) ON DELETE CASCADE ON UPDATE CASCADE
) ENGINE=InnoDB AUTO_INCREMENT=10 DEFAULT CHARSET=utf8mb4 COLLATE=utf8mb4_general_ci;
/*!40101 SET character_set_client = @saved_cs_client */;

--
-- Dumping data for table `theater`
--

LOCK TABLES `theater` WRITE;
/*!40000 ALTER TABLE `theater` DISABLE KEYS */;
INSERT INTO `theater` VALUES
(1,'CGV대구','대구광역시 북구 칠성동2가 20-1 스펙트럼시티 4층\n대구광역시 북구 침산로 93 스펙트럼시티 4층','https://img.cgv.co.kr/Theater/Theater/2022/1223/16717573376930.png','<div class=\"info-contents\">\n            \n            <p>1) 지하철&nbsp;: 3호선-북구청역 1번 출구에서 약 750M</p>\n\n<p>2) 버스</p>\n\n<p>-이마트칠성점앞 : 300, 349, 836, 동구2, 칠곡2</p>\n\n<p>-오페라삼정그린코아APT : 300, 349, 836, 동구2, 북구4, 칠곡2</p>\n\n<p>-대구은행제2본점앞 : 300, 323-1, 523, 708, 730, 동구2, 북구4,칠곡2</p>\n        </div>&&\n<div class=\"info-contents\">\n            \n            \n            <p>\'■ 주차 안내<br>\n&nbsp;- 스펙트럼시티 지하 4층, 5층 이용 시, 무료주차 가능<br>\n&nbsp; (지상주차장 및 지하2층,3층은 이마트 전용주차장으로 주차요금 발생함)<br>\n&nbsp;- 지하주차장 이용 시, 2.2M 이상의 차량은 입차제한 있음<br>\n<br>\n■ 주차 확인(인증 방법)<br>\n- 주차정산 키오스크에서 관람티켓 바코드 인증하여 주차할인 등록(키오스크 위치: 4층 CGV로비, 지하 4층/지하5층 엘리베이터 앞)<br>\n<br>\n■ 주차 요금<br>\n- 영화 관람 시 입차 시간 기준 3시간 30분 무료(이후 최초 30분 1,000원, 추가 10분당 500원)<br>\n- 영화 관람편 수 무관 무료 주차시간 적용 동일<br>\n- 사전정산 미진행 후 출차 시에는 환불 불가<br>\n&nbsp;</p>\n\n            <!-- 사진 정보 -->\n            <p></p>\n        </div>',6),
(2,'CGV대구수성','대구광역시 수성구 범물동 1273번지 동아백화점 8층\n대구광역시 수성구 지범로 191, 8층(범물동)','https://img.cgv.co.kr/Theater/Theater/2016/1109/main.jpg','<div class=\"info-contents\">\n            \n            <p>지하철<br>\n- 3호선 \'범물역\' 하차 1,4번 출구 이용<br>\n버스<br>\n- 동아백화점 수성점 정류장에서 하차<br>\n&nbsp;&nbsp;: 급행3, 순환3, 순환3-1, 400, 400-1, 401, 402, 414, 414-1, 564, 604, 수성1, 814, 수성1-1<br>\n- 동아백화점 수성점 앞<br>\n&nbsp;&nbsp;: 급행3, 순환3, 순환3-1, 403, 414, 414-1, 564, 604, 814, 수성1, 수성1-1</p>\n        </div>\n&&\n<div class=\"info-contents\">\n            \n            \n            ■ 주차 안내<br>\n&nbsp;- 백화점 내 지하 3층~5층<br>\n<br>\n■ 주차 확인(인증 방법)&nbsp;<br>\n&nbsp;- 8층 주차인증 PC에서 셀프 등록 시 출차 가능<br>\n<br>\n■ 주차 요금<br>\n&nbsp;- 3시간 초과 시 10분 당 1,000원 추가 요금 발생<br>\n&nbsp;- 영화 관람 고객 3시간 무료 주차 등록 가능<br>\n&nbsp;- 주차 미등록 시 발생되는 주차요금은 추후 할인 불가<br>\n&nbsp;- 백화점 주차 정책에 따라 타 임대매장 이용 내역과 합산 불가할 수 있음\n\n            <!-- 사진 정보 -->\n            <p></p>\n        </div>',6),
(3,'CGV대구스타디움','대구시 수성구 대흥동 504번지 일대\n대구광역시 수성구 유니버시아드로 140 (대흥동)','https://img.cgv.co.kr/Theater/Theater/2014/1211/cgvdaegustadium.jpg','<div class=\"info-contents\">\n            <p>지하철<br>\n<br>\n2호선 I 대공원역 5번 출구 (도보 25분)<br>\n3호선 I 용지역 2번 출구 하차 후, 403번 (환승 후, 약 10분)<br>\n<br>\n버스<br>\n<br>\n939, 609, 403<br>\n<br>\n환승<br>\n<br>\n지하철 2호선 대공원역 5번 출구 : 609, 939<br>\n지하철 2호선 사월역 4번 출구 : 609<br>\n지하철 3호선 용지역 2번 출구 : 403<br>\n&nbsp;</p>\n        </div>\n&&\n<div class=\"info-contents\">\n            <p>■ 주차 안내<br>\n- 경기장 네거리에서 대구스타디움 방향 200M (서편 주차장 이용)<br>\n<br>\n■ 주차 확인(인증 방법)<br>\n-주차장 무인운영으로 상영관 입구에 위치한 주차인증 PC 이용하여 셀프인증 必<br>\n<br>\n■ 주차요금<br>\n- 평일/주말: 영화관람고객 4시간 무료<br>\n(영화 2편 이상 관람시에도 최대 4시간 무료)<br>\n- 평일: 4시간 무료주차 초과 시 1,500원<br>\n- 주말: 4시간 무료주차 초과 시 30분당 1,500원 / 1일 최대 15,000원</p>\n            <!-- 사진 정보 -->\n            <p></p><ul>\n	<li>&nbsp;&nbsp;&nbsp;&nbsp;&nbsp;&nbsp; CGV대구스타디움으로 오시는 길</li>\n	<br>\n	<li>&nbsp;&nbsp;&nbsp;&nbsp;&nbsp;&nbsp;&nbsp;&nbsp;&nbsp;&nbsp;<img alt=\"\" height=\"880\" src=\"http://contents.cgv.co.kr/upload/Theater/Contents/parkinglot_daegustardium_1.jpg\" width=\"565\"></li>\n</ul><p></p>\n        </div>',6),
(4,'CGV대구아카데미','대구광역시 중구 남일동 65-1\n대구광역시 중구 중앙대로 412 (남일동)','https://img.cgv.co.kr/Theater/Theater/2017/1211/15129517362300.jpg','<div class=\"info-contents\">\n            \n            지하철<br>\n<br>\n1호선 | 중앙로 2번 출구 바로 왼편 건물<br>\n<br>\n버스<br>\n<br>\n간선버스: 106, 156, 202, 303-1, 323-1, 349, 401, 410-1,503, 518, 521,600, 650, 704, 706, 730, 909<br>\n지선버스: 동구1-1, 북구2<br>\n급행버스: 급행2\n        </div>\n&&\n<div class=\"info-contents\">\n            \n            \n            - CGV대구아카데미는 대중교통 전용지구에 위치하여, 주차가 불가하오니 대중교통 이용을 부탁드립니다.\n\n            <!-- 사진 정보 -->\n            <p></p>\n        </div>',6),
(5,'CGV대구연경','대구광역시 북구 연경동 1078-2번지\n대구광역시 북구 동화천로290','https://img.cgv.co.kr/Theater/Theater/2021/1007/16335684837750.jpg','<div class=\"info-contents\">\n            \n            <p>◆버스 이용 시<br>\n\'연경천년나무 1단지 앞\'<br>\n간선버스: 503&nbsp;<br>\n지선버스: 동구9, 북구2<br>\n급행버스: 급행6</p>\n        </div>\n&&\n<div class=\"info-contents\">\n            \n            \n            <p>■ 주차 안내<br>\n- 건물 B1층, 주차타워 이용<br>\n<br>\n■ 주차 안내(인증)<br>\n- 4층 로비에서 주차 인증필수&nbsp;<br>\n<br>\n■ 주차 요금<br>\n- 영화관람시 4시간 무료(추가요금 최초 10분 500원)</p>\n\n            <!-- 사진 정보 -->\n            <p></p>\n        </div>',6),
(6,'CGV대구월성','대구광역시 달서구 월성동 1846번지 이래타워 4F\n대구광역시 달서구 조암로 29 (월성동) 이래타워 4F','https://img.cgv.co.kr/Theater/Theater/2016/1216/WOLSUNG1.jpg','<div class=\"info-contents\">\n            \n            <p>■ 지하철 이용 시<br>\n- 1호선 상인역 2번 출구/ 월배역 4번 출구 도보 15분 거리<br>\n<br>\n■ 버스 이용 시<br>\n(월성e-편한세상앞\' 정류장 하차)<br>\n- 간선버스 : 306, 356, 623, 651, 706<br>\n- 지선버스 : 달서3, 달서4-1,달서5<br>\n- 급행버스 : 급행6<br>\n(조암 초등학교 앞\' 정류장 하차)<br>\n-간선버스 : 609</p>\n        </div>\n&&\n<div class=\"info-contents\">\n            \n            \n            ■ 주차 안내<br>\n- 건물 뒷편 주차장 입구로 진입하여 B1~B2층 주차장 이용<br>\n<br>\n■ 주차 확인(인증 방법)<br>\n- 4층 로비 및 5,7층 상영관 입구에 위치한 주차 등록 PC를 이용하여 셀프 등록 필수<br>\n<br>\n■ 주차 요금<br>\n- 영화 관람 시 입차 시간 기준 4시간 무료 (4시간 초과 시 10분당 1,000원)\n\n            <!-- 사진 정보 -->\n            <p><br>\n<br>\n&nbsp;</p>\n        </div>',6),
(7,'CGV대구죽전','대구광역시 달서구 죽전동 273\n대구광역시 달서구 달구벌대로 1551 죽전역골든타워 8층','https://img.cgv.co.kr/Theater/Theater/2023/0710/16889482399880.jpg','<div class=\"info-contents\">\n            \n            * 지하철 이용 시 대구 2호선 죽전역 1번 출구 앞<br>\n* 버스 이용 시<br>\n① 죽전네거리 하차 : 405번, 425번, 509번, 527번, 달서5번, 성서2번, 250(좌석)<br>\n② 죽전역 하차 : 서구1-1번, 급행8번\n        </div>\n&&\n<div class=\"info-contents\">\n            \n            \n            ■ 주차 안내<br>\n- 주차장입구는 죽전역 골든타워 뒷길에 있습니다.<br>\n<br>\n■ 주차 확인(인증 방법)<br>\n&nbsp;-8층 CGV 티켓키오스크 혹은 모바일티켓 하단 주차인증 가능<br>\n<br>\n■ 주차 요금<br>\n- 당일 티켓 인증 시 3시간 무료<br>\n※ 2편 이상 관람 시에도 최대 3시간 무료 적용\n\n            <!-- 사진 정보 -->\n            <p></p>\n        </div>',6),
(8,'CGV대구한일','대구광역시 중구 동성로 2가 88-22 씨네시티한일 7층\n대구광역시 중구 동성로 39, 7층(성내1동)','https://img.cgv.co.kr/Theater/Theater/2024/0115/17053043368090.jpg','<div class=\"info-contents\">\n            \n            <p>지하철<br>\n<br>\n1호선 │ 중앙로역 2번 출구<br>\n<br>\n버스</p>\n\n<p>&nbsp;</p>\n\n<p>&nbsp;</p>\n\n<p>간선버스 : 425 / 724 / 309 / 156 / 323 / 980 / 939 /427 / 521</p>\n\n<p>&nbsp;</p>\n\n<p>&nbsp;</p>\n\n<p>급행버스:1 / 2 / 3</p>\n\n<p>지선버스 : 북구2번/ 동구1-1 / 가창2 /북구3 / 동구1 / 동구2</p>\n\n<p>일반버스 : 990번</p>\n        </div>\n&&\n<div class=\"info-contents\">\n            \n            \n            <p>■ 주차 안내<br>\n- 씨네시티한일 주차장 지하 3층(제한높이 2.1m 이하)<br>\n- 승용차는 입차시 주차타워 우선 주차<br>\n- 대형, R/V등의 차량은 주차타워 外 가능</p>\n\n<p>■ 주차 확인(인증방법)<br>\n- CGV 7층 주차인증 PC 차량등록 등록 필요</p>\n\n<p>■ 주차요금<br>\n&nbsp;- 영화 관람시 3시간 무료<br>\n&nbsp;&nbsp; ※ 3시간 초과 영화관람시 4시간 무료<br>\n&nbsp;- 이후 10분당 1,000원</p>\n\n<p>&nbsp;</p>\n\n            <!-- 사진 정보 -->\n            <p></p>\n        </div>',6),
(9,'CGV대구현대','대구광역시 중구 계산동2가 200번지 지하 2층\n대구광역시 중구 달구벌대로 2077, 지하2층(계산동2가)','https://img.cgv.co.kr/Theater/Theater/2024/0111/17049323881310.jpg','<div class=\"info-contents\">\n \n            <p>■ 지하철<br>\n- 1, 2호선 지하철 환승역(반월당역) 18번 출구 하차<br>\n<br>\n■ 버스<br>\n- 일반: 990번, 991번<br>\n- 간선 : 405번, 609번, 840번, 909번<br>\n- 지선 : 북구2번<br>\n- 급행: 2번<br>\n<br>\n■&nbsp;CGV대구현대 백화점 개점 전/폐점 후/휴점 시 이동동선<br>\n- 백화점 1층 후문 안 엘리베이터 이용하여 지하 2층 하차<br>\n- CGV전용 외부계단 이용</p>\n        </div>\n&&\n<div class=\"info-contents\">\n            \n            \n            ■ 주차 안내<br>\n- 백화점 영업일 : 메트로 주차장 이용 (백화점 지하/옥외(별관)주차장 정산 불가)<br>\n- 백화점 휴점일 : 백화점 지하 주차장 이용 (메트로 주차장 정산 불가)<br>\n<br>\n■ 주차 확인(인증 방법)<br>\n- CGV 매표소에서 티켓 인증 후 차량번호 등록<br>\n<br>\n■ 주차 요금<br>\n- CGV 매표소에서 차량번호 등록 후 무료출차 가능<br>\n: 백화점 영업일_메트로 주차장 4시간 무료 적용(영화 2편 이상을 관람해도 최대 4시간 무료 적용)<br>\n: 백화점 휴점일_백화점 지하주차장 2시간 무료 적용\n\n            <!-- 사진 정보 -->\n            <p></p><p><strong>[메트로주차장 진입방법]</strong></p>\n\n<p>&nbsp;① 반월당네거리에서 메트로주차장 입구로 진입</p>\n\n<p><img alt=\"\" height=\"174\" src=\"http://img.cgv.co.kr/Pub/ImgUrl/2021/0630/16250139115380.JPG\" width=\"300\"></p>\n\n<p>&nbsp;</p>\n\n<p>&nbsp; ② 현대백화점 대구점&nbsp;지하주차장 출입구로 진입하여</p>\n\n<p>&nbsp;&nbsp; <strong>지하 3층 \"CGV 전용 주차장\" 안내 표지&nbsp;앞에서 비상등 점멸</strong> 후</p>\n\n<p>&nbsp;&nbsp; 주차요원 안내에 따라 좌측 메트로주차장으로 진입</p>\n\n<p><img alt=\"\" height=\"358\" src=\"http://img.cgv.co.kr/Pub/ImgUrl/2021/0630/16250139190050.JPG\" width=\"300\"></p>\n\n<p>&nbsp;</p>\n\n<p>&nbsp;</p><p></p>\n        </div>',6);
/*!40000 ALTER TABLE `theater` ENABLE KEYS */;
UNLOCK TABLES;

--
-- Table structure for table `user`
--

DROP TABLE IF EXISTS `user`;
/*!40101 SET @saved_cs_client     = @@character_set_client */;
/*!40101 SET character_set_client = utf8 */;
CREATE TABLE `user` (
  `us_num` int(10) unsigned NOT NULL AUTO_INCREMENT,
  `us_id` varchar(20) NOT NULL,
  `us_pw` varchar(100) NOT NULL,
  `us_name` varchar(15) NOT NULL,
  `us_nickname` varchar(10) DEFAULT NULL,
  `us_birth` date NOT NULL,
  `us_gender` char(1) NOT NULL,
  `us_email` varchar(128) NOT NULL,
  `us_contact` varchar(13) NOT NULL,
  `us_addr` varchar(100) NOT NULL,
  `us_created_at` datetime NOT NULL,
  `us_updated_at` datetime DEFAULT NULL,
  `us_is_deleted` tinyint(1) NOT NULL DEFAULT 0,
  `us_is_admin` tinyint(1) NOT NULL DEFAULT 0,
  `us_is_suspended` tinyint(1) NOT NULL DEFAULT 0,
  `us_verified` tinyint(1) NOT NULL DEFAULT 0,
  `us_social_type_code` varchar(10) DEFAULT NULL,
  `us_social_id` varchar(50) DEFAULT NULL,
  PRIMARY KEY (`us_num`),
  UNIQUE KEY `us_email` (`us_email`),
  UNIQUE KEY `us_social_id` (`us_social_id`),
  UNIQUE KEY `user_pk` (`us_social_type_code`),
  CONSTRAINT `user_social_types_code_fk` FOREIGN KEY (`us_social_type_code`) REFERENCES `social_types` (`code`) ON DELETE SET NULL ON UPDATE CASCADE
) ENGINE=InnoDB AUTO_INCREMENT=10008 DEFAULT CHARSET=utf8mb4 COLLATE=utf8mb4_general_ci;
/*!40101 SET character_set_client = @saved_cs_client */;

--
-- Dumping data for table `user`
--

LOCK TABLES `user` WRITE;
/*!40000 ALTER TABLE `user` DISABLE KEYS */;
INSERT INTO `user` VALUES
(1,'admin0001','$2a$10$2mNCCH7Ljoa62hDLfcYY5u6qgMRtl7aZNsTKRn.Osn1rHawcN2Ad.','관리자','판리자','1994-07-12','M','nyeonjae94@gmail.com','01000010001','03054 서울 종로구 청와대로 73  (팔판동)','2024-12-25 17:15:55','2024-12-25 17:15:55',0,1,0,1,NULL,NULL),
(2,'wjsguswo3','$2a$10$H3AxV7I1VFzhzRKYP2BGXunM5Zw88uJKDWS5DxZ2CjK7b2z35mx.e','전현재','대머리전현재','1994-08-15','F','wjsguswo3@naver.com','01063253624','41191 대구 동구 경대로 126 대구 동구 신암동 1870  (신암동, 해링턴플레이스동대구아파트)','2024-12-08 22:34:58','2024-12-08 22:34:58',0,0,0,1,NULL,NULL),
(39,'av1967','$2a$10$XbhLv53RINXXdP4MuTVcS.mrCbztcXhHRvCSv206yDFLAxsPWqNAS','박재형','에스커스','1998-10-09','M','av1967@naver.com','01011111111','41943 대구 중구 중앙대로 366 대구 중구 덕산동 96-15  (덕산동)','2024-12-19 12:15:01','2024-12-19 12:15:01',0,1,0,1,NULL,NULL),
(40,'admin123','$2a$10$hUcq.WGnDpGeJwFfZMO0CehGXkmT8ugw2gQ3gtxZf8dzYVh1b3vCm','김종욱','곤륜산안가본포항인','1900-01-01','M','kydmsqls@naver.com','01010101010','02830 서울 성북구 아리랑로 3   (동소문동6가)','2024-12-20 12:28:25','2024-12-20 12:28:25',0,1,0,1,NULL,NULL),
(9999,'춘식123','$2a$10$UQjQsC5W1QJh9YD05sDV/OqPaCId/6m.ZWeeV9PbNV2L05HYokxBy','퇴출자','영구결번','1900-01-01','M','영영나가도록@naver.com','01000000000','니 집은 반월당 13번 출구 23번째 계단이여','2024-12-13 12:06:07','2024-12-13 12:06:07',0,0,1,1,NULL,NULL);
/*!40000 ALTER TABLE `user` ENABLE KEYS */;
UNLOCK TABLES;
/*!40103 SET TIME_ZONE=@OLD_TIME_ZONE */;

/*!40101 SET SQL_MODE=@OLD_SQL_MODE */;
/*!40014 SET FOREIGN_KEY_CHECKS=@OLD_FOREIGN_KEY_CHECKS */;
/*!40014 SET UNIQUE_CHECKS=@OLD_UNIQUE_CHECKS */;
/*!40101 SET CHARACTER_SET_CLIENT=@OLD_CHARACTER_SET_CLIENT */;
/*!40101 SET CHARACTER_SET_RESULTS=@OLD_CHARACTER_SET_RESULTS */;
/*!40101 SET COLLATION_CONNECTION=@OLD_COLLATION_CONNECTION */;
/*M!100616 SET NOTE_VERBOSITY=@OLD_NOTE_VERBOSITY */;

-- Dump completed on 2025-01-06  9:18:12
